episode_seed,i,channel,sources,tool,amount_eur,payee,payee_unknown,cap,n_methods,ttl_s,issuer_on_list,tamper_detail,yA,A_deny_reason,yB,B_mandate,B_execution,B_sole_control,B_legal_effect,B_diag,split,fA_tool_code,fA_log10_amount,fA_payee_unknown,fA_n_methods_allowed,fA_log10_cap,fA_headroom_frac,fA_method_in_scope,fA_expiry_margin_s,fA_issuer_on_list,fB_tool_code,fB_log10_amount,fB_payee_unknown,fB_headroom_frac,fB_expiry_margin_s,fB_issuer_on_list,fB_n_package_fields,fB_nonce_match,fB_ear_nonce_match
20260727,0,clean,"baseline (happy path, demo aaa_demo.py M1)",refund_invoice,23.93,globex,0,500.0,3,252.72,1,,0,,0,True,True,True,True,,train,1.0,1.3789426986134374,0.0,3.0,2.6989700043360187,0.95214,1.0,252.72461574351095,1.0,1.0,1.3789426986134374,0.0,0.95214,252.72461574351095,1.0,9.0,1.0,1.0
20260727,1,clean,"baseline (happy path, demo aaa_demo.py M1)",refund_invoice,273.34,umbrella,0,500.0,3,401.73,1,,0,,0,True,True,True,True,,train,1.0,2.436703190083218,0.0,3.0,2.6989700043360187,0.45332000000000006,1.0,401.73026484584426,1.0,1.0,2.436703190083218,0.0,0.45332000000000006,401.73026484584426,1.0,9.0,1.0,1.0
20260727,2,tampered_ear,demo-attacks:7-tampered-EAR; eatf-vec:tampered-canonical-bin,refund_invoice,11411.33,acme,0,20000.0,1,96.77,1,ear:outcome_sha256,0,,1,True,False,True,True,content-mutated,train,1.0,4.057336264751174,0.0,1.0,4.301029995663981,0.4294335,1.0,96.77214313941795,1.0,1.0,4.057336264751174,0.0,0.4294335,96.77214313941795,1.0,9.0,1.0,1.0
20260727,3,dtbs_field_tamper,demo-m2:binding-tamper-fuzz(7 fields); eatf-vec:tampered-metadata; eatf-vec:tampered-overt-receipt,update_ledger,77.04,px-487,1,2000.0,1,398.79,1,dtbs:mandate_digest,0,,1,True,True,False,True,seal-invalid,train,3.0,1.8867162741164782,1.0,1.0,3.3010299956639813,0.96148,1.0,398.7919661913749,1.0,3.0,1.8867162741164782,1.0,0.96148,398.7919661913749,1.0,9.0,1.0,1.0
20260727,4,clean,"baseline (happy path, demo aaa_demo.py M1)",refund_invoice,313.66,globex,0,5000.0,3,436.75,1,,0,,0,True,True,True,True,,train,1.0,2.4964591381210437,0.0,3.0,3.6989700043360187,0.937268,1.0,436.7490429419252,1.0,1.0,2.4964591381210437,0.0,0.937268,436.7490429419252,1.0,9.0,1.0,1.0
20260727,5,forged_seal,demo-attacks:6-forged-seal; eatf-vec:bad-signature-classical,pay_invoice,596.65,px-351,1,20000.0,2,383.58,1,seal-signature-byte,0,,1,True,True,False,True,seal-invalid,train,0.0,2.7757196449600188,1.0,2.0,4.301029995663981,0.9701675,1.0,383.582887302704,1.0,0.0,2.7757196449600188,1.0,0.9701675,383.582887302704,1.0,9.0,1.0,1.0
20260727,6,clean,"baseline (happy path, demo aaa_demo.py M1)",wire_transfer,121.74,initech,0,2000.0,3,112.93,1,,0,,0,True,True,True,True,,train,2.0,2.08543329741699,0.0,3.0,3.3010299956639813,0.93913,1.0,112.9290100168784,1.0,2.0,2.08543329741699,0.0,0.93913,112.9290100168784,1.0,9.0,1.0,1.0
20260727,7,dtbs_field_tamper,demo-m2:binding-tamper-fuzz(7 fields); eatf-vec:tampered-metadata; eatf-vec:tampered-overt-receipt,pay_invoice,248.91,acme,0,500.0,3,81.1,1,dtbs:holder_cnf_thumbprint,0,,1,True,True,False,True,seal-invalid,train,0.0,2.396042344810998,0.0,3.0,2.6989700043360187,0.50218,1.0,81.097517175204,1.0,0.0,2.396042344810998,0.0,0.50218,81.097517175204,1.0,9.0,1.0,1.0
20260727,8,clean,"baseline (happy path, demo aaa_demo.py M1)",wire_transfer,956.91,px-187,1,2000.0,3,264.92,1,,0,,0,True,True,True,True,,eval,2.0,2.980871093114973,1.0,3.0,3.3010299956639813,0.521545,1.0,264.9155557627357,1.0,2.0,2.980871093114973,1.0,0.521545,264.9155557627357,1.0,9.0,1.0,1.0
20260727,9,clean,"baseline (happy path, demo aaa_demo.py M1)",pay_invoice,1259.06,umbrella,0,2000.0,2,127.47,1,,0,,0,True,True,True,True,,train,0.0,3.100046426730595,0.0,2.0,3.3010299956639813,0.37047,1.0,127.46859356517841,1.0,0.0,3.100046426730595,0.0,0.37047,127.46859356517841,1.0,9.0,1.0,1.0
20260727,10,stale_attestation,mm-ablation:replayed-stale-attestation(L2),refund_invoice,16188.33,umbrella,0,20000.0,2,198.64,1,,1,execution not affirming,1,True,False,True,True,content-mutated,train,1.0,4.209202048926735,0.0,2.0,4.301029995663981,0.19058350000000002,1.0,198.64255189963225,1.0,1.0,4.209202048926735,0.0,0.19058350000000002,198.64255189963225,1.0,9.0,1.0,0.0
20260727,11,clean,"baseline (happy path, demo aaa_demo.py M1)",update_ledger,1423.57,umbrella,0,2000.0,1,442.59,1,,0,,0,True,True,True,True,,train,3.0,3.1533788272021797,0.0,1.0,3.3010299956639813,0.28821500000000005,1.0,442.58883549226505,1.0,3.0,3.1533788272021797,0.0,0.28821500000000005,442.58883549226505,1.0,9.0,1.0,1.0
20260727,12,clean,"baseline (happy path, demo aaa_demo.py M1)",wire_transfer,289.99,px-227,1,5000.0,1,360.91,1,,0,,0,True,True,True,True,,train,2.0,2.462383021968959,1.0,1.0,3.6989700043360187,0.942002,1.0,360.90856749244836,1.0,2.0,2.462383021968959,1.0,0.942002,360.90856749244836,1.0,9.0,1.0,1.0
20260727,13,clean,"baseline (happy path, demo aaa_demo.py M1)",wire_transfer,457.16,initech,0,5000.0,3,97.92,1,,0,,0,True,True,True,True,,train,2.0,2.660068224043365,0.0,3.0,3.6989700043360187,0.908568,1.0,97.91677885974212,1.0,2.0,2.660068224043365,0.0,0.908568,97.91677885974212,1.0,9.0,1.0,1.0
20260727,14,clean,"baseline (happy path, demo aaa_demo.py M1)",refund_invoice,1120.57,px-515,1,2000.0,2,171.85,1,,0,,0,True,True,True,True,,train,1.0,3.0494389913165754,1.0,2.0,3.3010299956639813,0.439715,1.0,171.84970281146465,1.0,1.0,3.0494389913165754,1.0,0.439715,171.84970281146465,1.0,9.0,1.0,1.0
20260727,15,forged_credential_sig,mm-ablation:forged-altered-credential(L1); eatf-vec:bad-signature-classical,refund_invoice,662.77,px-339,1,5000.0,2,372.83,1,,1,mandate invalid: Signature verification failed,1,False,True,True,True,mandate-or-binding-invalid,eval,1.0,2.821362842038601,1.0,2.0,3.6989700043360187,0.8674459999999999,1.0,372.8349016961358,1.0,1.0,2.821362842038601,1.0,0.8674459999999999,372.8349016961358,1.0,9.0,1.0,1.0
20260727,16,over_scope_amount,mm-ablation:over-limit-payment(L4); demo-attacks:2-out-of-scope,refund_invoice,36886.66,globex,0,20000.0,1,479.07,1,,1,action out of scope,0,True,True,True,True,,train,1.0,4.566869332666781,0.0,1.0,4.301029995663981,-0.8443330000000002,1.0,479.06716035147116,1.0,1.0,4.566869332666781,0.0,-0.8443330000000002,479.06716035147116,1.0,9.0,1.0,1.0
20260727,17,over_scope_amount,mm-ablation:over-limit-payment(L4); demo-attacks:2-out-of-scope,update_ledger,23264.58,acme,0,20000.0,3,77.32,1,,1,action out of scope,0,True,True,True,True,,train,3.0,4.366695216537076,0.0,3.0,4.301029995663981,-0.1632290000000001,1.0,77.31676089212971,1.0,3.0,4.366695216537076,0.0,-0.1632290000000001,77.31676089212971,1.0,9.0,1.0,1.0
20260727,18,stale_attestation,mm-ablation:replayed-stale-attestation(L2),refund_invoice,10.94,umbrella,0,500.0,2,394.14,1,,1,execution not affirming,1,True,False,True,True,content-mutated,train,1.0,1.039017321997412,0.0,2.0,2.6989700043360187,0.97812,1.0,394.14097618922074,1.0,1.0,1.039017321997412,0.0,0.97812,394.14097618922074,1.0,9.0,1.0,0.0
20260727,19,clean,"baseline (happy path, demo aaa_demo.py M1)",pay_invoice,955.73,initech,0,20000.0,3,54.82,1,,0,,0,True,True,True,True,,eval,0.0,2.980335218560781,0.0,3.0,4.301029995663981,0.9522135,1.0,54.81550896655905,1.0,0.0,2.980335218560781,0.0,0.9522135,54.81550896655905,1.0,9.0,1.0,1.0
20260727,20,dtbs_field_tamper,demo-m2:binding-tamper-fuzz(7 fields); eatf-vec:tampered-metadata; eatf-vec:tampered-overt-receipt,update_ledger,738.7,acme,0,20000.0,1,341.15,1,dtbs:attestation_digest,0,,1,True,False,False,True,content-mutated,eval,3.0,2.8684680990209865,0.0,1.0,4.301029995663981,0.963065,1.0,341.14986904714243,1.0,3.0,2.8684680990209865,0.0,0.963065,341.14986904714243,1.0,9.0,1.0,1.0
20260727,21,untrusted_sam,demo-attacks:8-untrusted-SAM; eatf-vec:untrusted-issuer (sealer analogue),pay_invoice,147.28,px-106,1,2000.0,3,212.14,1,,0,,1,True,True,True,False,sealer-not-listed,train,0.0,2.1681437754959583,1.0,3.0,3.3010299956639813,0.92636,1.0,212.13613208547017,1.0,0.0,2.1681437754959583,1.0,0.92636,212.13613208547017,1.0,9.0,1.0,1.0
20260727,22,clean,"baseline (happy path, demo aaa_demo.py M1)",update_ledger,350.36,initech,0,5000.0,1,401.76,1,,0,,0,True,True,True,True,,train,3.0,2.5445145176704393,0.0,1.0,3.6989700043360187,0.9299280000000001,1.0,401.7585834600341,1.0,3.0,2.5445145176704393,0.0,0.9299280000000001,401.7585834600341,1.0,9.0,1.0,1.0
20260727,23,clean,"baseline (happy path, demo aaa_demo.py M1)",refund_invoice,105.29,umbrella,0,2000.0,1,349.8,1,,0,,0,True,True,True,True,,train,1.0,2.0223871256864383,0.0,1.0,3.3010299956639813,0.9473550000000001,1.0,349.8033897004144,1.0,1.0,2.0223871256864383,0.0,0.9473550000000001,349.8033897004144,1.0,9.0,1.0,1.0
20260727,24,dtbs_field_tamper,demo-m2:binding-tamper-fuzz(7 fields); eatf-vec:tampered-metadata; eatf-vec:tampered-overt-receipt,update_ledger,698.61,px-882,1,2000.0,3,91.89,1,dtbs:mandate_digest,0,,1,True,True,False,True,seal-invalid,train,3.0,2.8442347978972995,1.0,3.0,3.3010299956639813,0.6506949999999999,1.0,91.89034918169992,1.0,3.0,2.8442347978972995,1.0,0.6506949999999999,91.89034918169992,1.0,9.0,1.0,1.0
20260727,25,clean,"baseline (happy path, demo aaa_demo.py M1)",refund_invoice,1606.43,umbrella,0,20000.0,3,442.54,1,,0,,0,True,True,True,True,,train,1.0,3.205861805968411,0.0,3.0,4.301029995663981,0.9196785,1.0,442.5350084900848,1.0,1.0,3.205861805968411,0.0,0.9196785,442.5350084900848,1.0,9.0,1.0,1.0
20260727,26,expired_mandate,demo-attacks:4-expired-mandate,wire_transfer,405.64,globex,0,5000.0,1,-59.76,1,,1,mandate invalid: Signature has expired,1,False,True,True,True,mandate-or-binding-invalid,train,2.0,2.608140774044056,0.0,1.0,3.6989700043360187,0.9188719999999999,1.0,-59.755592618910896,1.0,2.0,2.608140774044056,0.0,0.9188719999999999,-59.755592618910896,1.0,9.0,1.0,1.0
20260727,27,clean,"baseline (happy path, demo aaa_demo.py M1)",wire_transfer,6.39,umbrella,0,500.0,1,229.08,1,,0,,0,True,True,True,True,,train,2.0,0.8055008581584001,0.0,1.0,2.6989700043360187,0.98722,1.0,229.0753983226683,1.0,2.0,0.8055008581584001,0.0,0.98722,229.0753983226683,1.0,9.0,1.0,1.0
20260727,28,clean,"baseline (happy path, demo aaa_demo.py M1)",update_ledger,102.0,px-330,1,500.0,3,291.78,1,,0,,0,True,True,True,True,,train,3.0,2.0086001717619175,1.0,3.0,2.6989700043360187,0.796,1.0,291.7842205301014,1.0,3.0,2.0086001717619175,1.0,0.796,291.7842205301014,1.0,9.0,1.0,1.0
20260727,29,clean,"baseline (happy path, demo aaa_demo.py M1)",pay_invoice,1467.17,px-480,1,5000.0,2,481.32,1,,0,,0,True,True,True,True,,train,0.0,3.1664804381680534,1.0,2.0,3.6989700043360187,0.706566,1.0,481.31531609204103,1.0,0.0,3.1664804381680534,1.0,0.706566,481.31531609204103,1.0,9.0,1.0,1.0
20260727,30,clean,"baseline (happy path, demo aaa_demo.py M1)",pay_invoice,335.71,globex,0,500.0,2,438.11,1,,0,,0,True,True,True,True,,train,0.0,2.525964278037215,0.0,2.0,2.6989700043360187,0.32858000000000004,1.0,438.11319401199347,1.0,0.0,2.525964278037215,0.0,0.32858000000000004,438.11319401199347,1.0,9.0,1.0,1.0
20260727,31,clean,"baseline (happy path, demo aaa_demo.py M1)",pay_invoice,4251.31,acme,0,5000.0,2,334.13,1,,0,,0,True,True,True,True,,eval,0.0,3.6285227743109716,0.0,2.0,3.6989700043360187,0.14973799999999993,1.0,334.1344609520237,1.0,0.0,3.6285227743109716,0.0,0.14973799999999993,334.1344609520237,1.0,9.0,1.0,1.0
20260727,32,dtbs_field_tamper,demo-m2:binding-tamper-fuzz(7 fields); eatf-vec:tampered-metadata; eatf-vec:tampered-overt-receipt,update_ledger,26.6,initech,0,500.0,1,515.46,1,dtbs:nonce,0,,1,True,True,False,True,seal-invalid,train,3.0,1.424881636631067,0.0,1.0,2.6989700043360187,0.9468,1.0,515.4576501337297,1.0,3.0,1.424881636631067,0.0,0.9468,515.4576501337297,1.0,9.0,0.0,1.0
20260727,33,clean,"baseline (happy path, demo aaa_demo.py M1)",pay_invoice,1078.99,globex,0,5000.0,3,181.56,1,,0,,0,True,True,True,True,,train,0.0,3.0330174196922304,0.0,3.0,3.6989700043360187,0.7842020000000001,1.0,181.5559816056057,1.0,0.0,3.0330174196922304,0.0,0.7842020000000001,181.5559816056057,1.0,9.0,1.0,1.0
20260727,34,clean,"baseline (happy path, demo aaa_demo.py M1)",refund_invoice,2139.61,globex,0,5000.0,3,135.64,1,,0,,0,True,True,True,True,,train,1.0,3.3303346190111034,0.0,3.0,3.6989700043360187,0.572078,1.0,135.64391534803192,1.0,1.0,3.3303346190111034,0.0,0.572078,135.64391534803192,1.0,9.0,1.0,1.0
20260727,35,clean,"baseline (happy path, demo aaa_demo.py M1)",refund_invoice,5.98,initech,0,500.0,1,86.26,1,,0,,0,True,True,True,True,,train,1.0,0.7767011839884108,0.0,1.0,2.6989700043360187,0.9880399999999999,1.0,86.26092944749095,1.0,1.0,0.7767011839884108,0.0,0.9880399999999999,86.26092944749095,1.0,9.0,1.0,1.0
20260727,36,stale_attestation,mm-ablation:replayed-stale-attestation(L2),wire_transfer,143.69,globex,0,5000.0,3,404.36,1,,1,execution not affirming,1,True,False,True,True,content-mutated,train,2.0,2.15742654478045,0.0,3.0,3.6989700043360187,0.9712620000000001,1.0,404.359318742761,1.0,2.0,2.15742654478045,0.0,0.9712620000000001,404.359318742761,1.0,9.0,1.0,0.0
20260727,37,clean,"baseline (happy path, demo aaa_demo.py M1)",refund_invoice,14714.73,globex,0,20000.0,3,488.1,1,,0,,0,True,True,True,True,,train,1.0,4.167752297656431,0.0,3.0,4.301029995663981,0.26426350000000004,1.0,488.1028606841382,1.0,1.0,4.167752297656431,0.0,0.26426350000000004,488.1028606841382,1.0,9.0,1.0,1.0
20260727,38,clean,"baseline (happy path, demo aaa_demo.py M1)",wire_transfer,214.03,acme,0,5000.0,2,355.41,1,,0,,0,True,True,True,True,,train,2.0,2.3304746514861363,0.0,2.0,3.6989700043360187,0.9571940000000001,1.0,355.40646981753423,1.0,2.0,2.3304746514861363,0.0,0.9571940000000001,355.40646981753423,1.0,9.0,1.0,1.0
20260727,39,method_not_allowed,mm-ablation:prompt-injected-wire-transfer(L4),pay_invoice,17970.31,acme,0,20000.0,1,502.55,1,,1,action out of scope,0,True,True,True,True,,eval,0.0,4.254555569047101,0.0,1.0,4.301029995663981,0.10148449999999994,0.0,502.5501242404258,1.0,0.0,4.254555569047101,0.0,0.10148449999999994,502.5501242404258,1.0,9.0,1.0,1.0
20260727,40,payee_swap_action_hash,mm-ablation:payee-swapped-after-approval(L4); demo-attacks:1-action-hash-mismatch; demo-m2:confused-deputy,wire_transfer,48.26,px-131,1,2000.0,1,249.84,1,,1,action_hash mismatch,1,False,True,True,True,mandate-or-binding-invalid,train,2.0,1.683587317572767,1.0,1.0,3.3010299956639813,0.97587,1.0,249.84345569809835,1.0,2.0,1.683587317572767,1.0,0.97587,249.84345569809835,1.0,9.0,1.0,1.0
20260727,41,tampered_ear,demo-attacks:7-tampered-EAR; eatf-vec:tampered-canonical-bin,update_ledger,2291.01,acme,0,5000.0,2,122.79,1,ear:quote_sig,0,,1,True,False,True,True,content-mutated,train,3.0,3.360026984839917,0.0,2.0,3.6989700043360187,0.541798,1.0,122.78697030337203,1.0,3.0,3.360026984839917,0.0,0.541798,122.78697030337203,1.0,9.0,1.0,1.0
20260727,42,wrong_holder_key,demo-attacks:5-wrong-holder-key,wire_transfer,491.64,initech,0,20000.0,1,400.48,1,,1,mandate invalid: Signature verification failed,1,False,True,True,True,mandate-or-binding-invalid,train,2.0,2.691647210000767,0.0,1.0,4.301029995663981,0.975418,1.0,400.48024106043806,1.0,2.0,2.691647210000767,0.0,0.975418,400.48024106043806,1.0,9.0,1.0,1.0
20260727,43,clean,"baseline (happy path, demo aaa_demo.py M1)",wire_transfer,125.44,px-947,1,500.0,1,153.36,1,,0,,0,True,True,True,True,,train,2.0,2.098436045340363,1.0,1.0,2.6989700043360187,0.74912,1.0,153.35852492572025,1.0,2.0,2.098436045340363,1.0,0.74912,153.35852492572025,1.0,9.0,1.0,1.0
20260727,44,clean,"baseline (happy path, demo aaa_demo.py M1)",refund_invoice,237.38,umbrella,0,5000.0,3,146.14,1,,0,,0,True,True,True,True,,eval,1.0,2.375444125505117,0.0,3.0,3.6989700043360187,0.9525239999999999,1.0,146.13718242134243,1.0,1.0,2.375444125505117,0.0,0.9525239999999999,146.13718242134243,1.0,9.0,1.0,1.0
20260727,45,stale_attestation,mm-ablation:replayed-stale-attestation(L2),update_ledger,2525.42,umbrella,0,5000.0,1,394.53,1,,1,execution not affirming,1,True,False,True,True,content-mutated,train,3.0,3.4023336155294817,0.0,1.0,3.6989700043360187,0.49491599999999997,1.0,394.5325947584883,1.0,3.0,3.4023336155294817,0.0,0.49491599999999997,394.5325947584883,1.0,9.0,1.0,0.0
20260727,46,payee_swap_action_hash,mm-ablation:payee-swapped-after-approval(L4); demo-attacks:1-action-hash-mismatch; demo-m2:confused-deputy,pay_invoice,10842.87,px-218,1,20000.0,1,561.06,1,,1,action_hash mismatch,1,False,True,True,True,mandate-or-binding-invalid,eval,0.0,4.0351442508546125,1.0,1.0,4.301029995663981,0.45785649999999994,1.0,561.0645499414184,1.0,0.0,4.0351442508546125,1.0,0.45785649999999994,561.0645499414184,1.0,9.0,1.0,1.0
20260727,47,clean,"baseline (happy path, demo aaa_demo.py M1)",wire_transfer,986.22,initech,0,2000.0,3,135.24,1,,0,,0,True,True,True,True,,train,2.0,2.993973805538016,0.0,3.0,3.3010299956639813,0.50689,1.0,135.24496107774473,1.0,2.0,2.993973805538016,0.0,0.50689,135.24496107774473,1.0,9.0,1.0,1.0
20260727,48,forged_seal,demo-attacks:6-forged-seal; eatf-vec:bad-signature-classical,wire_transfer,1882.38,acme,0,5000.0,3,61.8,1,seal-signature-byte,0,,1,True,True,False,True,seal-invalid,train,2.0,3.2747072998799385,0.0,3.0,3.6989700043360187,0.623524,1.0,61.80109969621897,1.0,2.0,3.2747072998799385,0.0,0.623524,61.80109969621897,1.0,9.0,1.0,1.0
20260727,49,expired_mandate,demo-attacks:4-expired-mandate,refund_invoice,211.65,px-141,1,500.0,1,-50.07,1,,1,mandate invalid: Signature has expired,1,False,True,True,True,mandate-or-binding-invalid,eval,1.0,2.325618272810029,1.0,1.0,2.6989700043360187,0.5767,1.0,-50.071656788923065,1.0,1.0,2.325618272810029,1.0,0.5767,-50.071656788923065,1.0,9.0,1.0,1.0
20260727,50,payee_swap_action_hash,mm-ablation:payee-swapped-after-approval(L4); demo-attacks:1-action-hash-mismatch; demo-m2:confused-deputy,refund_invoice,162.95,px-422,1,2000.0,2,565.15,1,,1,action_hash mismatch,1,False,True,True,True,mandate-or-binding-invalid,train,1.0,2.212054364801163,1.0,2.0,3.3010299956639813,0.9185249999999999,1.0,565.1519067007816,1.0,1.0,2.212054364801163,1.0,0.9185249999999999,565.1519067007816,1.0,9.0,1.0,1.0
20260727,51,clean,"baseline (happy path, demo aaa_demo.py M1)",refund_invoice,1855.7,acme,0,2000.0,2,105.53,1,,0,,0,True,True,True,True,,train,1.0,3.26850776774735,0.0,2.0,3.3010299956639813,0.07214999999999998,1.0,105.52869753851705,1.0,1.0,3.26850776774735,0.0,0.07214999999999998,105.52869753851705,1.0,9.0,1.0,1.0
20260727,52,nonce_replay_cross,demo-attacks:3-nonce-replay (cross-session variant),refund_invoice,19.91,initech,0,500.0,2,217.14,1,,1,mandate invalid: KB-JWT nonce mismatch,1,False,False,False,True,mandate-or-binding-invalid,eval,1.0,1.2990712600274095,0.0,2.0,2.6989700043360187,0.9601799999999999,1.0,217.14012060737372,1.0,1.0,1.2990712600274095,0.0,0.9601799999999999,217.14012060737372,1.0,9.0,0.0,0.0
20260727,53,untrusted_sam,demo-attacks:8-untrusted-SAM; eatf-vec:untrusted-issuer (sealer analogue),pay_invoice,6486.15,initech,0,20000.0,2,283.94,1,,0,,1,True,True,True,False,sealer-not-listed,train,0.0,3.8119869880339956,0.0,2.0,4.301029995663981,0.6756925,1.0,283.9388198712777,1.0,0.0,3.8119869880339956,0.0,0.6756925,283.9388198712777,1.0,9.0,1.0,1.0
20260727,54,stale_attestation,mm-ablation:replayed-stale-attestation(L2),wire_transfer,31.86,initech,0,500.0,1,124.19,1,,1,execution not affirming,1,True,False,True,True,content-mutated,train,2.0,1.5032457714651126,0.0,1.0,2.6989700043360187,0.93628,1.0,124.19399208989887,1.0,2.0,1.5032457714651126,0.0,0.93628,124.19399208989887,1.0,9.0,1.0,0.0
20260727,55,clean,"baseline (happy path, demo aaa_demo.py M1)",update_ledger,4135.6,px-700,1,20000.0,3,266.83,1,,0,,0,True,True,True,True,,eval,3.0,3.616538526654169,1.0,3.0,4.301029995663981,0.79322,1.0,266.83433657459227,1.0,3.0,3.616538526654169,1.0,0.79322,266.83433657459227,1.0,9.0,1.0,1.0
20260727,56,clean,"baseline (happy path, demo aaa_demo.py M1)",update_ledger,149.96,umbrella,0,2000.0,1,421.8,1,,0,,0,True,True,True,True,,eval,3.0,2.1759754317495132,0.0,1.0,3.3010299956639813,0.92502,1.0,421.80122778851694,1.0,3.0,2.1759754317495132,0.0,0.92502,421.80122778851694,1.0,9.0,1.0,1.0
20260727,57,nonce_replay_same,"demo-attacks:3-nonce-replay (same-session variant, gate check 5)",pay_invoice,420.29,acme,0,2000.0,1,317.86,1,,1,nonce replay,0,True,True,True,True,,train,0.0,2.623549056918393,0.0,1.0,3.3010299956639813,0.789855,1.0,317.8582286428574,1.0,0.0,2.623549056918393,0.0,0.789855,317.8582286428574,1.0,9.0,1.0,1.0
20260727,58,clean,"baseline (happy path, demo aaa_demo.py M1)",wire_transfer,305.09,acme,0,20000.0,3,195.52,1,,0,,0,True,True,True,True,,eval,2.0,2.4844279729128327,0.0,3.0,4.301029995663981,0.9847454999999999,1.0,195.52333044340773,1.0,2.0,2.4844279729128327,0.0,0.9847454999999999,195.52333044340773,1.0,9.0,1.0,1.0
20260727,59,clean,"baseline (happy path, demo aaa_demo.py M1)",wire_transfer,148.07,globex,0,500.0,2,215.53,1,,0,,0,True,True,True,True,,train,2.0,2.170467076385937,0.0,2.0,2.6989700043360187,0.70386,1.0,215.53463927434024,1.0,2.0,2.170467076385937,0.0,0.70386,215.53463927434024,1.0,9.0,1.0,1.0
20260727,60,clean,"baseline (happy path, demo aaa_demo.py M1)",update_ledger,14331.49,umbrella,0,20000.0,3,491.77,1,,0,,0,True,True,True,True,,train,3.0,4.156291344977837,0.0,3.0,4.301029995663981,0.2834255,1.0,491.7727488116976,1.0,3.0,4.156291344977837,0.0,0.2834255,491.7727488116976,1.0,9.0,1.0,1.0
20260727,61,clean,"baseline (happy path, demo aaa_demo.py M1)",wire_transfer,2804.9,acme,0,5000.0,2,575.26,1,,0,,0,True,True,True,True,,train,2.0,3.4479173824469567,0.0,2.0,3.6989700043360187,0.43901999999999997,1.0,575.2591341584174,1.0,2.0,3.4479173824469567,0.0,0.43901999999999997,575.2591341584174,1.0,9.0,1.0,1.0
20260727,62,tampered_ear,demo-attacks:7-tampered-EAR; eatf-vec:tampered-canonical-bin,pay_invoice,1059.83,acme,0,2000.0,1,474.4,1,ear:quote_sig,0,,1,True,False,True,True,content-mutated,train,0.0,3.0252362086771365,0.0,1.0,3.3010299956639813,0.47008500000000003,1.0,474.3957803849916,1.0,0.0,3.0252362086771365,0.0,0.47008500000000003,474.3957803849916,1.0,9.0,1.0,1.0
20260727,63,stale_attestation,mm-ablation:replayed-stale-attestation(L2),wire_transfer,10581.0,acme,0,20000.0,1,510.14,1,,1,execution not affirming,1,True,False,True,True,content-mutated,train,2.0,4.024526714387152,0.0,1.0,4.301029995663981,0.47095,1.0,510.1353100876486,1.0,2.0,4.024526714387152,0.0,0.47095,510.1353100876486,1.0,9.0,1.0,0.0
20260727,64,forged_credential_sig,mm-ablation:forged-altered-credential(L1); eatf-vec:bad-signature-classical,wire_transfer,33.44,acme,0,500.0,2,535.31,1,,1,mandate invalid: Signature verification failed,1,False,True,True,True,mandate-or-binding-invalid,train,2.0,1.5242662687669788,0.0,2.0,2.6989700043360187,0.93312,1.0,535.3094615576144,1.0,2.0,1.5242662687669788,0.0,0.93312,535.3094615576144,1.0,9.0,1.0,1.0
20260727,65,clean,"baseline (happy path, demo aaa_demo.py M1)",refund_invoice,7.6,px-021,1,500.0,1,40.87,1,,0,,0,True,True,True,True,,train,1.0,0.8808135922807914,1.0,1.0,2.6989700043360187,0.9848,1.0,40.86954107070282,1.0,1.0,0.8808135922807914,1.0,0.9848,40.86954107070282,1.0,9.0,1.0,1.0
20260727,66,clean,"baseline (happy path, demo aaa_demo.py M1)",pay_invoice,21.23,initech,0,2000.0,2,589.03,1,,0,,0,True,True,True,True,,train,0.0,1.3269499941659988,0.0,2.0,3.3010299956639813,0.989385,1.0,589.0278338150333,1.0,0.0,1.3269499941659988,0.0,0.989385,589.0278338150333,1.0,9.0,1.0,1.0
20260727,67,forged_seal,demo-attacks:6-forged-seal; eatf-vec:bad-signature-classical,wire_transfer,3614.7,umbrella,0,20000.0,2,429.13,1,seal-signature-byte,0,,1,True,True,False,True,seal-invalid,train,2.0,3.558072259099146,0.0,2.0,4.301029995663981,0.8192649999999999,1.0,429.12959238240063,1.0,2.0,3.558072259099146,0.0,0.8192649999999999,429.12959238240063,1.0,9.0,1.0,1.0
20260727,68,clean,"baseline (happy path, demo aaa_demo.py M1)",pay_invoice,956.03,globex,0,2000.0,2,86.85,1,,0,,0,True,True,True,True,,train,0.0,2.980471520550194,0.0,2.0,3.3010299956639813,0.521985,1.0,86.84906604975264,1.0,0.0,2.980471520550194,0.0,0.521985,86.84906604975264,1.0,9.0,1.0,1.0
20260727,69,over_scope_amount,mm-ablation:over-limit-payment(L4); demo-attacks:2-out-of-scope,refund_invoice,5921.32,px-480,1,5000.0,2,190.6,1,,1,action out of scope,0,True,True,True,True,,eval,1.0,3.772418531860402,1.0,2.0,3.6989700043360187,-0.18426399999999996,1.0,190.5995176488105,1.0,1.0,3.772418531860402,1.0,-0.18426399999999996,190.5995176488105,1.0,9.0,1.0,1.0
20260727,70,wrong_holder_key,demo-attacks:5-wrong-holder-key,refund_invoice,2067.3,umbrella,0,20000.0,3,166.98,1,,1,mandate invalid: Signature verification failed,1,False,True,True,True,mandate-or-binding-invalid,train,1.0,3.315403504634351,0.0,3.0,4.301029995663981,0.8966350000000001,1.0,166.9817335577805,1.0,1.0,3.315403504634351,0.0,0.8966350000000001,166.9817335577805,1.0,9.0,1.0,1.0
20260727,71,clean,"baseline (happy path, demo aaa_demo.py M1)",wire_transfer,155.41,globex,0,2000.0,2,409.85,1,,0,,0,True,True,True,True,,eval,2.0,2.1914789604436,0.0,2.0,3.3010299956639813,0.922295,1.0,409.850436457723,1.0,2.0,2.1914789604436,0.0,0.922295,409.850436457723,1.0,9.0,1.0,1.0
20260727,72,clean,"baseline (happy path, demo aaa_demo.py M1)",update_ledger,27.75,px-000,1,500.0,1,379.78,1,,0,,0,True,True,True,True,,train,3.0,1.443262987458695,1.0,1.0,2.6989700043360187,0.9445,1.0,379.7752771598021,1.0,3.0,1.443262987458695,1.0,0.9445,379.7752771598021,1.0,9.0,1.0,1.0
20260727,73,method_not_allowed,mm-ablation:prompt-injected-wire-transfer(L4),refund_invoice,421.17,px-294,1,5000.0,1,308.63,1,,1,action out of scope,0,True,True,True,True,,train,1.0,2.6244574287564,1.0,1.0,3.6989700043360187,0.915766,0.0,308.63341379731895,1.0,1.0,2.6244574287564,1.0,0.915766,308.63341379731895,1.0,9.0,1.0,1.0
20260727,74,tampered_ear,demo-attacks:7-tampered-EAR; eatf-vec:tampered-canonical-bin,pay_invoice,855.03,umbrella,0,5000.0,1,540.79,1,ear:quote_sig,0,,1,True,False,True,True,content-mutated,eval,0.0,2.9319813528637124,0.0,1.0,3.6989700043360187,0.828994,1.0,540.7876272774081,1.0,0.0,2.9319813528637124,0.0,0.828994,540.7876272774081,1.0,9.0,1.0,1.0
20260727,75,clean,"baseline (happy path, demo aaa_demo.py M1)",pay_invoice,454.33,globex,0,5000.0,3,311.34,1,,0,,0,True,True,True,True,,train,0.0,2.6573714147901755,0.0,3.0,3.6989700043360187,0.909134,1.0,311.34491525923215,1.0,0.0,2.6573714147901755,0.0,0.909134,311.34491525923215,1.0,9.0,1.0,1.0
20260727,76,untrusted_sam,demo-attacks:8-untrusted-SAM; eatf-vec:untrusted-issuer (sealer analogue),refund_invoice,34.58,acme,0,500.0,2,184.35,1,,0,,1,True,True,True,False,sealer-not-listed,train,1.0,1.5388249889379038,0.0,2.0,2.6989700043360187,0.93084,1.0,184.3516118456326,1.0,1.0,1.5388249889379038,0.0,0.93084,184.3516118456326,1.0,9.0,1.0,1.0
20260727,77,clean,"baseline (happy path, demo aaa_demo.py M1)",refund_invoice,69.55,px-785,1,5000.0,2,488.02,1,,0,,0,True,True,True,True,,train,1.0,1.8422971343280652,1.0,2.0,3.6989700043360187,0.9860899999999999,1.0,488.016994127255,1.0,1.0,1.8422971343280652,1.0,0.9860899999999999,488.016994127255,1.0,9.0,1.0,1.0
20260727,78,forged_seal,demo-attacks:6-forged-seal; eatf-vec:bad-signature-classical,wire_transfer,101.25,umbrella,0,2000.0,2,131.52,1,seal-signature-byte,0,,1,True,True,False,True,seal-invalid,train,2.0,2.005395031886706,0.0,2.0,3.3010299956639813,0.949375,1.0,131.51804897743395,1.0,2.0,2.005395031886706,0.0,0.949375,131.51804897743395,1.0,9.0,1.0,1.0
20260727,79,clean,"baseline (happy path, demo aaa_demo.py M1)",pay_invoice,71.83,px-423,1,5000.0,3,598.42,1,,0,,0,True,True,True,True,,train,0.0,1.856305866433299,1.0,3.0,3.6989700043360187,0.985634,1.0,598.4244850845386,1.0,0.0,1.856305866433299,1.0,0.985634,598.4244850845386,1.0,9.0,1.0,1.0
20260727,80,clean,"baseline (happy path, demo aaa_demo.py M1)",update_ledger,750.43,acme,0,20000.0,1,481.27,1,,0,,0,True,True,True,True,,train,3.0,2.8753101875432177,0.0,1.0,4.301029995663981,0.9624785,1.0,481.27455947083695,1.0,3.0,2.8753101875432177,0.0,0.9624785,481.27455947083695,1.0,9.0,1.0,1.0
20260727,81,untrusted_sam,demo-attacks:8-untrusted-SAM; eatf-vec:untrusted-issuer (sealer analogue),pay_invoice,32.22,globex,0,500.0,2,491.65,1,,0,,1,True,True,True,False,sealer-not-listed,train,0.0,1.5081255360831993,0.0,2.0,2.6989700043360187,0.93556,1.0,491.65219292160083,1.0,0.0,1.5081255360831993,0.0,0.93556,491.65219292160083,1.0,9.0,1.0,1.0
20260727,82,forged_credential_sig,mm-ablation:forged-altered-credential(L1); eatf-vec:bad-signature-classical,wire_transfer,128.76,px-620,1,500.0,2,574.99,1,,1,mandate invalid: Signature verification failed,1,False,True,True,True,mandate-or-binding-invalid,train,2.0,2.1097809680135757,1.0,2.0,2.6989700043360187,0.74248,1.0,574.9927048461691,1.0,2.0,2.1097809680135757,1.0,0.74248,574.9927048461691,1.0,9.0,1.0,1.0
20260727,83,expired_mandate,demo-attacks:4-expired-mandate,wire_transfer,36.61,globex,0,500.0,1,-107.98,1,,1,mandate invalid: Signature has expired,1,False,True,True,True,mandate-or-binding-invalid,train,2.0,1.563599728881531,0.0,1.0,2.6989700043360187,0.9267799999999999,1.0,-107.97859460485114,1.0,2.0,1.563599728881531,0.0,0.9267799999999999,-107.97859460485114,1.0,9.0,1.0,1.0
20260727,84,payee_swap_action_hash,mm-ablation:payee-swapped-after-approval(L4); demo-attacks:1-action-hash-mismatch; demo-m2:confused-deputy,wire_transfer,94.2,px-816,1,500.0,3,53.36,1,,1,action_hash mismatch,1,False,True,True,True,mandate-or-binding-invalid,train,2.0,1.9740509027928774,1.0,3.0,2.6989700043360187,0.8116,1.0,53.36352541775433,1.0,2.0,1.9740509027928774,1.0,0.8116,53.36352541775433,1.0,9.0,1.0,1.0
20260727,85,forged_seal,demo-attacks:6-forged-seal; eatf-vec:bad-signature-classical,pay_invoice,12.46,globex,0,500.0,2,318.1,1,seal-signature-byte,0,,1,True,True,False,True,seal-invalid,eval,0.0,1.0955180423231508,0.0,2.0,2.6989700043360187,0.9750800000000001,1.0,318.1033754772485,1.0,0.0,1.0955180423231508,0.0,0.9750800000000001,318.1033754772485,1.0,9.0,1.0,1.0
20260727,86,clean,"baseline (happy path, demo aaa_demo.py M1)",update_ledger,588.58,umbrella,0,5000.0,3,302.13,1,,0,,0,True,True,True,True,,train,3.0,2.7698055006497455,0.0,3.0,3.6989700043360187,0.8822840000000001,1.0,302.1319391790409,1.0,3.0,2.7698055006497455,0.0,0.8822840000000001,302.1319391790409,1.0,9.0,1.0,1.0
20260727,87,dtbs_field_tamper,demo-m2:binding-tamper-fuzz(7 fields); eatf-vec:tampered-metadata; eatf-vec:tampered-overt-receipt,update_ledger,390.75,umbrella,0,5000.0,3,264.21,1,dtbs:bind_ver,0,,1,True,True,False,True,seal-invalid,train,3.0,2.5918989866912243,0.0,3.0,3.6989700043360187,0.92185,1.0,264.2069663377043,1.0,3.0,2.5918989866912243,0.0,0.92185,264.2069663377043,1.0,9.0,1.0,1.0
20260727,88,over_scope_amount,mm-ablation:over-limit-payment(L4); demo-attacks:2-out-of-scope,update_ledger,2341.36,umbrella,0,2000.0,2,444.28,1,,1,action out of scope,0,True,True,True,True,,eval,3.0,3.369468194556615,0.0,2.0,3.3010299956639813,-0.17068000000000005,1.0,444.27851216428985,1.0,3.0,3.369468194556615,0.0,-0.17068000000000005,444.27851216428985,1.0,9.0,1.0,1.0
20260727,89,clean,"baseline (happy path, demo aaa_demo.py M1)",wire_transfer,390.85,initech,0,5000.0,1,347.59,1,,0,,0,True,True,True,True,,train,2.0,2.5920101162931366,0.0,1.0,3.6989700043360187,0.9218299999999999,1.0,347.5893690880714,1.0,2.0,2.5920101162931366,0.0,0.9218299999999999,347.5893690880714,1.0,9.0,1.0,1.0
20260727,90,clean,"baseline (happy path, demo aaa_demo.py M1)",pay_invoice,347.65,initech,0,5000.0,1,70.0,1,,0,,0,True,True,True,True,,train,0.0,2.5411422337216347,0.0,1.0,3.6989700043360187,0.93047,1.0,69.9957773925224,1.0,0.0,2.5411422337216347,0.0,0.93047,69.9957773925224,1.0,9.0,1.0,1.0
20260727,91,clean,"baseline (happy path, demo aaa_demo.py M1)",update_ledger,2342.72,acme,0,20000.0,1,596.6,1,,0,,0,True,True,True,True,,train,3.0,3.3697203851733364,0.0,1.0,4.301029995663981,0.882864,1.0,596.5962630948571,1.0,3.0,3.3697203851733364,0.0,0.882864,596.5962630948571,1.0,9.0,1.0,1.0
20260727,92,clean,"baseline (happy path, demo aaa_demo.py M1)",refund_invoice,1402.08,globex,0,2000.0,2,440.09,1,,0,,0,True,True,True,True,,train,1.0,3.146772794349137,0.0,2.0,3.3010299956639813,0.29896000000000006,1.0,440.08886486278766,1.0,1.0,3.146772794349137,0.0,0.29896000000000006,440.08886486278766,1.0,9.0,1.0,1.0
20260727,93,clean,"baseline (happy path, demo aaa_demo.py M1)",pay_invoice,880.57,globex,0,20000.0,2,582.46,1,,0,,0,True,True,True,True,,eval,0.0,2.9447638854655542,0.0,2.0,4.301029995663981,0.9559715,1.0,582.457151347183,1.0,0.0,2.9447638854655542,0.0,0.9559715,582.457151347183,1.0,9.0,1.0,1.0
20260727,94,clean,"baseline (happy path, demo aaa_demo.py M1)",pay_invoice,1775.62,acme,0,20000.0,1,432.89,1,,0,,0,True,True,True,True,,train,0.0,3.249350028131162,0.0,1.0,4.301029995663981,0.911219,1.0,432.89137467800214,1.0,0.0,3.249350028131162,0.0,0.911219,432.89137467800214,1.0,9.0,1.0,1.0
20260727,95,clean,"baseline (happy path, demo aaa_demo.py M1)",wire_transfer,141.02,globex,0,5000.0,3,41.73,1,,0,,0,True,True,True,True,,train,2.0,2.149280710341024,0.0,3.0,3.6989700043360187,0.9717959999999999,1.0,41.728210758624456,1.0,2.0,2.149280710341024,0.0,0.9717959999999999,41.728210758624456,1.0,9.0,1.0,1.0
20260727,96,tampered_ear,demo-attacks:7-tampered-EAR; eatf-vec:tampered-canonical-bin,refund_invoice,78.34,globex,0,500.0,2,260.45,1,ear:outcome_sha256,0,,1,True,False,True,True,content-mutated,eval,1.0,1.893983567211847,0.0,2.0,2.6989700043360187,0.84332,1.0,260.4526526404717,1.0,1.0,1.893983567211847,0.0,0.84332,260.4526526404717,1.0,9.0,1.0,1.0
20260727,97,over_scope_amount,mm-ablation:over-limit-payment(L4); demo-attacks:2-out-of-scope,pay_invoice,514.77,globex,0,500.0,3,373.98,1,,1,action out of scope,0,True,True,True,True,,train,0.0,2.7116132289586505,0.0,3.0,2.6989700043360187,-0.029539999999999962,1.0,373.97573310698624,1.0,0.0,2.7116132289586505,0.0,-0.029539999999999962,373.97573310698624,1.0,9.0,1.0,1.0
20260727,98,dtbs_field_tamper,demo-m2:binding-tamper-fuzz(7 fields); eatf-vec:tampered-metadata; eatf-vec:tampered-overt-receipt,wire_transfer,483.29,initech,0,5000.0,1,238.21,1,dtbs:outcome_sha256,0,,1,True,False,False,True,content-mutated,eval,2.0,2.6842078090231145,0.0,1.0,3.6989700043360187,0.903342,1.0,238.20621751228884,1.0,2.0,2.6842078090231145,0.0,0.903342,238.20621751228884,1.0,9.0,1.0,1.0
20260727,99,untrusted_issuer,eatf-vec:untrusted-issuer; mm-ablation:issuer-not-on-trusted-list(L3),update_ledger,1353.56,initech,0,5000.0,1,70.68,0,,1,issuer not on trusted list,1,False,True,True,True,mandate-or-binding-invalid,train,3.0,3.131477511744035,0.0,1.0,3.6989700043360187,0.729288,1.0,70.6846931796077,0.0,3.0,3.131477511744035,0.0,0.729288,70.6846931796077,0.0,9.0,1.0,1.0
20260727,100,clean,"baseline (happy path, demo aaa_demo.py M1)",wire_transfer,29.52,initech,0,2000.0,2,471.84,1,,0,,0,True,True,True,True,,train,2.0,1.470116353151004,0.0,2.0,3.3010299956639813,0.98524,1.0,471.8424782930278,1.0,2.0,1.470116353151004,0.0,0.98524,471.8424782930278,1.0,9.0,1.0,1.0
20260727,101,untrusted_issuer,eatf-vec:untrusted-issuer; mm-ablation:issuer-not-on-trusted-list(L3),wire_transfer,544.7,px-544,1,2000.0,3,145.25,0,,1,issuer not on trusted list,1,False,True,True,True,mandate-or-binding-invalid,train,2.0,2.736157375273132,1.0,3.0,3.3010299956639813,0.72765,1.0,145.2471631941139,0.0,2.0,2.736157375273132,1.0,0.72765,145.2471631941139,0.0,9.0,1.0,1.0
20260727,102,tampered_ear,demo-attacks:7-tampered-EAR; eatf-vec:tampered-canonical-bin,wire_transfer,153.95,px-232,1,500.0,3,149.06,1,ear:outcome_sha256,0,,1,True,False,True,True,content-mutated,train,2.0,2.187379693239217,1.0,3.0,2.6989700043360187,0.6921,1.0,149.05544771967504,1.0,2.0,2.187379693239217,1.0,0.6921,149.05544771967504,1.0,9.0,1.0,1.0
20260727,103,expired_mandate,demo-attacks:4-expired-mandate,refund_invoice,155.72,umbrella,0,2000.0,1,-137.01,1,,1,mandate invalid: Signature has expired,1,False,True,True,True,mandate-or-binding-invalid,train,1.0,2.192344395046124,0.0,1.0,3.3010299956639813,0.92214,1.0,-137.01063276561086,1.0,1.0,2.192344395046124,0.0,0.92214,-137.01063276561086,1.0,9.0,1.0,1.0
20260727,104,clean,"baseline (happy path, demo aaa_demo.py M1)",update_ledger,566.88,acme,0,2000.0,1,346.87,1,,0,,0,True,True,True,True,,train,3.0,2.753491134989102,0.0,1.0,3.3010299956639813,0.71656,1.0,346.87123914434164,1.0,3.0,2.753491134989102,0.0,0.71656,346.87123914434164,1.0,9.0,1.0,1.0
20260727,105,clean,"baseline (happy path, demo aaa_demo.py M1)",wire_transfer,179.96,umbrella,0,5000.0,2,152.11,1,,0,,0,True,True,True,True,,eval,2.0,2.2551759844935293,0.0,2.0,3.6989700043360187,0.964008,1.0,152.1062218945105,1.0,2.0,2.2551759844935293,0.0,0.964008,152.1062218945105,1.0,9.0,1.0,1.0
20260727,106,over_scope_amount,mm-ablation:over-limit-payment(L4); demo-attacks:2-out-of-scope,wire_transfer,5260.41,acme,0,5000.0,1,384.59,1,,1,action out of scope,0,True,True,True,True,,eval,2.0,3.7210195946857376,0.0,1.0,3.6989700043360187,-0.05208199999999997,1.0,384.5940806019779,1.0,2.0,3.7210195946857376,0.0,-0.05208199999999997,384.5940806019779,1.0,9.0,1.0,1.0
20260727,107,expired_mandate,demo-attacks:4-expired-mandate,wire_transfer,21.72,initech,0,500.0,2,-504.62,1,,1,mandate invalid: Signature has expired,1,False,True,True,True,mandate-or-binding-invalid,eval,2.0,1.3368598209168092,0.0,2.0,2.6989700043360187,0.95656,1.0,-504.61657981437435,1.0,2.0,1.3368598209168092,0.0,0.95656,-504.61657981437435,1.0,9.0,1.0,1.0
20260727,108,clean,"baseline (happy path, demo aaa_demo.py M1)",update_ledger,8.28,px-487,1,500.0,2,500.74,1,,0,,0,True,True,True,True,,train,3.0,0.9180303367848801,1.0,2.0,2.6989700043360187,0.9834400000000001,1.0,500.74252003099906,1.0,3.0,0.9180303367848801,1.0,0.9834400000000001,500.74252003099906,1.0,9.0,1.0,1.0
20260727,109,clean,"baseline (happy path, demo aaa_demo.py M1)",update_ledger,2996.51,globex,0,20000.0,1,290.77,1,,0,,0,True,True,True,True,,train,3.0,3.4766157313692543,0.0,1.0,4.301029995663981,0.8501744999999999,1.0,290.7716702408396,1.0,3.0,3.4766157313692543,0.0,0.8501744999999999,290.7716702408396,1.0,9.0,1.0,1.0
20260727,110,clean,"baseline (happy path, demo aaa_demo.py M1)",wire_transfer,44.96,globex,0,2000.0,1,56.62,1,,0,,0,True,True,True,True,,train,2.0,1.6528263025610046,0.0,1.0,3.3010299956639813,0.97752,1.0,56.6183584505647,1.0,2.0,1.6528263025610046,0.0,0.97752,56.6183584505647,1.0,9.0,1.0,1.0
20260727,111,clean,"baseline (happy path, demo aaa_demo.py M1)",refund_invoice,111.4,px-201,1,5000.0,2,346.76,1,,0,,0,True,True,True,True,,train,1.0,2.04688519083771,1.0,2.0,3.6989700043360187,0.97772,1.0,346.7609010360015,1.0,1.0,2.04688519083771,1.0,0.97772,346.7609010360015,1.0,9.0,1.0,1.0
20260727,112,clean,"baseline (happy path, demo aaa_demo.py M1)",refund_invoice,134.0,globex,0,2000.0,3,167.26,1,,0,,0,True,True,True,True,,train,1.0,2.1271047983648077,0.0,3.0,3.3010299956639813,0.933,1.0,167.26031168443166,1.0,1.0,2.1271047983648077,0.0,0.933,167.26031168443166,1.0,9.0,1.0,1.0
20260727,113,dtbs_field_tamper,demo-m2:binding-tamper-fuzz(7 fields); eatf-vec:tampered-metadata; eatf-vec:tampered-overt-receipt,pay_invoice,1674.87,acme,0,20000.0,1,133.39,1,dtbs:bind_ver,0,,1,True,True,False,True,seal-invalid,train,0.0,3.2239811036273838,0.0,1.0,4.301029995663981,0.9162565,1.0,133.39357973075238,1.0,0.0,3.2239811036273838,0.0,0.9162565,133.39357973075238,1.0,9.0,1.0,1.0
20260727,114,tampered_ear,demo-attacks:7-tampered-EAR; eatf-vec:tampered-canonical-bin,update_ledger,247.5,acme,0,5000.0,3,143.91,1,ear:outcome_sha256,0,,1,True,False,True,True,content-mutated,train,3.0,2.3935752032695876,0.0,3.0,3.6989700043360187,0.9505,1.0,143.91121677253872,1.0,3.0,2.3935752032695876,0.0,0.9505,143.91121677253872,1.0,9.0,1.0,1.0
20260727,115,clean,"baseline (happy path, demo aaa_demo.py M1)",update_ledger,3891.83,acme,0,5000.0,2,361.01,1,,0,,0,True,True,True,True,,eval,3.0,3.590153861484702,0.0,2.0,3.6989700043360187,0.22163400000000003,1.0,361.00923347252154,1.0,3.0,3.590153861484702,0.0,0.22163400000000003,361.00923347252154,1.0,9.0,1.0,1.0
20260727,116,clean,"baseline (happy path, demo aaa_demo.py M1)",pay_invoice,2437.82,acme,0,20000.0,2,523.29,1,,0,,0,True,True,True,True,,train,0.0,3.387001635698819,0.0,2.0,4.301029995663981,0.878109,1.0,523.2875010823379,1.0,0.0,3.387001635698819,0.0,0.878109,523.2875010823379,1.0,9.0,1.0,1.0
20260727,117,outcome_mutation,eatf-vec:tampered-canonical-bin (content mutated after sealing),refund_invoice,68.44,umbrella,0,500.0,2,241.49,1,outcome:amount_eur,0,,1,True,False,True,True,content-mutated,train,1.0,1.8353100008690626,0.0,2.0,2.6989700043360187,0.86312,1.0,241.4897731403553,1.0,1.0,1.8353100008690626,0.0,0.86312,241.4897731403553,1.0,9.0,1.0,1.0
20260727,118,nonce_replay_cross,demo-attacks:3-nonce-replay (cross-session variant),pay_invoice,1377.59,initech,0,2000.0,1,164.03,1,,1,mandate invalid: KB-JWT nonce mismatch,1,False,False,False,True,mandate-or-binding-invalid,eval,0.0,3.1391199815539887,0.0,1.0,3.3010299956639813,0.31120500000000006,1.0,164.03172324673338,1.0,0.0,3.1391199815539887,0.0,0.31120500000000006,164.03172324673338,1.0,9.0,0.0,0.0
20260727,119,wrong_holder_key,demo-attacks:5-wrong-holder-key,wire_transfer,853.4,globex,0,2000.0,2,80.65,1,,1,mandate invalid: Signature verification failed,1,False,True,True,True,mandate-or-binding-invalid,train,2.0,2.9311526385232933,0.0,2.0,3.3010299956639813,0.5732999999999999,1.0,80.65425996436761,1.0,2.0,2.9311526385232933,0.0,0.5732999999999999,80.65425996436761,1.0,9.0,1.0,1.0
20260727,120,clean,"baseline (happy path, demo aaa_demo.py M1)",pay_invoice,5413.99,initech,0,20000.0,2,185.55,1,,0,,0,True,True,True,True,,train,0.0,3.7335174492644043,0.0,2.0,4.301029995663981,0.7293005,1.0,185.54722563467197,1.0,0.0,3.7335174492644043,0.0,0.7293005,185.54722563467197,1.0,9.0,1.0,1.0
20260727,121,clean,"baseline (happy path, demo aaa_demo.py M1)",update_ledger,72.31,globex,0,2000.0,3,212.84,1,,0,,0,True,True,True,True,,train,3.0,1.8591983615338774,0.0,3.0,3.3010299956639813,0.9638450000000001,1.0,212.83963750084473,1.0,3.0,1.8591983615338774,0.0,0.9638450000000001,212.83963750084473,1.0,9.0,1.0,1.0
20260727,122,over_scope_amount,mm-ablation:over-limit-payment(L4); demo-attacks:2-out-of-scope,wire_transfer,583.9,initech,0,500.0,2,175.05,1,,1,action out of scope,0,True,True,True,True,,train,2.0,2.7663384752512874,0.0,2.0,2.6989700043360187,-0.16779999999999995,1.0,175.05172151786041,1.0,2.0,2.7663384752512874,0.0,-0.16779999999999995,175.05172151786041,1.0,9.0,1.0,1.0
20260727,123,clean,"baseline (happy path, demo aaa_demo.py M1)",update_ledger,287.71,acme,0,2000.0,1,56.09,1,,0,,0,True,True,True,True,,eval,3.0,2.458954957021865,0.0,1.0,3.3010299956639813,0.8561449999999999,1.0,56.09122082333603,1.0,3.0,2.458954957021865,0.0,0.8561449999999999,56.09122082333603,1.0,9.0,1.0,1.0
20260727,124,clean,"baseline (happy path, demo aaa_demo.py M1)",wire_transfer,878.46,globex,0,20000.0,2,189.55,1,,0,,0,True,True,True,True,,train,2.0,2.943721991016544,0.0,2.0,4.301029995663981,0.9560770000000001,1.0,189.5545926428061,1.0,2.0,2.943721991016544,0.0,0.9560770000000001,189.5545926428061,1.0,9.0,1.0,1.0
20260727,125,clean,"baseline (happy path, demo aaa_demo.py M1)",update_ledger,126.07,initech,0,500.0,1,167.4,1,,0,,0,True,True,True,True,,eval,3.0,2.10061175283379,0.0,1.0,2.6989700043360187,0.74786,1.0,167.39626659401,1.0,3.0,2.10061175283379,0.0,0.74786,167.39626659401,1.0,9.0,1.0,1.0
20260727,126,dtbs_field_tamper,demo-m2:binding-tamper-fuzz(7 fields); eatf-vec:tampered-metadata; eatf-vec:tampered-overt-receipt,pay_invoice,1841.45,initech,0,20000.0,3,113.65,1,dtbs:attestation_digest,0,,1,True,False,False,True,content-mutated,train,0.0,3.265159931163293,0.0,3.0,4.301029995663981,0.9079275,1.0,113.65126012970191,1.0,0.0,3.265159931163293,0.0,0.9079275,113.65126012970191,1.0,9.0,1.0,1.0
20260727,127,expired_mandate,demo-attacks:4-expired-mandate,refund_invoice,180.66,px-210,1,500.0,1,-578.02,1,,1,mandate invalid: Signature has expired,1,False,True,True,True,mandate-or-binding-invalid,train,1.0,2.256862005896403,1.0,1.0,2.6989700043360187,0.63868,1.0,-578.0209989733106,1.0,1.0,2.256862005896403,1.0,0.63868,-578.0209989733106,1.0,9.0,1.0,1.0
20260727,128,untrusted_sam,demo-attacks:8-untrusted-SAM; eatf-vec:untrusted-issuer (sealer analogue),update_ledger,11765.39,px-336,1,20000.0,1,422.04,1,,0,,1,True,True,True,False,sealer-not-listed,train,3.0,4.070606327775592,1.0,1.0,4.301029995663981,0.41173050000000005,1.0,422.0393236406178,1.0,3.0,4.070606327775592,1.0,0.41173050000000005,422.0393236406178,1.0,9.0,1.0,1.0
20260727,129,clean,"baseline (happy path, demo aaa_demo.py M1)",refund_invoice,25.19,initech,0,2000.0,2,162.68,1,,0,,0,True,True,True,True,,train,1.0,1.401228167498113,0.0,2.0,3.3010299956639813,0.987405,1.0,162.68415312888783,1.0,1.0,1.401228167498113,0.0,0.987405,162.68415312888783,1.0,9.0,1.0,1.0
20260727,130,forged_credential_sig,mm-ablation:forged-altered-credential(L1); eatf-vec:bad-signature-classical,refund_invoice,119.56,initech,0,5000.0,3,455.45,1,,1,mandate invalid: Signature verification failed,1,False,True,True,True,mandate-or-binding-invalid,train,1.0,2.077585906367243,0.0,3.0,3.6989700043360187,0.976088,1.0,455.4468498679432,1.0,1.0,2.077585906367243,0.0,0.976088,455.4468498679432,1.0,9.0,1.0,1.0
20260727,131,clean,"baseline (happy path, demo aaa_demo.py M1)",wire_transfer,6043.99,globex,0,20000.0,1,270.88,1,,0,,0,True,True,True,True,,train,2.0,3.7813237371116584,0.0,1.0,4.301029995663981,0.6978005,1.0,270.88387240137155,1.0,2.0,3.7813237371116584,0.0,0.6978005,270.88387240137155,1.0,9.0,1.0,1.0
20260727,132,missing_component,eatf-vec:missing-canonical-bin,refund_invoice,395.6,px-886,1,2000.0,2,49.18,1,missing:bind_ver,0,,1,,,,,malformed-package (KeyError),train,1.0,2.5972562829251418,1.0,2.0,3.3010299956639813,0.8022,1.0,49.18184127109808,1.0,1.0,2.5972562829251418,1.0,0.8022,49.18184127109808,1.0,8.0,1.0,1.0
20260727,133,clean,"baseline (happy path, demo aaa_demo.py M1)",refund_invoice,206.82,initech,0,5000.0,2,241.37,1,,0,,0,True,True,True,True,,train,1.0,2.315592533791591,0.0,2.0,3.6989700043360187,0.958636,1.0,241.37486253143595,1.0,1.0,2.315592533791591,0.0,0.958636,241.37486253143595,1.0,9.0,1.0,1.0
20260727,134,payee_swap_action_hash,mm-ablation:payee-swapped-after-approval(L4); demo-attacks:1-action-hash-mismatch; demo-m2:confused-deputy,update_ledger,271.94,px-319,1,20000.0,2,381.58,1,,1,action_hash mismatch,1,False,True,True,True,mandate-or-binding-invalid,eval,3.0,2.434473093213079,1.0,2.0,4.301029995663981,0.986403,1.0,381.5849831536685,1.0,3.0,2.434473093213079,1.0,0.986403,381.5849831536685,1.0,9.0,1.0,1.0
20260727,135,clean,"baseline (happy path, demo aaa_demo.py M1)",refund_invoice,8.7,px-009,1,500.0,2,291.22,1,,0,,0,True,True,True,True,,train,1.0,0.9395192526186185,1.0,2.0,2.6989700043360187,0.9826,1.0,291.2202808093269,1.0,1.0,0.9395192526186185,1.0,0.9826,291.2202808093269,1.0,9.0,1.0,1.0
20260727,136,dtbs_field_tamper,demo-m2:binding-tamper-fuzz(7 fields); eatf-vec:tampered-metadata; eatf-vec:tampered-overt-receipt,refund_invoice,347.55,globex,0,2000.0,1,309.65,1,dtbs:nonce,0,,1,True,True,False,True,seal-invalid,train,1.0,2.5410172928456567,0.0,1.0,3.3010299956639813,0.826225,1.0,309.6506035447896,1.0,1.0,2.5410172928456567,0.0,0.826225,309.6506035447896,1.0,9.0,0.0,1.0
20260727,137,clean,"baseline (happy path, demo aaa_demo.py M1)",pay_invoice,1961.19,globex,0,5000.0,3,119.0,1,,0,,0,True,True,True,True,,eval,0.0,3.292519670136097,0.0,3.0,3.6989700043360187,0.607762,1.0,118.99690519410056,1.0,0.0,3.292519670136097,0.0,0.607762,118.99690519410056,1.0,9.0,1.0,1.0
20260727,138,method_not_allowed,mm-ablation:prompt-injected-wire-transfer(L4),update_ledger,1210.39,globex,0,5000.0,3,310.0,1,,1,action out of scope,0,True,True,True,True,,eval,3.0,3.0829253269758383,0.0,3.0,3.6989700043360187,0.757922,0.0,309.99794286835635,1.0,3.0,3.0829253269758383,0.0,0.757922,309.99794286835635,1.0,9.0,1.0,1.0
20260727,139,dtbs_field_tamper,demo-m2:binding-tamper-fuzz(7 fields); eatf-vec:tampered-metadata; eatf-vec:tampered-overt-receipt,update_ledger,1464.09,umbrella,0,20000.0,3,476.39,1,dtbs:action_hash,0,,1,True,True,False,True,seal-invalid,train,3.0,3.165567774333023,0.0,3.0,4.301029995663981,0.9267955,1.0,476.39365906343426,1.0,3.0,3.165567774333023,0.0,0.9267955,476.39365906343426,1.0,9.0,1.0,1.0
20260727,140,forged_seal,demo-attacks:6-forged-seal; eatf-vec:bad-signature-classical,wire_transfer,42.07,initech,0,2000.0,3,508.93,1,seal-signature-byte,0,,1,True,True,False,True,seal-invalid,train,2.0,1.6239725120169963,0.0,3.0,3.3010299956639813,0.9789650000000001,1.0,508.9342316436281,1.0,2.0,1.6239725120169963,0.0,0.9789650000000001,508.9342316436281,1.0,9.0,1.0,1.0
20260727,141,forged_seal,demo-attacks:6-forged-seal; eatf-vec:bad-signature-classical,pay_invoice,3977.0,initech,0,20000.0,2,271.69,1,seal-signature-byte,0,,1,True,True,False,True,seal-invalid,train,0.0,3.59955559098598,0.0,2.0,4.301029995663981,0.80115,1.0,271.6858862559285,1.0,0.0,3.59955559098598,0.0,0.80115,271.6858862559285,1.0,9.0,1.0,1.0
20260727,142,clean,"baseline (happy path, demo aaa_demo.py M1)",update_ledger,4654.7,umbrella,0,5000.0,2,366.6,1,,0,,0,True,True,True,True,,eval,3.0,3.667891695512187,0.0,2.0,3.6989700043360187,0.06906000000000004,1.0,366.59969771934857,1.0,3.0,3.667891695512187,0.0,0.06906000000000004,366.59969771934857,1.0,9.0,1.0,1.0
20260727,143,clean,"baseline (happy path, demo aaa_demo.py M1)",update_ledger,43.49,acme,0,2000.0,2,399.34,1,,0,,0,True,True,True,True,,eval,3.0,1.638389407665336,0.0,2.0,3.3010299956639813,0.978255,1.0,399.33618990015606,1.0,3.0,1.638389407665336,0.0,0.978255,399.33618990015606,1.0,9.0,1.0,1.0
20260727,144,clean,"baseline (happy path, demo aaa_demo.py M1)",refund_invoice,177.48,globex,0,500.0,3,91.82,1,,0,,0,True,True,True,True,,eval,1.0,2.2491494200445175,0.0,3.0,2.6989700043360187,0.64504,1.0,91.81656959538105,1.0,1.0,2.2491494200445175,0.0,0.64504,91.81656959538105,1.0,9.0,1.0,1.0
20260727,145,dtbs_field_tamper,demo-m2:binding-tamper-fuzz(7 fields); eatf-vec:tampered-metadata; eatf-vec:tampered-overt-receipt,refund_invoice,2301.69,globex,0,5000.0,3,253.18,1,dtbs:outcome_sha256,0,,1,True,False,False,True,content-mutated,train,1.0,3.3620468308683606,0.0,3.0,3.6989700043360187,0.539662,1.0,253.1751614126227,1.0,1.0,3.3620468308683606,0.0,0.539662,253.1751614126227,1.0,9.0,1.0,1.0
20260727,146,clean,"baseline (happy path, demo aaa_demo.py M1)",update_ledger,1235.9,umbrella,0,20000.0,1,269.59,1,,0,,0,True,True,True,True,,train,3.0,3.091983332237312,0.0,1.0,4.301029995663981,0.938205,1.0,269.58775281062447,1.0,3.0,3.091983332237312,0.0,0.938205,269.58775281062447,1.0,9.0,1.0,1.0
20260727,147,clean,"baseline (happy path, demo aaa_demo.py M1)",refund_invoice,1068.11,umbrella,0,20000.0,2,419.2,1,,0,,0,True,True,True,True,,train,1.0,3.0286159810942133,0.0,2.0,4.301029995663981,0.9465945,1.0,419.2025537941586,1.0,1.0,3.0286159810942133,0.0,0.9465945,419.2025537941586,1.0,9.0,1.0,1.0
20260727,148,tampered_ear,demo-attacks:7-tampered-EAR; eatf-vec:tampered-canonical-bin,pay_invoice,557.47,globex,0,2000.0,1,52.17,1,ear:quote_sig,0,,1,True,False,True,True,content-mutated,train,0.0,2.746221500984734,0.0,1.0,3.3010299956639813,0.7212649999999999,1.0,52.16873971230291,1.0,0.0,2.746221500984734,0.0,0.7212649999999999,52.16873971230291,1.0,9.0,1.0,1.0
20260727,149,tampered_ear,demo-attacks:7-tampered-EAR; eatf-vec:tampered-canonical-bin,refund_invoice,351.98,globex,0,500.0,3,327.15,1,ear:quote_sig,0,,1,True,False,True,True,content-mutated,eval,1.0,2.5465179869542514,0.0,3.0,2.6989700043360187,0.29603999999999997,1.0,327.15146917489966,1.0,1.0,2.5465179869542514,0.0,0.29603999999999997,327.15146917489966,1.0,9.0,1.0,1.0
20260727,150,clean,"baseline (happy path, demo aaa_demo.py M1)",pay_invoice,231.25,initech,0,2000.0,1,355.13,1,,0,,0,True,True,True,True,,train,0.0,2.3640817414110704,0.0,1.0,3.3010299956639813,0.884375,1.0,355.1331641191375,1.0,0.0,2.3640817414110704,0.0,0.884375,355.1331641191375,1.0,9.0,1.0,1.0
20260727,151,untrusted_issuer,eatf-vec:untrusted-issuer; mm-ablation:issuer-not-on-trusted-list(L3),wire_transfer,108.4,px-780,1,2000.0,2,352.56,0,,1,issuer not on trusted list,1,False,True,True,True,mandate-or-binding-invalid,eval,2.0,2.035029282202368,1.0,2.0,3.3010299956639813,0.9458,1.0,352.55533555993327,0.0,2.0,2.035029282202368,1.0,0.9458,352.55533555993327,0.0,9.0,1.0,1.0
20260727,152,dtbs_field_tamper,demo-m2:binding-tamper-fuzz(7 fields); eatf-vec:tampered-metadata; eatf-vec:tampered-overt-receipt,wire_transfer,59.02,px-870,1,500.0,3,588.5,1,dtbs:outcome_sha256,0,,1,True,False,False,True,content-mutated,train,2.0,1.7709992051639407,1.0,3.0,2.6989700043360187,0.8819600000000001,1.0,588.498139624884,1.0,2.0,1.7709992051639407,1.0,0.8819600000000001,588.498139624884,1.0,9.0,1.0,1.0
20260727,153,dtbs_field_tamper,demo-m2:binding-tamper-fuzz(7 fields); eatf-vec:tampered-metadata; eatf-vec:tampered-overt-receipt,wire_transfer,3489.07,initech,0,5000.0,2,587.79,1,dtbs:mandate_digest,0,,1,True,True,False,True,seal-invalid,train,2.0,3.5427096826349187,0.0,2.0,3.6989700043360187,0.30218599999999995,1.0,587.7917543742557,1.0,2.0,3.5427096826349187,0.0,0.30218599999999995,587.7917543742557,1.0,9.0,1.0,1.0
20260727,154,untrusted_issuer,eatf-vec:untrusted-issuer; mm-ablation:issuer-not-on-trusted-list(L3),wire_transfer,437.59,umbrella,0,5000.0,1,300.31,0,,1,issuer not on trusted list,1,False,True,True,True,mandate-or-binding-invalid,eval,2.0,2.6410673887494096,0.0,1.0,3.6989700043360187,0.912482,1.0,300.3077851321334,0.0,2.0,2.6410673887494096,0.0,0.912482,300.3077851321334,0.0,9.0,1.0,1.0
20260727,155,clean,"baseline (happy path, demo aaa_demo.py M1)",update_ledger,20.31,initech,0,2000.0,3,68.53,1,,0,,0,True,True,True,True,,eval,3.0,1.3077099234048066,0.0,3.0,3.3010299956639813,0.989845,1.0,68.52629837914206,1.0,3.0,1.3077099234048066,0.0,0.989845,68.52629837914206,1.0,9.0,1.0,1.0
20260727,156,untrusted_sam,demo-attacks:8-untrusted-SAM; eatf-vec:untrusted-issuer (sealer analogue),pay_invoice,18.6,initech,0,500.0,1,307.03,1,,0,,1,True,True,True,False,sealer-not-listed,train,0.0,1.2695129442179163,0.0,1.0,2.6989700043360187,0.9628,1.0,307.0273861023066,1.0,0.0,1.2695129442179163,0.0,0.9628,307.0273861023066,1.0,9.0,1.0,1.0
20260727,157,nonce_replay_cross,demo-attacks:3-nonce-replay (cross-session variant),pay_invoice,4424.09,umbrella,0,5000.0,3,500.65,1,,1,mandate invalid: KB-JWT nonce mismatch,1,False,False,False,True,mandate-or-binding-invalid,train,0.0,3.6458239533115147,0.0,3.0,3.6989700043360187,0.11518199999999996,1.0,500.65496850187697,1.0,0.0,3.6458239533115147,0.0,0.11518199999999996,500.65496850187697,1.0,9.0,0.0,0.0
20260727,158,clean,"baseline (happy path, demo aaa_demo.py M1)",update_ledger,35.66,px-287,1,2000.0,1,180.73,1,,0,,0,True,True,True,True,,eval,3.0,1.5521813388393357,1.0,1.0,3.3010299956639813,0.98217,1.0,180.72714256811884,1.0,3.0,1.5521813388393357,1.0,0.98217,180.72714256811884,1.0,9.0,1.0,1.0
20260727,159,clean,"baseline (happy path, demo aaa_demo.py M1)",pay_invoice,161.59,umbrella,0,500.0,1,68.19,1,,0,,0,True,True,True,True,,train,0.0,2.2084144809484814,0.0,1.0,2.6989700043360187,0.67682,1.0,68.188053422645,1.0,0.0,2.2084144809484814,0.0,0.67682,68.188053422645,1.0,9.0,1.0,1.0
20260727,160,payee_swap_action_hash,mm-ablation:payee-swapped-after-approval(L4); demo-attacks:1-action-hash-mismatch; demo-m2:confused-deputy,wire_transfer,3891.79,px-429,1,20000.0,1,140.2,1,,1,action_hash mismatch,1,False,True,True,True,mandate-or-binding-invalid,train,2.0,3.5901493978086036,1.0,1.0,4.301029995663981,0.8054104999999999,1.0,140.20034431023873,1.0,2.0,3.5901493978086036,1.0,0.8054104999999999,140.20034431023873,1.0,9.0,1.0,1.0
20260727,161,clean,"baseline (happy path, demo aaa_demo.py M1)",pay_invoice,520.51,umbrella,0,20000.0,3,128.86,1,,0,,0,True,True,True,True,,train,0.0,2.716429077560485,0.0,3.0,4.301029995663981,0.9739745000000001,1.0,128.86004532717902,1.0,0.0,2.716429077560485,0.0,0.9739745000000001,128.86004532717902,1.0,9.0,1.0,1.0
20260727,162,tampered_ear,demo-attacks:7-tampered-EAR; eatf-vec:tampered-canonical-bin,wire_transfer,523.34,acme,0,5000.0,3,396.84,1,ear:outcome_sha256,0,,1,True,False,True,True,content-mutated,train,2.0,2.7187839300681156,0.0,3.0,3.6989700043360187,0.895332,1.0,396.8403848419544,1.0,2.0,2.7187839300681156,0.0,0.895332,396.8403848419544,1.0,9.0,1.0,1.0
20260727,163,forged_credential_sig,mm-ablation:forged-altered-credential(L1); eatf-vec:bad-signature-classical,refund_invoice,183.34,globex,0,500.0,2,396.6,1,,1,mandate invalid: Signature verification failed,1,False,True,True,True,mandate-or-binding-invalid,train,1.0,2.263257227014066,0.0,2.0,2.6989700043360187,0.6333199999999999,1.0,396.6042381151596,1.0,1.0,2.263257227014066,0.0,0.6333199999999999,396.6042381151596,1.0,9.0,1.0,1.0
20260727,164,clean,"baseline (happy path, demo aaa_demo.py M1)",update_ledger,96.75,px-610,1,2000.0,2,293.39,1,,0,,0,True,True,True,True,,eval,3.0,1.985650973690949,1.0,2.0,3.3010299956639813,0.951625,1.0,293.39398148460754,1.0,3.0,1.985650973690949,1.0,0.951625,293.39398148460754,1.0,9.0,1.0,1.0
20260727,165,clean,"baseline (happy path, demo aaa_demo.py M1)",refund_invoice,8296.11,acme,0,20000.0,3,168.44,1,,0,,0,True,True,True,True,,train,1.0,3.9188745018279825,0.0,3.0,4.301029995663981,0.5851945,1.0,168.44112094343916,1.0,1.0,3.9188745018279825,0.0,0.5851945,168.44112094343916,1.0,9.0,1.0,1.0
20260727,166,clean,"baseline (happy path, demo aaa_demo.py M1)",wire_transfer,1756.08,globex,0,20000.0,1,349.95,1,,0,,0,True,True,True,True,,eval,2.0,3.244544296744999,0.0,1.0,4.301029995663981,0.9121959999999999,1.0,349.94662787223086,1.0,2.0,3.244544296744999,0.0,0.9121959999999999,349.94662787223086,1.0,9.0,1.0,1.0
20260727,167,method_not_allowed,mm-ablation:prompt-injected-wire-transfer(L4),refund_invoice,3611.4,umbrella,0,20000.0,1,187.5,1,,1,action out of scope,0,True,True,True,True,,train,1.0,3.5576755937084337,0.0,1.0,4.301029995663981,0.8194299999999999,0.0,187.50181884312656,1.0,1.0,3.5576755937084337,0.0,0.8194299999999999,187.50181884312656,1.0,9.0,1.0,1.0
20260727,168,clean,"baseline (happy path, demo aaa_demo.py M1)",pay_invoice,382.37,initech,0,500.0,1,532.41,1,,0,,0,True,True,True,True,,eval,0.0,2.582483811047702,0.0,1.0,2.6989700043360187,0.23526,1.0,532.4072123487051,1.0,0.0,2.582483811047702,0.0,0.23526,532.4072123487051,1.0,9.0,1.0,1.0
20260727,169,forged_credential_sig,mm-ablation:forged-altered-credential(L1); eatf-vec:bad-signature-classical,wire_transfer,39.42,px-019,1,2000.0,2,201.82,1,,1,mandate invalid: Signature verification failed,1,False,True,True,True,mandate-or-binding-invalid,eval,2.0,1.5957166199434245,1.0,2.0,3.3010299956639813,0.98029,1.0,201.82199175127832,1.0,2.0,1.5957166199434245,1.0,0.98029,201.82199175127832,1.0,9.0,1.0,1.0
20260727,170,clean,"baseline (happy path, demo aaa_demo.py M1)",wire_transfer,36.72,acme,0,2000.0,3,52.72,1,,0,,0,True,True,True,True,,train,2.0,1.5649026725292048,0.0,3.0,3.3010299956639813,0.98164,1.0,52.72089550176602,1.0,2.0,1.5649026725292048,0.0,0.98164,52.72089550176602,1.0,9.0,1.0,1.0
20260727,171,clean,"baseline (happy path, demo aaa_demo.py M1)",update_ledger,666.05,initech,0,5000.0,1,518.25,1,,0,,0,True,True,True,True,,train,3.0,2.823506832637296,0.0,1.0,3.6989700043360187,0.86679,1.0,518.249683884007,1.0,3.0,2.823506832637296,0.0,0.86679,518.249683884007,1.0,9.0,1.0,1.0
20260727,172,clean,"baseline (happy path, demo aaa_demo.py M1)",pay_invoice,72.1,acme,0,2000.0,2,348.83,1,,0,,0,True,True,True,True,,train,0.0,1.857935264719429,0.0,2.0,3.3010299956639813,0.9639500000000001,1.0,348.8322112395769,1.0,0.0,1.857935264719429,0.0,0.9639500000000001,348.8322112395769,1.0,9.0,1.0,1.0
20260727,173,clean,"baseline (happy path, demo aaa_demo.py M1)",pay_invoice,6175.28,initech,0,20000.0,3,562.2,1,,0,,0,True,True,True,True,,train,0.0,3.790656654190495,0.0,3.0,4.301029995663981,0.6912360000000001,1.0,562.2028847290852,1.0,0.0,3.790656654190495,0.0,0.6912360000000001,562.2028847290852,1.0,9.0,1.0,1.0
20260727,174,dtbs_field_tamper,demo-m2:binding-tamper-fuzz(7 fields); eatf-vec:tampered-metadata; eatf-vec:tampered-overt-receipt,update_ledger,4423.42,globex,0,20000.0,3,399.17,1,dtbs:nonce,0,,1,True,True,False,True,seal-invalid,eval,3.0,3.6457581772223255,0.0,3.0,4.301029995663981,0.778829,1.0,399.1668441812679,1.0,3.0,3.6457581772223255,0.0,0.778829,399.1668441812679,1.0,9.0,0.0,1.0
20260727,175,expired_mandate,demo-attacks:4-expired-mandate,refund_invoice,265.46,acme,0,2000.0,2,-537.08,1,,1,mandate invalid: Signature has expired,1,False,True,True,True,mandate-or-binding-invalid,eval,1.0,2.423999090057728,0.0,2.0,3.3010299956639813,0.86727,1.0,-537.0800566253643,1.0,1.0,2.423999090057728,0.0,0.86727,-537.0800566253643,1.0,9.0,1.0,1.0
20260727,176,clean,"baseline (happy path, demo aaa_demo.py M1)",wire_transfer,259.71,umbrella,0,20000.0,3,580.23,1,,0,,0,True,True,True,True,,train,2.0,2.414488672236952,0.0,3.0,4.301029995663981,0.9870145,1.0,580.2330747175057,1.0,2.0,2.414488672236952,0.0,0.9870145,580.2330747175057,1.0,9.0,1.0,1.0
20260727,177,clean,"baseline (happy path, demo aaa_demo.py M1)",wire_transfer,668.77,globex,0,2000.0,2,476.7,1,,0,,0,True,True,True,True,,eval,2.0,2.8252767830812595,0.0,2.0,3.3010299956639813,0.665615,1.0,476.70165947614146,1.0,2.0,2.8252767830812595,0.0,0.665615,476.70165947614146,1.0,9.0,1.0,1.0
20260727,178,clean,"baseline (happy path, demo aaa_demo.py M1)",wire_transfer,49.74,acme,0,500.0,3,147.97,1,,0,,0,True,True,True,True,,train,2.0,1.6967057809339172,0.0,3.0,2.6989700043360187,0.90052,1.0,147.96724518201324,1.0,2.0,1.6967057809339172,0.0,0.90052,147.96724518201324,1.0,9.0,1.0,1.0
20260727,179,clean,"baseline (happy path, demo aaa_demo.py M1)",update_ledger,670.53,initech,0,5000.0,3,347.38,1,,0,,0,True,True,True,True,,eval,3.0,2.826418213273364,0.0,3.0,3.6989700043360187,0.865894,1.0,347.38371410228126,1.0,3.0,2.826418213273364,0.0,0.865894,347.38371410228126,1.0,9.0,1.0,1.0
20260727,180,clean,"baseline (happy path, demo aaa_demo.py M1)",wire_transfer,8.72,globex,0,500.0,2,351.76,1,,0,,0,True,True,True,True,,train,2.0,0.9405164849325672,0.0,2.0,2.6989700043360187,0.98256,1.0,351.7593199398592,1.0,2.0,0.9405164849325672,0.0,0.98256,351.7593199398592,1.0,9.0,1.0,1.0
20260727,181,forged_credential_sig,mm-ablation:forged-altered-credential(L1); eatf-vec:bad-signature-classical,refund_invoice,1934.21,px-428,1,5000.0,2,283.92,1,,1,mandate invalid: Signature verification failed,1,False,True,True,True,mandate-or-binding-invalid,train,1.0,3.286503624291999,1.0,2.0,3.6989700043360187,0.613158,1.0,283.9238662751241,1.0,1.0,3.286503624291999,1.0,0.613158,283.9238662751241,1.0,9.0,1.0,1.0
20260727,182,clean,"baseline (happy path, demo aaa_demo.py M1)",wire_transfer,1507.26,acme,0,5000.0,1,334.07,1,,0,,0,True,True,True,True,,eval,2.0,3.1781881738977567,0.0,1.0,3.6989700043360187,0.698548,1.0,334.06977705497155,1.0,2.0,3.1781881738977567,0.0,0.698548,334.06977705497155,1.0,9.0,1.0,1.0
20260727,183,clean,"baseline (happy path, demo aaa_demo.py M1)",refund_invoice,1049.02,globex,0,5000.0,2,391.33,1,,0,,0,True,True,True,True,,eval,1.0,3.020783768276339,0.0,2.0,3.6989700043360187,0.790196,1.0,391.32729373013996,1.0,1.0,3.020783768276339,0.0,0.790196,391.32729373013996,1.0,9.0,1.0,1.0
20260727,184,wrong_holder_key,demo-attacks:5-wrong-holder-key,refund_invoice,407.18,acme,0,20000.0,1,37.73,1,,1,mandate invalid: Signature verification failed,1,False,True,True,True,mandate-or-binding-invalid,train,1.0,2.609786438034614,0.0,1.0,4.301029995663981,0.979641,1.0,37.72722270938449,1.0,1.0,2.609786438034614,0.0,0.979641,37.72722270938449,1.0,9.0,1.0,1.0
20260727,185,dtbs_field_tamper,demo-m2:binding-tamper-fuzz(7 fields); eatf-vec:tampered-metadata; eatf-vec:tampered-overt-receipt,pay_invoice,271.26,px-567,1,2000.0,2,366.58,1,dtbs:action_hash,0,,1,True,True,False,True,seal-invalid,eval,0.0,2.433385757417938,1.0,2.0,3.3010299956639813,0.86437,1.0,366.58185669320574,1.0,0.0,2.433385757417938,1.0,0.86437,366.58185669320574,1.0,9.0,1.0,1.0
20260727,186,clean,"baseline (happy path, demo aaa_demo.py M1)",pay_invoice,253.12,globex,0,20000.0,2,478.74,1,,0,,0,True,True,True,True,,train,0.0,2.4033264618175827,0.0,2.0,4.301029995663981,0.987344,1.0,478.7418716872789,1.0,0.0,2.4033264618175827,0.0,0.987344,478.7418716872789,1.0,9.0,1.0,1.0
20260727,187,tampered_ear,demo-attacks:7-tampered-EAR; eatf-vec:tampered-canonical-bin,pay_invoice,555.85,umbrella,0,2000.0,3,112.59,1,ear:outcome_sha256,0,,1,True,False,True,True,content-mutated,train,0.0,2.744957609996986,0.0,3.0,3.3010299956639813,0.722075,1.0,112.59339652867111,1.0,0.0,2.744957609996986,0.0,0.722075,112.59339652867111,1.0,9.0,1.0,1.0
20260727,188,expired_mandate,demo-attacks:4-expired-mandate,refund_invoice,242.84,globex,0,20000.0,2,-446.67,1,,1,mandate invalid: Signature has expired,1,False,True,True,True,mandate-or-binding-invalid,train,1.0,2.3853202242009113,0.0,2.0,4.301029995663981,0.987858,1.0,-446.6701549483216,1.0,1.0,2.3853202242009113,0.0,0.987858,-446.6701549483216,1.0,9.0,1.0,1.0
20260727,189,untrusted_issuer,eatf-vec:untrusted-issuer; mm-ablation:issuer-not-on-trusted-list(L3),update_ledger,16069.6,acme,0,20000.0,2,106.72,0,,1,issuer not on trusted list,1,False,True,True,True,mandate-or-binding-invalid,eval,3.0,4.206005066560805,0.0,2.0,4.301029995663981,0.19651999999999997,1.0,106.71918777548584,0.0,3.0,4.206005066560805,0.0,0.19651999999999997,106.71918777548584,0.0,9.0,1.0,1.0
20260727,190,clean,"baseline (happy path, demo aaa_demo.py M1)",refund_invoice,830.11,umbrella,0,2000.0,2,199.95,1,,0,,0,True,True,True,True,,train,1.0,2.9191356456623976,0.0,2.0,3.3010299956639813,0.5849449999999999,1.0,199.9479986409051,1.0,1.0,2.9191356456623976,0.0,0.5849449999999999,199.9479986409051,1.0,9.0,1.0,1.0
20260727,191,clean,"baseline (happy path, demo aaa_demo.py M1)",update_ledger,6.93,px-033,1,500.0,3,209.66,1,,0,,0,True,True,True,True,,train,3.0,0.8407332346118067,1.0,3.0,2.6989700043360187,0.98614,1.0,209.65555280983,1.0,3.0,0.8407332346118067,1.0,0.98614,209.65555280983,1.0,9.0,1.0,1.0
20260727,192,stale_attestation,mm-ablation:replayed-stale-attestation(L2),refund_invoice,3145.67,umbrella,0,20000.0,1,197.76,1,,1,execution not affirming,1,True,False,True,True,content-mutated,train,1.0,3.497713160532599,0.0,1.0,4.301029995663981,0.8427165000000001,1.0,197.75893701302098,1.0,1.0,3.497713160532599,0.0,0.8427165000000001,197.75893701302098,1.0,9.0,1.0,0.0
20260727,193,wrong_holder_key,demo-attacks:5-wrong-holder-key,pay_invoice,515.75,px-130,1,20000.0,2,512.78,1,,1,mandate invalid: Signature verification failed,1,False,True,True,True,mandate-or-binding-invalid,eval,0.0,2.712439236645189,1.0,2.0,4.301029995663981,0.9742125,1.0,512.7807009970675,1.0,0.0,2.712439236645189,1.0,0.9742125,512.7807009970675,1.0,9.0,1.0,1.0
20260727,194,untrusted_issuer,eatf-vec:untrusted-issuer; mm-ablation:issuer-not-on-trusted-list(L3),wire_transfer,36.91,initech,0,500.0,1,359.24,0,,1,issuer not on trusted list,1,False,True,True,True,mandate-or-binding-invalid,train,2.0,1.567144045195657,0.0,1.0,2.6989700043360187,0.9261800000000001,1.0,359.2418250647281,0.0,2.0,1.567144045195657,0.0,0.9261800000000001,359.2418250647281,0.0,9.0,1.0,1.0
20260727,195,over_scope_amount,mm-ablation:over-limit-payment(L4); demo-attacks:2-out-of-scope,update_ledger,5801.66,umbrella,0,2000.0,2,577.64,1,,1,action out of scope,0,True,True,True,True,,train,3.0,3.7635522738547023,0.0,2.0,3.3010299956639813,-1.90083,1.0,577.6412140370862,1.0,3.0,3.7635522738547023,0.0,-1.90083,577.6412140370862,1.0,9.0,1.0,1.0
20260727,196,over_scope_amount,mm-ablation:over-limit-payment(L4); demo-attacks:2-out-of-scope,wire_transfer,15737.16,px-792,1,5000.0,3,537.01,1,,1,action out of scope,0,True,True,True,True,,train,2.0,4.196926360322023,1.0,3.0,3.6989700043360187,-2.147432,1.0,537.009246299814,1.0,2.0,4.196926360322023,1.0,-2.147432,537.009246299814,1.0,9.0,1.0,1.0
20260727,197,clean,"baseline (happy path, demo aaa_demo.py M1)",update_ledger,50.88,acme,0,5000.0,2,386.9,1,,0,,0,True,True,True,True,,train,3.0,1.7065471026403576,0.0,2.0,3.6989700043360187,0.9898239999999999,1.0,386.8953929612288,1.0,3.0,1.7065471026403576,0.0,0.9898239999999999,386.8953929612288,1.0,9.0,1.0,1.0
20260727,198,clean,"baseline (happy path, demo aaa_demo.py M1)",update_ledger,38.12,umbrella,0,2000.0,2,364.15,1,,0,,0,True,True,True,True,,train,3.0,1.5811528919662887,0.0,2.0,3.3010299956639813,0.98094,1.0,364.15401727727027,1.0,3.0,1.5811528919662887,0.0,0.98094,364.15401727727027,1.0,9.0,1.0,1.0
20260727,199,clean,"baseline (happy path, demo aaa_demo.py M1)",wire_transfer,182.41,px-757,1,2000.0,3,325.91,1,,0,,0,True,True,True,True,,eval,2.0,2.261048643344225,1.0,3.0,3.3010299956639813,0.9087949999999999,1.0,325.91391679611377,1.0,2.0,2.261048643344225,1.0,0.9087949999999999,325.91391679611377,1.0,9.0,1.0,1.0
20260727,200,expired_mandate,demo-attacks:4-expired-mandate,pay_invoice,369.69,acme,0,5000.0,1,-359.58,1,,1,mandate invalid: Signature has expired,1,False,True,True,True,mandate-or-binding-invalid,train,0.0,2.567837703200761,0.0,1.0,3.6989700043360187,0.926062,1.0,-359.5776754809614,1.0,0.0,2.567837703200761,0.0,0.926062,-359.5776754809614,1.0,9.0,1.0,1.0
20260727,201,expired_mandate,demo-attacks:4-expired-mandate,update_ledger,5.15,initech,0,500.0,1,-199.82,1,,1,mandate invalid: Signature has expired,1,False,True,True,True,mandate-or-binding-invalid,train,3.0,0.711807229041191,0.0,1.0,2.6989700043360187,0.9897,1.0,-199.8221616089263,1.0,3.0,0.711807229041191,0.0,0.9897,-199.8221616089263,1.0,9.0,1.0,1.0
20260727,202,clean,"baseline (happy path, demo aaa_demo.py M1)",pay_invoice,91.78,acme,0,5000.0,3,49.43,1,,0,,0,True,True,True,True,,train,0.0,1.9627480533586406,0.0,3.0,3.6989700043360187,0.9816440000000001,1.0,49.430453136408104,1.0,0.0,1.9627480533586406,0.0,0.9816440000000001,49.430453136408104,1.0,9.0,1.0,1.0
20260727,203,clean,"baseline (happy path, demo aaa_demo.py M1)",update_ledger,636.25,acme,0,5000.0,2,529.74,1,,0,,0,True,True,True,True,,eval,3.0,2.803627795344815,0.0,2.0,3.6989700043360187,0.87275,1.0,529.740279696686,1.0,3.0,2.803627795344815,0.0,0.87275,529.740279696686,1.0,9.0,1.0,1.0
20260727,204,clean,"baseline (happy path, demo aaa_demo.py M1)",wire_transfer,277.46,acme,0,5000.0,2,144.78,1,,0,,0,True,True,True,True,,train,2.0,2.4432003819400765,0.0,2.0,3.6989700043360187,0.944508,1.0,144.784822264554,1.0,2.0,2.4432003819400765,0.0,0.944508,144.784822264554,1.0,9.0,1.0,1.0
20260727,205,clean,"baseline (happy path, demo aaa_demo.py M1)",refund_invoice,213.59,acme,0,5000.0,2,339.41,1,,0,,0,True,True,True,True,,train,1.0,2.3295809157418983,0.0,2.0,3.6989700043360187,0.957282,1.0,339.40807500462364,1.0,1.0,2.3295809157418983,0.0,0.957282,339.40807500462364,1.0,9.0,1.0,1.0
20260727,206,wrong_holder_key,demo-attacks:5-wrong-holder-key,wire_transfer,63.76,acme,0,2000.0,1,483.08,1,,1,mandate invalid: Signature verification failed,1,False,True,True,True,mandate-or-binding-invalid,eval,2.0,1.804548308388056,0.0,1.0,3.3010299956639813,0.96812,1.0,483.0841864702504,1.0,2.0,1.804548308388056,0.0,0.96812,483.0841864702504,1.0,9.0,1.0,1.0
20260727,207,clean,"baseline (happy path, demo aaa_demo.py M1)",pay_invoice,1026.69,umbrella,0,5000.0,2,33.68,1,,0,,0,True,True,True,True,,train,0.0,3.011439331997755,0.0,2.0,3.6989700043360187,0.794662,1.0,33.68290516717308,1.0,0.0,3.011439331997755,0.0,0.794662,33.68290516717308,1.0,9.0,1.0,1.0
20260727,208,clean,"baseline (happy path, demo aaa_demo.py M1)",refund_invoice,7.46,px-811,1,500.0,1,419.03,1,,0,,0,True,True,True,True,,train,1.0,0.8727388274726688,1.0,1.0,2.6989700043360187,0.9850800000000001,1.0,419.0326212921797,1.0,1.0,0.8727388274726688,1.0,0.9850800000000001,419.0326212921797,1.0,9.0,1.0,1.0
20260727,209,over_scope_amount,mm-ablation:over-limit-payment(L4); demo-attacks:2-out-of-scope,wire_transfer,6952.13,acme,0,5000.0,1,335.59,1,,1,action out of scope,0,True,True,True,True,,eval,2.0,3.842117884521562,0.0,1.0,3.6989700043360187,-0.390426,1.0,335.59068599964024,1.0,2.0,3.842117884521562,0.0,-0.390426,335.59068599964024,1.0,9.0,1.0,1.0
20260727,210,untrusted_sam,demo-attacks:8-untrusted-SAM; eatf-vec:untrusted-issuer (sealer analogue),refund_invoice,33.55,globex,0,500.0,3,544.97,1,,0,,1,True,True,True,False,sealer-not-listed,train,1.0,1.5256925245050108,0.0,3.0,2.6989700043360187,0.9329,1.0,544.9727594035669,1.0,1.0,1.5256925245050108,0.0,0.9329,544.9727594035669,1.0,9.0,1.0,1.0
20260727,211,clean,"baseline (happy path, demo aaa_demo.py M1)",wire_transfer,272.44,acme,0,5000.0,3,335.28,1,,0,,0,True,True,True,True,,eval,2.0,2.4352708716105713,0.0,3.0,3.6989700043360187,0.9455120000000001,1.0,335.2848465076497,1.0,2.0,2.4352708716105713,0.0,0.9455120000000001,335.2848465076497,1.0,9.0,1.0,1.0
20260727,212,clean,"baseline (happy path, demo aaa_demo.py M1)",update_ledger,37.45,umbrella,0,500.0,1,345.13,1,,0,,0,True,True,True,True,,eval,3.0,1.5734518220354854,0.0,1.0,2.6989700043360187,0.9251,1.0,345.129460597256,1.0,3.0,1.5734518220354854,0.0,0.9251,345.129460597256,1.0,9.0,1.0,1.0
20260727,213,nonce_replay_same,"demo-attacks:3-nonce-replay (same-session variant, gate check 5)",update_ledger,19.05,acme,0,500.0,1,437.62,1,,1,nonce replay,0,True,True,True,True,,train,3.0,1.2798949800116382,0.0,1.0,2.6989700043360187,0.9619,1.0,437.6209571785245,1.0,3.0,1.2798949800116382,0.0,0.9619,437.6209571785245,1.0,9.0,1.0,1.0
20260727,214,clean,"baseline (happy path, demo aaa_demo.py M1)",refund_invoice,56.85,initech,0,2000.0,2,565.7,1,,0,,0,True,True,True,True,,train,1.0,1.7547304690237535,0.0,2.0,3.3010299956639813,0.9715750000000001,1.0,565.6975643173206,1.0,1.0,1.7547304690237535,0.0,0.9715750000000001,565.6975643173206,1.0,9.0,1.0,1.0
20260727,215,outcome_mutation,eatf-vec:tampered-canonical-bin (content mutated after sealing),wire_transfer,13.76,umbrella,0,500.0,2,544.87,1,outcome:amount_eur,0,,1,True,False,True,True,content-mutated,train,2.0,1.1386184338994925,0.0,2.0,2.6989700043360187,0.97248,1.0,544.8657616186873,1.0,2.0,1.1386184338994925,0.0,0.97248,544.8657616186873,1.0,9.0,1.0,1.0
20260727,216,expired_mandate,demo-attacks:4-expired-mandate,update_ledger,720.64,initech,0,20000.0,1,-599.49,1,,1,mandate invalid: Signature has expired,1,False,True,True,True,mandate-or-binding-invalid,train,3.0,2.8577183644992146,0.0,1.0,4.301029995663981,0.963968,1.0,-599.4909016854241,1.0,3.0,2.8577183644992146,0.0,0.963968,-599.4909016854241,1.0,9.0,1.0,1.0
20260727,217,untrusted_issuer,eatf-vec:untrusted-issuer; mm-ablation:issuer-not-on-trusted-list(L3),wire_transfer,379.97,initech,0,2000.0,3,436.38,0,,1,issuer not on trusted list,1,False,True,True,True,mandate-or-binding-invalid,train,2.0,2.579749308856862,0.0,3.0,3.3010299956639813,0.810015,1.0,436.37911856645235,0.0,2.0,2.579749308856862,0.0,0.810015,436.37911856645235,0.0,9.0,1.0,1.0
20260727,218,clean,"baseline (happy path, demo aaa_demo.py M1)",pay_invoice,1969.14,globex,0,5000.0,1,382.31,1,,0,,0,True,True,True,True,,train,0.0,3.294276594282365,0.0,1.0,3.6989700043360187,0.6061719999999999,1.0,382.3100001903787,1.0,0.0,3.294276594282365,0.0,0.6061719999999999,382.3100001903787,1.0,9.0,1.0,1.0
20260727,219,over_scope_amount,mm-ablation:over-limit-payment(L4); demo-attacks:2-out-of-scope,refund_invoice,7338.28,globex,0,5000.0,3,442.01,1,,1,action out of scope,0,True,True,True,True,,train,1.0,3.865594278711148,0.0,3.0,3.6989700043360187,-0.46765599999999996,1.0,442.00989618454867,1.0,1.0,3.865594278711148,0.0,-0.46765599999999996,442.00989618454867,1.0,9.0,1.0,1.0
20260727,220,clean,"baseline (happy path, demo aaa_demo.py M1)",pay_invoice,1593.75,px-112,1,20000.0,1,254.91,1,,0,,0,True,True,True,True,,train,0.0,3.2024201977780304,1.0,1.0,4.301029995663981,0.9203125,1.0,254.908987059285,1.0,0.0,3.2024201977780304,1.0,0.9203125,254.908987059285,1.0,9.0,1.0,1.0
20260727,221,method_not_allowed,mm-ablation:prompt-injected-wire-transfer(L4),refund_invoice,177.94,globex,0,2000.0,2,200.75,1,,1,action out of scope,0,True,True,True,True,,train,1.0,2.2502735862322463,0.0,2.0,3.3010299956639813,0.91103,0.0,200.7466100545079,1.0,1.0,2.2502735862322463,0.0,0.91103,200.7466100545079,1.0,9.0,1.0,1.0
20260727,222,clean,"baseline (happy path, demo aaa_demo.py M1)",pay_invoice,51.13,initech,0,5000.0,1,129.92,1,,0,,0,True,True,True,True,,train,0.0,1.708675792726537,0.0,1.0,3.6989700043360187,0.9897739999999999,1.0,129.9176415303471,1.0,0.0,1.708675792726537,0.0,0.9897739999999999,129.9176415303471,1.0,9.0,1.0,1.0
20260727,223,expired_mandate,demo-attacks:4-expired-mandate,update_ledger,6005.68,acme,0,20000.0,3,-583.24,1,,1,mandate invalid: Signature has expired,1,False,True,True,True,mandate-or-binding-invalid,train,3.0,3.7785621880133755,0.0,3.0,4.301029995663981,0.699716,1.0,-583.2356836914954,1.0,3.0,3.7785621880133755,0.0,0.699716,-583.2356836914954,1.0,9.0,1.0,1.0
20260727,224,clean,"baseline (happy path, demo aaa_demo.py M1)",pay_invoice,141.47,initech,0,5000.0,1,578.59,1,,0,,0,True,True,True,True,,train,0.0,2.1506643535295606,0.0,1.0,3.6989700043360187,0.971706,1.0,578.5914674221591,1.0,0.0,2.1506643535295606,0.0,0.971706,578.5914674221591,1.0,9.0,1.0,1.0
20260727,225,clean,"baseline (happy path, demo aaa_demo.py M1)",update_ledger,395.41,acme,0,2000.0,3,245.69,1,,0,,0,True,True,True,True,,train,3.0,2.597047648513065,0.0,3.0,3.3010299956639813,0.802295,1.0,245.6933994515312,1.0,3.0,2.597047648513065,0.0,0.802295,245.6933994515312,1.0,9.0,1.0,1.0
20260727,226,method_not_allowed,mm-ablation:prompt-injected-wire-transfer(L4),wire_transfer,2937.38,px-046,1,5000.0,2,249.5,1,,1,action out of scope,0,True,True,True,True,,eval,2.0,3.4679601335258043,1.0,2.0,3.6989700043360187,0.412524,0.0,249.49553920756907,1.0,2.0,3.4679601335258043,1.0,0.412524,249.49553920756907,1.0,9.0,1.0,1.0
20260727,227,over_scope_amount,mm-ablation:over-limit-payment(L4); demo-attacks:2-out-of-scope,pay_invoice,9645.87,initech,0,5000.0,1,352.31,1,,1,action out of scope,0,True,True,True,True,,train,0.0,3.98434140452106,0.0,1.0,3.6989700043360187,-0.9291740000000002,1.0,352.31139755361,1.0,0.0,3.98434140452106,0.0,-0.9291740000000002,352.31139755361,1.0,9.0,1.0,1.0
20260727,228,clean,"baseline (happy path, demo aaa_demo.py M1)",pay_invoice,75.49,globex,0,500.0,2,214.03,1,,0,,0,True,True,True,True,,train,0.0,1.877889425371484,0.0,2.0,2.6989700043360187,0.84902,1.0,214.03114065254786,1.0,0.0,1.877889425371484,0.0,0.84902,214.03114065254786,1.0,9.0,1.0,1.0
20260727,229,clean,"baseline (happy path, demo aaa_demo.py M1)",wire_transfer,34.85,umbrella,0,2000.0,1,525.16,1,,0,,0,True,True,True,True,,eval,2.0,1.5422027824340283,0.0,1.0,3.3010299956639813,0.9825750000000001,1.0,525.1589907627882,1.0,2.0,1.5422027824340283,0.0,0.9825750000000001,525.1589907627882,1.0,9.0,1.0,1.0
20260727,230,clean,"baseline (happy path, demo aaa_demo.py M1)",pay_invoice,115.47,globex,0,2000.0,1,556.5,1,,0,,0,True,True,True,True,,train,0.0,2.0624691658142535,0.0,1.0,3.3010299956639813,0.942265,1.0,556.5043821698896,1.0,0.0,2.0624691658142535,0.0,0.942265,556.5043821698896,1.0,9.0,1.0,1.0
20260727,231,dtbs_field_tamper,demo-m2:binding-tamper-fuzz(7 fields); eatf-vec:tampered-metadata; eatf-vec:tampered-overt-receipt,pay_invoice,614.15,acme,0,5000.0,1,563.81,1,dtbs:nonce,0,,1,True,True,False,True,seal-invalid,train,0.0,2.7882744561838897,0.0,1.0,3.6989700043360187,0.8771700000000001,1.0,563.8145815539351,1.0,0.0,2.7882744561838897,0.0,0.8771700000000001,563.8145815539351,1.0,9.0,0.0,1.0
20260727,232,clean,"baseline (happy path, demo aaa_demo.py M1)",pay_invoice,95.98,px-818,1,2000.0,1,507.01,1,,0,,0,True,True,True,True,,eval,0.0,1.9821807455964027,1.0,1.0,3.3010299956639813,0.95201,1.0,507.00599333898657,1.0,0.0,1.9821807455964027,1.0,0.95201,507.00599333898657,1.0,9.0,1.0,1.0
20260727,233,wrong_holder_key,demo-attacks:5-wrong-holder-key,wire_transfer,4884.68,globex,0,20000.0,1,391.3,1,,1,mandate invalid: Signature verification failed,1,False,True,True,True,mandate-or-binding-invalid,train,2.0,3.6888361179450118,0.0,1.0,4.301029995663981,0.7557659999999999,1.0,391.29884300536605,1.0,2.0,3.6888361179450118,0.0,0.7557659999999999,391.29884300536605,1.0,9.0,1.0,1.0
20260727,234,clean,"baseline (happy path, demo aaa_demo.py M1)",refund_invoice,424.48,globex,0,20000.0,2,428.72,1,,0,,0,True,True,True,True,,train,1.0,2.627857232638254,0.0,2.0,4.301029995663981,0.978776,1.0,428.7200542618377,1.0,1.0,2.627857232638254,0.0,0.978776,428.7200542618377,1.0,9.0,1.0,1.0
20260727,235,clean,"baseline (happy path, demo aaa_demo.py M1)",wire_transfer,23.28,umbrella,0,500.0,3,494.79,1,,0,,0,True,True,True,True,,eval,2.0,1.366982975977851,0.0,3.0,2.6989700043360187,0.9534400000000001,1.0,494.78760092643773,1.0,2.0,1.366982975977851,0.0,0.9534400000000001,494.78760092643773,1.0,9.0,1.0,1.0
20260727,236,clean,"baseline (happy path, demo aaa_demo.py M1)",update_ledger,11320.98,globex,0,20000.0,1,93.42,1,,0,,0,True,True,True,True,,train,3.0,4.053884023157053,0.0,1.0,4.301029995663981,0.43395100000000003,1.0,93.42197501401341,1.0,3.0,4.053884023157053,0.0,0.43395100000000003,93.42197501401341,1.0,9.0,1.0,1.0
20260727,237,forged_credential_sig,mm-ablation:forged-altered-credential(L1); eatf-vec:bad-signature-classical,wire_transfer,284.62,initech,0,5000.0,3,285.5,1,,1,mandate invalid: Signature verification failed,1,False,True,True,True,mandate-or-binding-invalid,eval,2.0,2.4542654143162768,0.0,3.0,3.6989700043360187,0.943076,1.0,285.5036144951945,1.0,2.0,2.4542654143162768,0.0,0.943076,285.5036144951945,1.0,9.0,1.0,1.0
20260727,238,missing_component,eatf-vec:missing-canonical-bin,update_ledger,194.02,acme,0,500.0,3,168.9,1,missing:attestation_digest,0,,1,,,,,malformed-package (KeyError),eval,3.0,2.2878465002495174,0.0,3.0,2.6989700043360187,0.6119600000000001,1.0,168.90099233552453,1.0,3.0,2.2878465002495174,0.0,0.6119600000000001,168.90099233552453,1.0,8.0,1.0,1.0
20260727,239,clean,"baseline (happy path, demo aaa_demo.py M1)",pay_invoice,1381.55,px-343,1,20000.0,3,280.86,1,,0,,0,True,True,True,True,,eval,0.0,3.140366607190387,1.0,3.0,4.301029995663981,0.9309225,1.0,280.8555747051563,1.0,0.0,3.140366607190387,1.0,0.9309225,280.8555747051563,1.0,9.0,1.0,1.0
20260727,240,clean,"baseline (happy path, demo aaa_demo.py M1)",wire_transfer,22.27,initech,0,2000.0,3,401.08,1,,0,,0,True,True,True,True,,train,2.0,1.347720217034038,0.0,3.0,3.3010299956639813,0.988865,1.0,401.07695431377067,1.0,2.0,1.347720217034038,0.0,0.988865,401.07695431377067,1.0,9.0,1.0,1.0
20260727,241,payee_swap_action_hash,mm-ablation:payee-swapped-after-approval(L4); demo-attacks:1-action-hash-mismatch; demo-m2:confused-deputy,pay_invoice,15949.61,px-472,1,20000.0,2,525.05,1,,1,action_hash mismatch,1,False,True,True,True,mandate-or-binding-invalid,train,0.0,4.202750068150648,1.0,2.0,4.301029995663981,0.20251949999999996,1.0,525.0488648029659,1.0,0.0,4.202750068150648,1.0,0.20251949999999996,525.0488648029659,1.0,9.0,1.0,1.0
20260727,242,clean,"baseline (happy path, demo aaa_demo.py M1)",pay_invoice,64.44,umbrella,0,2000.0,1,102.39,1,,0,,0,True,True,True,True,,train,0.0,1.8091555317471804,0.0,1.0,3.3010299956639813,0.96778,1.0,102.38561666063784,1.0,0.0,1.8091555317471804,0.0,0.96778,102.38561666063784,1.0,9.0,1.0,1.0
20260727,243,clean,"baseline (happy path, demo aaa_demo.py M1)",refund_invoice,625.49,umbrella,0,2000.0,3,238.93,1,,0,,0,True,True,True,True,,eval,1.0,2.796220370816753,0.0,3.0,3.3010299956639813,0.687255,1.0,238.9337419832004,1.0,1.0,2.796220370816753,0.0,0.687255,238.9337419832004,1.0,9.0,1.0,1.0
20260727,244,untrusted_issuer,eatf-vec:untrusted-issuer; mm-ablation:issuer-not-on-trusted-list(L3),update_ledger,68.67,globex,0,500.0,1,125.94,0,,1,issuer not on trusted list,1,False,True,True,True,mandate-or-binding-invalid,train,3.0,1.8367670473942053,0.0,1.0,2.6989700043360187,0.86266,1.0,125.93881023000242,0.0,3.0,1.8367670473942053,0.0,0.86266,125.93881023000242,0.0,9.0,1.0,1.0
20260727,245,clean,"baseline (happy path, demo aaa_demo.py M1)",refund_invoice,4143.76,acme,0,5000.0,3,560.24,1,,0,,0,True,True,True,True,,train,1.0,3.6173945938187315,0.0,3.0,3.6989700043360187,0.17124799999999996,1.0,560.2385286082393,1.0,1.0,3.6173945938187315,0.0,0.17124799999999996,560.2385286082393,1.0,9.0,1.0,1.0
20260727,246,clean,"baseline (happy path, demo aaa_demo.py M1)",refund_invoice,9.69,acme,0,500.0,1,571.77,1,,0,,0,True,True,True,True,,train,1.0,0.9863237770507653,0.0,1.0,2.6989700043360187,0.98062,1.0,571.7719452020245,1.0,1.0,0.9863237770507653,0.0,0.98062,571.7719452020245,1.0,9.0,1.0,1.0
20260727,247,clean,"baseline (happy path, demo aaa_demo.py M1)",wire_transfer,1720.42,umbrella,0,2000.0,1,380.02,1,,0,,0,True,True,True,True,,train,2.0,3.2356344826144134,0.0,1.0,3.3010299956639813,0.13978999999999997,1.0,380.0164969289577,1.0,2.0,3.2356344826144134,0.0,0.13978999999999997,380.0164969289577,1.0,9.0,1.0,1.0
20260727,248,payee_swap_action_hash,mm-ablation:payee-swapped-after-approval(L4); demo-attacks:1-action-hash-mismatch; demo-m2:confused-deputy,wire_transfer,20.49,acme,0,500.0,1,564.53,1,,1,action_hash mismatch,1,False,True,True,True,mandate-or-binding-invalid,train,2.0,1.311541958401195,0.0,1.0,2.6989700043360187,0.95902,1.0,564.5327445511739,1.0,2.0,1.311541958401195,0.0,0.95902,564.5327445511739,1.0,9.0,1.0,1.0
20260727,249,clean,"baseline (happy path, demo aaa_demo.py M1)",refund_invoice,162.56,px-601,1,500.0,2,210.79,1,,0,,0,True,True,True,True,,eval,1.0,2.211013690603825,1.0,2.0,2.6989700043360187,0.67488,1.0,210.7901297096665,1.0,1.0,2.211013690603825,1.0,0.67488,210.7901297096665,1.0,9.0,1.0,1.0
20260727,250,clean,"baseline (happy path, demo aaa_demo.py M1)",pay_invoice,354.75,initech,0,20000.0,3,382.12,1,,0,,0,True,True,True,True,,train,0.0,2.5499224041295117,0.0,3.0,4.301029995663981,0.9822625,1.0,382.1231245162118,1.0,0.0,2.5499224041295117,0.0,0.9822625,382.1231245162118,1.0,9.0,1.0,1.0
20260727,251,clean,"baseline (happy path, demo aaa_demo.py M1)",wire_transfer,417.54,initech,0,2000.0,3,150.64,1,,0,,0,True,True,True,True,,eval,2.0,2.6206980868786585,0.0,3.0,3.3010299956639813,0.79123,1.0,150.642110834759,1.0,2.0,2.6206980868786585,0.0,0.79123,150.642110834759,1.0,9.0,1.0,1.0
20260727,252,clean,"baseline (happy path, demo aaa_demo.py M1)",wire_transfer,746.39,px-286,1,5000.0,2,273.31,1,,0,,0,True,True,True,True,,eval,2.0,2.872965812177468,1.0,2.0,3.6989700043360187,0.850722,1.0,273.31311568252295,1.0,2.0,2.872965812177468,1.0,0.850722,273.31311568252295,1.0,9.0,1.0,1.0
20260727,253,forged_seal,demo-attacks:6-forged-seal; eatf-vec:bad-signature-classical,refund_invoice,1038.37,px-429,1,5000.0,2,123.4,1,seal-signature-byte,0,,1,True,True,False,True,seal-invalid,eval,1.0,3.0163521322464844,1.0,2.0,3.6989700043360187,0.792326,1.0,123.40469406648793,1.0,1.0,3.0163521322464844,1.0,0.792326,123.40469406648793,1.0,9.0,1.0,1.0
20260727,254,clean,"baseline (happy path, demo aaa_demo.py M1)",wire_transfer,274.33,umbrella,0,20000.0,3,200.56,1,,0,,0,True,True,True,True,,train,2.0,2.4382733034923594,0.0,3.0,4.301029995663981,0.9862834999999999,1.0,200.564041618242,1.0,2.0,2.4382733034923594,0.0,0.9862834999999999,200.564041618242,1.0,9.0,1.0,1.0
20260727,255,outcome_mutation,eatf-vec:tampered-canonical-bin (content mutated after sealing),refund_invoice,1657.78,umbrella,0,20000.0,2,304.99,1,outcome:amount_eur,0,,1,True,False,True,True,content-mutated,train,1.0,3.2195268958611196,0.0,2.0,4.301029995663981,0.917111,1.0,304.98733813369756,1.0,1.0,3.2195268958611196,0.0,0.917111,304.98733813369756,1.0,9.0,1.0,1.0
20260727,256,forged_seal,demo-attacks:6-forged-seal; eatf-vec:bad-signature-classical,refund_invoice,132.42,px-936,1,2000.0,3,94.94,1,seal-signature-byte,0,,1,True,True,False,True,seal-invalid,train,1.0,2.1219535835452987,1.0,3.0,3.3010299956639813,0.93379,1.0,94.9447160838779,1.0,1.0,2.1219535835452987,1.0,0.93379,94.9447160838779,1.0,9.0,1.0,1.0
20260727,257,clean,"baseline (happy path, demo aaa_demo.py M1)",pay_invoice,8.07,globex,0,500.0,3,544.7,1,,0,,0,True,True,True,True,,eval,0.0,0.9068735347220704,0.0,3.0,2.6989700043360187,0.9838600000000001,1.0,544.7027397034847,1.0,0.0,0.9068735347220704,0.0,0.9838600000000001,544.7027397034847,1.0,9.0,1.0,1.0
20260727,258,clean,"baseline (happy path, demo aaa_demo.py M1)",update_ledger,2986.77,globex,0,5000.0,3,33.51,1,,0,,0,True,True,True,True,,eval,3.0,3.4752017804960835,0.0,3.0,3.6989700043360187,0.402646,1.0,33.50640035687702,1.0,3.0,3.4752017804960835,0.0,0.402646,33.50640035687702,1.0,9.0,1.0,1.0
20260727,259,payee_swap_action_hash,mm-ablation:payee-swapped-after-approval(L4); demo-attacks:1-action-hash-mismatch; demo-m2:confused-deputy,pay_invoice,43.6,px-933,1,2000.0,2,525.66,1,,1,action_hash mismatch,1,False,True,True,True,mandate-or-binding-invalid,train,0.0,1.639486489268586,1.0,2.0,3.3010299956639813,0.9782000000000001,1.0,525.6577462890253,1.0,0.0,1.639486489268586,1.0,0.9782000000000001,525.6577462890253,1.0,9.0,1.0,1.0
20260727,260,method_not_allowed,mm-ablation:prompt-injected-wire-transfer(L4),refund_invoice,44.97,initech,0,2000.0,2,48.52,1,,1,action out of scope,0,True,True,True,True,,train,1.0,1.6529228875679418,0.0,2.0,3.3010299956639813,0.977515,0.0,48.5203907934045,1.0,1.0,1.6529228875679418,0.0,0.977515,48.5203907934045,1.0,9.0,1.0,1.0
20260727,261,nonce_replay_same,"demo-attacks:3-nonce-replay (same-session variant, gate check 5)",refund_invoice,53.16,acme,0,2000.0,3,429.23,1,,1,nonce replay,0,True,True,True,True,,train,1.0,1.7255849722706944,0.0,3.0,3.3010299956639813,0.97342,1.0,429.23144690682744,1.0,1.0,1.7255849722706944,0.0,0.97342,429.23144690682744,1.0,9.0,1.0,1.0
20260727,262,clean,"baseline (happy path, demo aaa_demo.py M1)",pay_invoice,6.22,acme,0,500.0,2,39.8,1,,0,,0,True,True,True,True,,train,0.0,0.7937903846908186,0.0,2.0,2.6989700043360187,0.98756,1.0,39.79758838556871,1.0,0.0,0.7937903846908186,0.0,0.98756,39.79758838556871,1.0,9.0,1.0,1.0
20260727,263,clean,"baseline (happy path, demo aaa_demo.py M1)",pay_invoice,2639.41,px-753,1,5000.0,1,79.73,1,,0,,0,True,True,True,True,,train,0.0,3.4215068577862064,1.0,1.0,3.6989700043360187,0.47211800000000004,1.0,79.72540471176902,1.0,0.0,3.4215068577862064,1.0,0.47211800000000004,79.72540471176902,1.0,9.0,1.0,1.0
20260727,264,clean,"baseline (happy path, demo aaa_demo.py M1)",refund_invoice,196.98,globex,0,2000.0,3,61.71,1,,0,,0,True,True,True,True,,eval,1.0,2.2944221331129837,0.0,3.0,3.3010299956639813,0.90151,1.0,61.70620966604273,1.0,1.0,2.2944221331129837,0.0,0.90151,61.70620966604273,1.0,9.0,1.0,1.0
20260727,265,clean,"baseline (happy path, demo aaa_demo.py M1)",update_ledger,690.79,px-283,1,5000.0,1,449.63,1,,0,,0,True,True,True,True,,train,3.0,2.839346042016073,1.0,1.0,3.6989700043360187,0.861842,1.0,449.6304927194643,1.0,3.0,2.839346042016073,1.0,0.861842,449.6304927194643,1.0,9.0,1.0,1.0
20260727,266,over_scope_amount,mm-ablation:over-limit-payment(L4); demo-attacks:2-out-of-scope,pay_invoice,12648.57,umbrella,0,5000.0,2,210.65,1,,1,action out of scope,0,True,True,True,True,,train,0.0,4.102041428577916,0.0,2.0,3.6989700043360187,-1.529714,1.0,210.65024211485564,1.0,0.0,4.102041428577916,0.0,-1.529714,210.65024211485564,1.0,9.0,1.0,1.0
20260727,267,clean,"baseline (happy path, demo aaa_demo.py M1)",wire_transfer,515.62,initech,0,5000.0,3,53.84,1,,0,,0,True,True,True,True,,train,2.0,2.712329754533151,0.0,3.0,3.6989700043360187,0.896876,1.0,53.84072667176853,1.0,2.0,2.712329754533151,0.0,0.896876,53.84072667176853,1.0,9.0,1.0,1.0
20260727,268,forged_seal,demo-attacks:6-forged-seal; eatf-vec:bad-signature-classical,wire_transfer,600.64,acme,0,20000.0,2,371.4,1,seal-signature-byte,0,,1,True,True,False,True,seal-invalid,train,2.0,2.7786142509412524,0.0,2.0,4.301029995663981,0.969968,1.0,371.3955743523099,1.0,2.0,2.7786142509412524,0.0,0.969968,371.3955743523099,1.0,9.0,1.0,1.0
20260727,269,clean,"baseline (happy path, demo aaa_demo.py M1)",wire_transfer,6.6,initech,0,500.0,1,79.59,1,,0,,0,True,True,True,True,,train,2.0,0.8195439355418687,0.0,1.0,2.6989700043360187,0.9867999999999999,1.0,79.59226186758445,1.0,2.0,0.8195439355418687,0.0,0.9867999999999999,79.59226186758445,1.0,9.0,1.0,1.0
20260727,270,payee_swap_action_hash,mm-ablation:payee-swapped-after-approval(L4); demo-attacks:1-action-hash-mismatch; demo-m2:confused-deputy,update_ledger,1007.91,px-359,1,5000.0,3,258.2,1,,1,action_hash mismatch,1,False,True,True,True,mandate-or-binding-invalid,eval,3.0,3.003421754085292,1.0,3.0,3.6989700043360187,0.7984180000000001,1.0,258.2042079275144,1.0,3.0,3.003421754085292,1.0,0.7984180000000001,258.2042079275144,1.0,9.0,1.0,1.0
20260727,271,forged_credential_sig,mm-ablation:forged-altered-credential(L1); eatf-vec:bad-signature-classical,refund_invoice,376.24,globex,0,500.0,2,470.43,1,,1,mandate invalid: Signature verification failed,1,False,True,True,True,mandate-or-binding-invalid,train,1.0,2.575464965738023,0.0,2.0,2.6989700043360187,0.24752,1.0,470.429619107233,1.0,1.0,2.575464965738023,0.0,0.24752,470.429619107233,1.0,9.0,1.0,1.0
20260727,272,clean,"baseline (happy path, demo aaa_demo.py M1)",update_ledger,939.29,px-846,1,5000.0,3,223.5,1,,0,,0,True,True,True,True,,train,3.0,2.9727996987147987,1.0,3.0,3.6989700043360187,0.812142,1.0,223.49897391552466,1.0,3.0,2.9727996987147987,1.0,0.812142,223.49897391552466,1.0,9.0,1.0,1.0
20260727,273,untrusted_sam,demo-attacks:8-untrusted-SAM; eatf-vec:untrusted-issuer (sealer analogue),wire_transfer,82.82,initech,0,2000.0,2,495.26,1,,0,,1,True,True,True,False,sealer-not-listed,train,2.0,1.9181352261663593,0.0,2.0,3.3010299956639813,0.95859,1.0,495.2648019184957,1.0,2.0,1.9181352261663593,0.0,0.95859,495.2648019184957,1.0,9.0,1.0,1.0
20260727,274,untrusted_sam,demo-attacks:8-untrusted-SAM; eatf-vec:untrusted-issuer (sealer analogue),refund_invoice,295.39,umbrella,0,2000.0,3,572.03,1,,0,,1,True,True,True,False,sealer-not-listed,train,1.0,2.470395788815029,0.0,3.0,3.3010299956639813,0.8523050000000001,1.0,572.0336442696,1.0,1.0,2.470395788815029,0.0,0.8523050000000001,572.0336442696,1.0,9.0,1.0,1.0
20260727,275,clean,"baseline (happy path, demo aaa_demo.py M1)",update_ledger,82.88,acme,0,5000.0,3,94.95,1,,0,,0,True,True,True,True,,train,3.0,1.9184497424011577,0.0,3.0,3.6989700043360187,0.983424,1.0,94.95058136322533,1.0,3.0,1.9184497424011577,0.0,0.983424,94.95058136322533,1.0,9.0,1.0,1.0
20260727,276,clean,"baseline (happy path, demo aaa_demo.py M1)",update_ledger,2185.37,umbrella,0,20000.0,3,60.24,1,,0,,0,True,True,True,True,,train,3.0,3.339524976937835,0.0,3.0,4.301029995663981,0.8907315,1.0,60.23543728426503,1.0,3.0,3.339524976937835,0.0,0.8907315,60.23543728426503,1.0,9.0,1.0,1.0
20260727,277,expired_mandate,demo-attacks:4-expired-mandate,update_ledger,21.73,initech,0,2000.0,2,-128.87,1,,1,mandate invalid: Signature has expired,1,False,True,True,True,mandate-or-binding-invalid,train,3.0,1.3370597263205246,0.0,2.0,3.3010299956639813,0.989135,1.0,-128.87429029589686,1.0,3.0,1.3370597263205246,0.0,0.989135,-128.87429029589686,1.0,9.0,1.0,1.0
20260727,278,clean,"baseline (happy path, demo aaa_demo.py M1)",refund_invoice,220.06,px-769,1,20000.0,1,315.07,1,,0,,0,True,True,True,True,,train,1.0,2.3425411086233043,1.0,1.0,4.301029995663981,0.9889969999999999,1.0,315.0652584296231,1.0,1.0,2.3425411086233043,1.0,0.9889969999999999,315.0652584296231,1.0,9.0,1.0,1.0
20260727,279,outcome_mutation,eatf-vec:tampered-canonical-bin (content mutated after sealing),pay_invoice,166.78,acme,0,5000.0,1,188.95,1,outcome:amount_eur,0,,1,True,False,True,True,content-mutated,train,0.0,2.222143969500662,0.0,1.0,3.6989700043360187,0.9666440000000001,1.0,188.9467527682215,1.0,0.0,2.222143969500662,0.0,0.9666440000000001,188.9467527682215,1.0,9.0,1.0,1.0
20260727,280,dtbs_field_tamper,demo-m2:binding-tamper-fuzz(7 fields); eatf-vec:tampered-metadata; eatf-vec:tampered-overt-receipt,wire_transfer,8.25,px-832,1,500.0,3,239.1,1,dtbs:attestation_digest,0,,1,True,False,False,True,content-mutated,train,2.0,0.9164539485499251,1.0,3.0,2.6989700043360187,0.9835,1.0,239.09789902486565,1.0,2.0,0.9164539485499251,1.0,0.9835,239.09789902486565,1.0,9.0,1.0,1.0
20260727,281,clean,"baseline (happy path, demo aaa_demo.py M1)",pay_invoice,1106.74,globex,0,2000.0,2,580.68,1,,0,,0,True,True,True,True,,train,0.0,3.0440456065809154,0.0,2.0,3.3010299956639813,0.44662999999999997,1.0,580.6829504456472,1.0,0.0,3.0440456065809154,0.0,0.44662999999999997,580.6829504456472,1.0,9.0,1.0,1.0
20260727,282,missing_component,eatf-vec:missing-canonical-bin,wire_transfer,102.87,umbrella,0,5000.0,3,368.93,1,missing:mandate_digest,0,,1,,,,,malformed-package (KeyError),eval,2.0,2.0122887398346068,0.0,3.0,3.6989700043360187,0.979426,1.0,368.9303340789242,1.0,2.0,2.0122887398346068,0.0,0.979426,368.9303340789242,1.0,8.0,1.0,1.0
20260727,283,dtbs_field_tamper,demo-m2:binding-tamper-fuzz(7 fields); eatf-vec:tampered-metadata; eatf-vec:tampered-overt-receipt,update_ledger,60.76,umbrella,0,5000.0,2,423.58,1,dtbs:attestation_digest,0,,1,True,False,False,True,content-mutated,train,3.0,1.7836177651907488,0.0,2.0,3.6989700043360187,0.987848,1.0,423.5778376200682,1.0,3.0,1.7836177651907488,0.0,0.987848,423.5778376200682,1.0,9.0,1.0,1.0
20260727,284,payee_swap_action_hash,mm-ablation:payee-swapped-after-approval(L4); demo-attacks:1-action-hash-mismatch; demo-m2:confused-deputy,update_ledger,12.82,px-173,1,500.0,2,339.14,1,,1,action_hash mismatch,1,False,True,True,True,mandate-or-binding-invalid,train,3.0,1.1078880251827987,1.0,2.0,2.6989700043360187,0.97436,1.0,339.14302745039646,1.0,3.0,1.1078880251827987,1.0,0.97436,339.14302745039646,1.0,9.0,1.0,1.0
20260727,285,clean,"baseline (happy path, demo aaa_demo.py M1)",pay_invoice,288.09,initech,0,500.0,2,271.22,1,,0,,0,True,True,True,True,,train,0.0,2.459528183583457,0.0,2.0,2.6989700043360187,0.42382000000000003,1.0,271.22180339924455,1.0,0.0,2.459528183583457,0.0,0.42382000000000003,271.22180339924455,1.0,9.0,1.0,1.0
20260727,286,method_not_allowed,mm-ablation:prompt-injected-wire-transfer(L4),wire_transfer,244.83,acme,0,5000.0,3,325.76,1,,1,action out of scope,0,True,True,True,True,,train,2.0,2.388864632575594,0.0,3.0,3.6989700043360187,0.951034,0.0,325.7638183844358,1.0,2.0,2.388864632575594,0.0,0.951034,325.7638183844358,1.0,9.0,1.0,1.0
20260727,287,dtbs_field_tamper,demo-m2:binding-tamper-fuzz(7 fields); eatf-vec:tampered-metadata; eatf-vec:tampered-overt-receipt,update_ledger,10.63,px-005,1,500.0,1,427.68,1,dtbs:action_hash,0,,1,True,True,False,True,seal-invalid,train,3.0,1.0265332645232967,1.0,1.0,2.6989700043360187,0.97874,1.0,427.6773786469536,1.0,3.0,1.0265332645232967,1.0,0.97874,427.6773786469536,1.0,9.0,1.0,1.0
20260727,288,untrusted_sam,demo-attacks:8-untrusted-SAM; eatf-vec:untrusted-issuer (sealer analogue),refund_invoice,1443.95,globex,0,20000.0,2,324.75,1,,0,,1,True,True,True,False,sealer-not-listed,train,1.0,3.15955215507569,0.0,2.0,4.301029995663981,0.9278025,1.0,324.7534417460661,1.0,1.0,3.15955215507569,0.0,0.9278025,324.7534417460661,1.0,9.0,1.0,1.0
20260727,289,clean,"baseline (happy path, demo aaa_demo.py M1)",wire_transfer,77.12,globex,0,500.0,1,565.44,1,,0,,0,True,True,True,True,,train,2.0,1.8871670208947744,0.0,1.0,2.6989700043360187,0.84576,1.0,565.4404087431197,1.0,2.0,1.8871670208947744,0.0,0.84576,565.4404087431197,1.0,9.0,1.0,1.0
20260727,290,method_not_allowed,mm-ablation:prompt-injected-wire-transfer(L4),wire_transfer,27.95,umbrella,0,500.0,3,37.3,1,,1,action out of scope,0,True,True,True,True,,eval,2.0,1.446381812222442,0.0,3.0,2.6989700043360187,0.9441,0.0,37.30190516785841,1.0,2.0,1.446381812222442,0.0,0.9441,37.30190516785841,1.0,9.0,1.0,1.0
20260727,291,missing_component,eatf-vec:missing-canonical-bin,update_ledger,364.59,globex,0,500.0,3,119.13,1,missing:attestation_digest,0,,1,,,,,malformed-package (KeyError),train,3.0,2.561804752622913,0.0,3.0,2.6989700043360187,0.27082000000000006,1.0,119.12571402863905,1.0,3.0,2.561804752622913,0.0,0.27082000000000006,119.12571402863905,1.0,8.0,1.0,1.0
20260727,292,clean,"baseline (happy path, demo aaa_demo.py M1)",refund_invoice,7922.45,umbrella,0,20000.0,1,352.97,1,,0,,0,True,True,True,True,,train,1.0,3.898859506960777,0.0,1.0,4.301029995663981,0.6038775,1.0,352.96709682661213,1.0,1.0,3.898859506960777,0.0,0.6038775,352.96709682661213,1.0,9.0,1.0,1.0
20260727,293,clean,"baseline (happy path, demo aaa_demo.py M1)",wire_transfer,95.51,globex,0,500.0,1,479.36,1,,0,,0,True,True,True,True,,train,2.0,1.9800488450649567,0.0,1.0,2.6989700043360187,0.80898,1.0,479.36495015899226,1.0,2.0,1.9800488450649567,0.0,0.80898,479.36495015899226,1.0,9.0,1.0,1.0
20260727,294,clean,"baseline (happy path, demo aaa_demo.py M1)",update_ledger,16655.51,globex,0,20000.0,3,39.22,1,,0,,0,True,True,True,True,,train,3.0,4.221557935543837,0.0,3.0,4.301029995663981,0.16722450000000008,1.0,39.21743309094401,1.0,3.0,4.221557935543837,0.0,0.16722450000000008,39.21743309094401,1.0,9.0,1.0,1.0
20260727,295,clean,"baseline (happy path, demo aaa_demo.py M1)",wire_transfer,10.42,initech,0,500.0,1,472.96,1,,0,,0,True,True,True,True,,train,2.0,1.0178677189635057,0.0,1.0,2.6989700043360187,0.9791599999999999,1.0,472.9589680476136,1.0,2.0,1.0178677189635057,0.0,0.9791599999999999,472.9589680476136,1.0,9.0,1.0,1.0
20260727,296,clean,"baseline (happy path, demo aaa_demo.py M1)",wire_transfer,41.27,px-952,1,2000.0,1,111.98,1,,0,,0,True,True,True,True,,eval,2.0,1.615634468877416,1.0,1.0,3.3010299956639813,0.979365,1.0,111.97792131305829,1.0,2.0,1.615634468877416,1.0,0.979365,111.97792131305829,1.0,9.0,1.0,1.0
20260727,297,clean,"baseline (happy path, demo aaa_demo.py M1)",update_ledger,12.43,globex,0,500.0,1,529.4,1,,0,,0,True,True,True,True,,eval,3.0,1.0944711286416449,0.0,1.0,2.6989700043360187,0.97514,1.0,529.4036821852379,1.0,3.0,1.0944711286416449,0.0,0.97514,529.4036821852379,1.0,9.0,1.0,1.0
20260727,298,nonce_replay_same,"demo-attacks:3-nonce-replay (same-session variant, gate check 5)",update_ledger,554.18,initech,0,20000.0,1,400.56,1,,1,nonce replay,0,True,True,True,True,,eval,3.0,2.743650848320319,0.0,1.0,4.301029995663981,0.972291,1.0,400.5586265675489,1.0,3.0,2.743650848320319,0.0,0.972291,400.5586265675489,1.0,9.0,1.0,1.0
20260727,299,over_scope_amount,mm-ablation:over-limit-payment(L4); demo-attacks:2-out-of-scope,pay_invoice,1012.56,px-193,1,500.0,3,510.46,1,,1,action out of scope,0,True,True,True,True,,train,0.0,3.005420767093487,1.0,3.0,2.6989700043360187,-1.0251199999999998,1.0,510.4578219722723,1.0,0.0,3.005420767093487,1.0,-1.0251199999999998,510.4578219722723,1.0,9.0,1.0,1.0
20260727,300,clean,"baseline (happy path, demo aaa_demo.py M1)",pay_invoice,141.12,globex,0,5000.0,3,424.4,1,,0,,0,True,True,True,True,,eval,0.0,2.1495885677877444,0.0,3.0,3.6989700043360187,0.971776,1.0,424.39886368021666,1.0,0.0,2.1495885677877444,0.0,0.971776,424.39886368021666,1.0,9.0,1.0,1.0
20260727,301,forged_seal,demo-attacks:6-forged-seal; eatf-vec:bad-signature-classical,refund_invoice,464.35,initech,0,2000.0,2,487.23,1,seal-signature-byte,0,,1,True,True,False,True,seal-invalid,train,1.0,2.666845449884052,0.0,2.0,3.3010299956639813,0.7678250000000001,1.0,487.2340452183232,1.0,1.0,2.666845449884052,0.0,0.7678250000000001,487.2340452183232,1.0,9.0,1.0,1.0
20260727,302,method_not_allowed,mm-ablation:prompt-injected-wire-transfer(L4),pay_invoice,1447.66,acme,0,20000.0,2,455.41,1,,1,action out of scope,0,True,True,True,True,,eval,0.0,3.160666574663373,0.0,2.0,4.301029995663981,0.927617,0.0,455.41047701552924,1.0,0.0,3.160666574663373,0.0,0.927617,455.41047701552924,1.0,9.0,1.0,1.0
20260727,303,clean,"baseline (happy path, demo aaa_demo.py M1)",pay_invoice,233.74,initech,0,20000.0,2,297.4,1,,0,,0,True,True,True,True,,eval,0.0,2.368733039704047,0.0,2.0,4.301029995663981,0.9883129999999999,1.0,297.3969585123292,1.0,0.0,2.368733039704047,0.0,0.9883129999999999,297.3969585123292,1.0,9.0,1.0,1.0
20260727,304,clean,"baseline (happy path, demo aaa_demo.py M1)",update_ledger,648.73,px-617,1,5000.0,2,382.3,1,,0,,0,True,True,True,True,,train,3.0,2.812063981995586,1.0,2.0,3.6989700043360187,0.8702540000000001,1.0,382.30269206356024,1.0,3.0,2.812063981995586,1.0,0.8702540000000001,382.30269206356024,1.0,9.0,1.0,1.0
20260727,305,clean,"baseline (happy path, demo aaa_demo.py M1)",pay_invoice,47.52,globex,0,2000.0,2,567.66,1,,0,,0,True,True,True,True,,eval,0.0,1.676876431973137,0.0,2.0,3.3010299956639813,0.97624,1.0,567.6571690492083,1.0,0.0,1.676876431973137,0.0,0.97624,567.6571690492083,1.0,9.0,1.0,1.0
20260727,306,payee_swap_action_hash,mm-ablation:payee-swapped-after-approval(L4); demo-attacks:1-action-hash-mismatch; demo-m2:confused-deputy,update_ledger,19.39,px-068,1,500.0,1,532.38,1,,1,action_hash mismatch,1,False,True,True,True,mandate-or-binding-invalid,eval,3.0,1.2875778090787053,1.0,1.0,2.6989700043360187,0.9612200000000001,1.0,532.3818281486263,1.0,3.0,1.2875778090787053,1.0,0.9612200000000001,532.3818281486263,1.0,9.0,1.0,1.0
20260727,307,clean,"baseline (happy path, demo aaa_demo.py M1)",refund_invoice,102.54,globex,0,5000.0,1,561.63,1,,0,,0,True,True,True,True,,train,1.0,2.0108933131043805,0.0,1.0,3.6989700043360187,0.979492,1.0,561.6251490113863,1.0,1.0,2.0108933131043805,0.0,0.979492,561.6251490113863,1.0,9.0,1.0,1.0
20260727,308,clean,"baseline (happy path, demo aaa_demo.py M1)",pay_invoice,21.46,umbrella,0,500.0,2,41.59,1,,0,,0,True,True,True,True,,train,0.0,1.3316297176299323,0.0,2.0,2.6989700043360187,0.95708,1.0,41.586088869337495,1.0,0.0,1.3316297176299323,0.0,0.95708,41.586088869337495,1.0,9.0,1.0,1.0
20260727,309,clean,"baseline (happy path, demo aaa_demo.py M1)",update_ledger,13978.58,initech,0,20000.0,3,170.37,1,,0,,0,True,True,True,True,,train,3.0,4.1454630562818675,0.0,3.0,4.301029995663981,0.301071,1.0,170.36587595101204,1.0,3.0,4.1454630562818675,0.0,0.301071,170.36587595101204,1.0,9.0,1.0,1.0
20260727,310,dtbs_field_tamper,demo-m2:binding-tamper-fuzz(7 fields); eatf-vec:tampered-metadata; eatf-vec:tampered-overt-receipt,update_ledger,65.19,umbrella,0,5000.0,3,392.68,1,dtbs:nonce,0,,1,True,True,False,True,seal-invalid,train,3.0,1.814180981040187,0.0,3.0,3.6989700043360187,0.9869620000000001,1.0,392.67627573670916,1.0,3.0,1.814180981040187,0.0,0.9869620000000001,392.67627573670916,1.0,9.0,0.0,1.0
20260727,311,clean,"baseline (happy path, demo aaa_demo.py M1)",pay_invoice,202.32,initech,0,20000.0,2,43.17,1,,0,,0,True,True,True,True,,train,0.0,2.3060388163363483,0.0,2.0,4.301029995663981,0.989884,1.0,43.17336098330488,1.0,0.0,2.3060388163363483,0.0,0.989884,43.17336098330488,1.0,9.0,1.0,1.0
20260727,312,clean,"baseline (happy path, demo aaa_demo.py M1)",wire_transfer,200.87,globex,0,500.0,1,318.49,1,,0,,0,True,True,True,True,,train,2.0,2.3029150795688613,0.0,1.0,2.6989700043360187,0.59826,1.0,318.49015066701577,1.0,2.0,2.3029150795688613,0.0,0.59826,318.49015066701577,1.0,9.0,1.0,1.0
20260727,313,untrusted_issuer,eatf-vec:untrusted-issuer; mm-ablation:issuer-not-on-trusted-list(L3),wire_transfer,10.88,initech,0,500.0,3,363.46,0,,1,issuer not on trusted list,1,False,True,True,True,mandate-or-binding-invalid,eval,2.0,1.0366288953621612,0.0,3.0,2.6989700043360187,0.97824,1.0,363.46128381388735,0.0,2.0,1.0366288953621612,0.0,0.97824,363.46128381388735,0.0,9.0,1.0,1.0
20260727,314,clean,"baseline (happy path, demo aaa_demo.py M1)",pay_invoice,56.26,acme,0,5000.0,1,215.77,1,,0,,0,True,True,True,True,,eval,0.0,1.750199727829182,0.0,1.0,3.6989700043360187,0.988748,1.0,215.77431931251454,1.0,0.0,1.750199727829182,0.0,0.988748,215.77431931251454,1.0,9.0,1.0,1.0
20260727,315,clean,"baseline (happy path, demo aaa_demo.py M1)",update_ledger,65.83,initech,0,500.0,3,328.7,1,,0,,0,True,True,True,True,,train,3.0,1.8184238550920788,0.0,3.0,2.6989700043360187,0.86834,1.0,328.69910643071233,1.0,3.0,1.8184238550920788,0.0,0.86834,328.69910643071233,1.0,9.0,1.0,1.0
20260727,316,clean,"baseline (happy path, demo aaa_demo.py M1)",wire_transfer,23.44,px-936,1,500.0,3,225.12,1,,0,,0,True,True,True,True,,eval,2.0,1.369957607346053,1.0,3.0,2.6989700043360187,0.95312,1.0,225.11673701585244,1.0,2.0,1.369957607346053,1.0,0.95312,225.11673701585244,1.0,9.0,1.0,1.0
20260727,317,clean,"baseline (happy path, demo aaa_demo.py M1)",pay_invoice,12595.95,acme,0,20000.0,2,444.72,1,,0,,0,True,True,True,True,,eval,0.0,4.100230928023001,0.0,2.0,4.301029995663981,0.3702025,1.0,444.7245823488738,1.0,0.0,4.100230928023001,0.0,0.3702025,444.7245823488738,1.0,9.0,1.0,1.0
20260727,318,forged_credential_sig,mm-ablation:forged-altered-credential(L1); eatf-vec:bad-signature-classical,refund_invoice,954.8,initech,0,5000.0,3,265.42,1,,1,mandate invalid: Signature verification failed,1,False,True,True,True,mandate-or-binding-invalid,train,1.0,2.979912410334717,0.0,3.0,3.6989700043360187,0.80904,1.0,265.42153113625056,1.0,1.0,2.979912410334717,0.0,0.80904,265.42153113625056,1.0,9.0,1.0,1.0
20260727,319,dtbs_field_tamper,demo-m2:binding-tamper-fuzz(7 fields); eatf-vec:tampered-metadata; eatf-vec:tampered-overt-receipt,pay_invoice,63.23,px-907,1,5000.0,1,522.85,1,dtbs:attestation_digest,0,,1,True,False,False,True,content-mutated,train,0.0,1.8009231818132183,1.0,1.0,3.6989700043360187,0.9873540000000001,1.0,522.8479694929924,1.0,0.0,1.8009231818132183,1.0,0.9873540000000001,522.8479694929924,1.0,9.0,1.0,1.0
20260727,320,method_not_allowed,mm-ablation:prompt-injected-wire-transfer(L4),wire_transfer,17.53,acme,0,500.0,3,216.2,1,,1,action out of scope,0,True,True,True,True,,train,2.0,1.2437819160937948,0.0,3.0,2.6989700043360187,0.96494,0.0,216.198203223848,1.0,2.0,1.2437819160937948,0.0,0.96494,216.198203223848,1.0,9.0,1.0,1.0
20260727,321,clean,"baseline (happy path, demo aaa_demo.py M1)",wire_transfer,284.04,initech,0,20000.0,3,309.25,1,,0,,0,True,True,True,True,,eval,2.0,2.4533795039767075,0.0,3.0,4.301029995663981,0.985798,1.0,309.2460141035199,1.0,2.0,2.4533795039767075,0.0,0.985798,309.2460141035199,1.0,9.0,1.0,1.0
20260727,322,missing_component,eatf-vec:missing-canonical-bin,pay_invoice,151.99,umbrella,0,500.0,2,182.87,1,missing:seal,0,,1,,,,,malformed-package (KeyError),eval,0.0,2.1818150149994744,0.0,2.0,2.6989700043360187,0.69602,1.0,182.86724657324226,1.0,0.0,2.1818150149994744,0.0,0.69602,182.86724657324226,1.0,8.0,1.0,1.0
20260727,323,untrusted_sam,demo-attacks:8-untrusted-SAM; eatf-vec:untrusted-issuer (sealer analogue),update_ledger,327.86,globex,0,5000.0,3,300.07,1,,0,,1,True,True,True,False,sealer-not-listed,train,3.0,2.5156884345438995,0.0,3.0,3.6989700043360187,0.934428,1.0,300.0712430820845,1.0,3.0,2.5156884345438995,0.0,0.934428,300.0712430820845,1.0,9.0,1.0,1.0
20260727,324,over_scope_amount,mm-ablation:over-limit-payment(L4); demo-attacks:2-out-of-scope,update_ledger,45114.74,umbrella,0,20000.0,1,357.05,1,,1,action out of scope,0,True,True,True,True,,train,3.0,4.65431845883566,0.0,1.0,4.301029995663981,-1.2557369999999999,1.0,357.05231154636937,1.0,3.0,4.65431845883566,0.0,-1.2557369999999999,357.05231154636937,1.0,9.0,1.0,1.0
20260727,325,untrusted_issuer,eatf-vec:untrusted-issuer; mm-ablation:issuer-not-on-trusted-list(L3),pay_invoice,25.07,acme,0,500.0,3,407.75,0,,1,issuer not on trusted list,1,False,True,True,True,mandate-or-binding-invalid,train,0.0,1.3991543339582164,0.0,3.0,2.6989700043360187,0.94986,1.0,407.7517896099787,0.0,0.0,1.3991543339582164,0.0,0.94986,407.7517896099787,0.0,9.0,1.0,1.0
20260727,326,over_scope_amount,mm-ablation:over-limit-payment(L4); demo-attacks:2-out-of-scope,wire_transfer,37103.89,globex,0,20000.0,3,261.64,1,,1,action out of scope,0,True,True,True,True,,train,2.0,4.5694194437652405,0.0,3.0,4.301029995663981,-0.8551945,1.0,261.63931442249225,1.0,2.0,4.5694194437652405,0.0,-0.8551945,261.63931442249225,1.0,9.0,1.0,1.0
20260727,327,untrusted_issuer,eatf-vec:untrusted-issuer; mm-ablation:issuer-not-on-trusted-list(L3),pay_invoice,584.86,initech,0,2000.0,2,143.1,0,,1,issuer not on trusted list,1,False,True,True,True,mandate-or-binding-invalid,eval,0.0,2.767051919921517,0.0,2.0,3.3010299956639813,0.7075699999999999,1.0,143.10459311306212,0.0,0.0,2.767051919921517,0.0,0.7075699999999999,143.10459311306212,0.0,9.0,1.0,1.0
20260727,328,stale_attestation,mm-ablation:replayed-stale-attestation(L2),refund_invoice,944.28,initech,0,2000.0,3,474.84,1,,1,execution not affirming,1,True,False,True,True,content-mutated,eval,1.0,2.975100791357641,0.0,3.0,3.3010299956639813,0.52786,1.0,474.8361653160636,1.0,1.0,2.975100791357641,0.0,0.52786,474.8361653160636,1.0,9.0,1.0,0.0
20260727,329,method_not_allowed,mm-ablation:prompt-injected-wire-transfer(L4),pay_invoice,227.73,initech,0,20000.0,3,353.46,1,,1,action out of scope,0,True,True,True,True,,eval,0.0,2.357420246145415,0.0,3.0,4.301029995663981,0.9886135,0.0,353.45508764058866,1.0,0.0,2.357420246145415,0.0,0.9886135,353.45508764058866,1.0,9.0,1.0,1.0
20260727,330,clean,"baseline (happy path, demo aaa_demo.py M1)",refund_invoice,966.95,acme,0,20000.0,3,212.29,1,,0,,0,True,True,True,True,,train,1.0,2.985404017738112,0.0,3.0,4.301029995663981,0.9516525,1.0,212.28845666849685,1.0,1.0,2.985404017738112,0.0,0.9516525,212.28845666849685,1.0,9.0,1.0,1.0
20260727,331,tampered_ear,demo-attacks:7-tampered-EAR; eatf-vec:tampered-canonical-bin,refund_invoice,906.98,umbrella,0,20000.0,1,337.89,1,ear:quote_sig,0,,1,True,False,True,True,content-mutated,train,1.0,2.957597710449947,0.0,1.0,4.301029995663981,0.954651,1.0,337.88524853291773,1.0,1.0,2.957597710449947,0.0,0.954651,337.88524853291773,1.0,9.0,1.0,1.0
20260727,332,clean,"baseline (happy path, demo aaa_demo.py M1)",pay_invoice,317.84,px-603,1,20000.0,1,70.75,1,,0,,0,True,True,True,True,,eval,0.0,2.5022085520473065,1.0,1.0,4.301029995663981,0.984108,1.0,70.74638141586045,1.0,0.0,2.5022085520473065,1.0,0.984108,70.74638141586045,1.0,9.0,1.0,1.0
20260727,333,untrusted_sam,demo-attacks:8-untrusted-SAM; eatf-vec:untrusted-issuer (sealer analogue),pay_invoice,66.24,initech,0,5000.0,3,271.65,1,,0,,1,True,True,True,False,sealer-not-listed,eval,0.0,1.8211203237768236,0.0,3.0,3.6989700043360187,0.9867520000000001,1.0,271.6457393225024,1.0,0.0,1.8211203237768236,0.0,0.9867520000000001,271.6457393225024,1.0,9.0,1.0,1.0
20260727,334,clean,"baseline (happy path, demo aaa_demo.py M1)",pay_invoice,137.24,umbrella,0,5000.0,2,524.3,1,,0,,0,True,True,True,True,,train,0.0,2.137480709384136,0.0,2.0,3.6989700043360187,0.9725520000000001,1.0,524.3025864920337,1.0,0.0,2.137480709384136,0.0,0.9725520000000001,524.3025864920337,1.0,9.0,1.0,1.0
20260727,335,forged_seal,demo-attacks:6-forged-seal; eatf-vec:bad-signature-classical,update_ledger,18604.27,umbrella,0,20000.0,2,503.51,1,seal-signature-byte,0,,1,True,True,False,True,seal-invalid,train,3.0,4.269612633713013,0.0,2.0,4.301029995663981,0.06978649999999997,1.0,503.512834267298,1.0,3.0,4.269612633713013,0.0,0.06978649999999997,503.512834267298,1.0,9.0,1.0,1.0
20260727,336,clean,"baseline (happy path, demo aaa_demo.py M1)",update_ledger,13476.71,globex,0,20000.0,2,55.51,1,,0,,0,True,True,True,True,,train,3.0,4.129583883057046,0.0,2.0,4.301029995663981,0.3261645,1.0,55.51356770652278,1.0,3.0,4.129583883057046,0.0,0.3261645,55.51356770652278,1.0,9.0,1.0,1.0
20260727,337,clean,"baseline (happy path, demo aaa_demo.py M1)",update_ledger,60.15,initech,0,5000.0,3,282.37,1,,0,,0,True,True,True,True,,train,3.0,1.7792356316758635,0.0,3.0,3.6989700043360187,0.9879700000000001,1.0,282.37359630660774,1.0,3.0,1.7792356316758635,0.0,0.9879700000000001,282.37359630660774,1.0,9.0,1.0,1.0
20260727,338,dtbs_field_tamper,demo-m2:binding-tamper-fuzz(7 fields); eatf-vec:tampered-metadata; eatf-vec:tampered-overt-receipt,pay_invoice,1618.34,globex,0,2000.0,1,174.99,1,dtbs:attestation_digest,0,,1,True,False,False,True,content-mutated,eval,0.0,3.209069768581364,0.0,1.0,3.3010299956639813,0.19083000000000003,1.0,174.98573910578756,1.0,0.0,3.209069768581364,0.0,0.19083000000000003,174.98573910578756,1.0,9.0,1.0,1.0
20260727,339,clean,"baseline (happy path, demo aaa_demo.py M1)",pay_invoice,49.68,globex,0,2000.0,3,559.46,1,,0,,0,True,True,True,True,,eval,0.0,1.6961815871685237,0.0,3.0,3.3010299956639813,0.9751599999999999,1.0,559.4635799915544,1.0,0.0,1.6961815871685237,0.0,0.9751599999999999,559.4635799915544,1.0,9.0,1.0,1.0
20260727,340,clean,"baseline (happy path, demo aaa_demo.py M1)",update_ledger,60.57,initech,0,2000.0,1,466.44,1,,0,,0,True,True,True,True,,eval,3.0,1.7822575736633017,0.0,1.0,3.3010299956639813,0.969715,1.0,466.43638258464495,1.0,3.0,1.7822575736633017,0.0,0.969715,466.43638258464495,1.0,9.0,1.0,1.0
20260727,341,clean,"baseline (happy path, demo aaa_demo.py M1)",update_ledger,56.28,globex,0,5000.0,2,87.42,1,,0,,0,True,True,True,True,,eval,3.0,1.750354088762708,0.0,2.0,3.6989700043360187,0.9887440000000001,1.0,87.42103789404536,1.0,3.0,1.750354088762708,0.0,0.9887440000000001,87.42103789404536,1.0,9.0,1.0,1.0
20260727,342,wrong_holder_key,demo-attacks:5-wrong-holder-key,wire_transfer,49.77,acme,0,500.0,2,596.93,1,,1,mandate invalid: Signature verification failed,1,False,True,True,True,mandate-or-binding-invalid,eval,2.0,1.696967640744023,0.0,2.0,2.6989700043360187,0.90046,1.0,596.930626947733,1.0,2.0,1.696967640744023,0.0,0.90046,596.930626947733,1.0,9.0,1.0,1.0
20260727,343,expired_mandate,demo-attacks:4-expired-mandate,wire_transfer,113.76,acme,0,5000.0,2,-517.39,1,,1,mandate invalid: Signature has expired,1,False,True,True,True,mandate-or-binding-invalid,eval,2.0,2.055989583385691,0.0,2.0,3.6989700043360187,0.977248,1.0,-517.3859995548532,1.0,2.0,2.055989583385691,0.0,0.977248,-517.3859995548532,1.0,9.0,1.0,1.0
20260727,344,method_not_allowed,mm-ablation:prompt-injected-wire-transfer(L4),wire_transfer,10.82,initech,0,500.0,1,582.24,1,,1,action out of scope,0,True,True,True,True,,eval,2.0,1.0342272607705507,0.0,1.0,2.6989700043360187,0.97836,0.0,582.2391747268882,1.0,2.0,1.0342272607705507,0.0,0.97836,582.2391747268882,1.0,9.0,1.0,1.0
20260727,345,wrong_holder_key,demo-attacks:5-wrong-holder-key,update_ledger,269.2,globex,0,500.0,3,412.13,1,,1,mandate invalid: Signature verification failed,1,False,True,True,True,mandate-or-binding-invalid,train,3.0,2.430075055551939,0.0,3.0,2.6989700043360187,0.4616,1.0,412.1301674283212,1.0,3.0,2.430075055551939,0.0,0.4616,412.1301674283212,1.0,9.0,1.0,1.0
20260727,346,dtbs_field_tamper,demo-m2:binding-tamper-fuzz(7 fields); eatf-vec:tampered-metadata; eatf-vec:tampered-overt-receipt,wire_transfer,1591.57,px-228,1,20000.0,1,219.43,1,dtbs:nonce,0,,1,True,True,False,True,seal-invalid,train,2.0,3.2018257443991756,1.0,1.0,4.301029995663981,0.9204215,1.0,219.43099560375805,1.0,2.0,3.2018257443991756,1.0,0.9204215,219.43099560375805,1.0,9.0,0.0,1.0
20260727,347,clean,"baseline (happy path, demo aaa_demo.py M1)",update_ledger,4735.29,umbrella,0,5000.0,1,572.28,1,,0,,0,True,True,True,True,,eval,3.0,3.6753465813420547,0.0,1.0,3.6989700043360187,0.05294200000000001,1.0,572.2761305987926,1.0,3.0,3.6753465813420547,0.0,0.05294200000000001,572.2761305987926,1.0,9.0,1.0,1.0
20260727,348,clean,"baseline (happy path, demo aaa_demo.py M1)",pay_invoice,50.03,umbrella,0,500.0,2,295.25,1,,0,,0,True,True,True,True,,eval,0.0,1.6992305028834092,0.0,2.0,2.6989700043360187,0.8999400000000001,1.0,295.2477844036904,1.0,0.0,1.6992305028834092,0.0,0.8999400000000001,295.2477844036904,1.0,9.0,1.0,1.0
20260727,349,clean,"baseline (happy path, demo aaa_demo.py M1)",refund_invoice,7161.5,initech,0,20000.0,2,572.67,1,,0,,0,True,True,True,True,,train,1.0,3.8550039962596396,0.0,2.0,4.301029995663981,0.641925,1.0,572.6745882940613,1.0,1.0,3.8550039962596396,0.0,0.641925,572.6745882940613,1.0,9.0,1.0,1.0
20260727,350,clean,"baseline (happy path, demo aaa_demo.py M1)",wire_transfer,5.9,px-821,1,500.0,1,413.17,1,,0,,0,True,True,True,True,,train,2.0,0.7708520116421442,1.0,1.0,2.6989700043360187,0.9882000000000001,1.0,413.17099110809806,1.0,2.0,0.7708520116421442,1.0,0.9882000000000001,413.17099110809806,1.0,9.0,1.0,1.0
20260727,351,clean,"baseline (happy path, demo aaa_demo.py M1)",update_ledger,852.35,px-570,1,20000.0,3,238.45,1,,0,,0,True,True,True,True,,train,3.0,2.9306179654896183,1.0,3.0,4.301029995663981,0.9573825,1.0,238.44820887101574,1.0,3.0,2.9306179654896183,1.0,0.9573825,238.44820887101574,1.0,9.0,1.0,1.0
20260727,352,clean,"baseline (happy path, demo aaa_demo.py M1)",update_ledger,20.52,acme,0,500.0,2,459.76,1,,0,,0,True,True,True,True,,train,3.0,1.3121773564397787,0.0,2.0,2.6989700043360187,0.95896,1.0,459.76271272005675,1.0,3.0,1.3121773564397787,0.0,0.95896,459.76271272005675,1.0,9.0,1.0,1.0
20260727,353,clean,"baseline (happy path, demo aaa_demo.py M1)",wire_transfer,55.11,globex,0,2000.0,2,393.89,1,,0,,0,True,True,True,True,,train,2.0,1.7412304110254708,0.0,2.0,3.3010299956639813,0.972445,1.0,393.88552394032536,1.0,2.0,1.7412304110254708,0.0,0.972445,393.88552394032536,1.0,9.0,1.0,1.0
20260727,354,clean,"baseline (happy path, demo aaa_demo.py M1)",refund_invoice,492.74,umbrella,0,2000.0,2,596.98,1,,0,,0,True,True,True,True,,eval,1.0,2.6926178191739303,0.0,2.0,3.3010299956639813,0.75363,1.0,596.9814602865209,1.0,1.0,2.6926178191739303,0.0,0.75363,596.9814602865209,1.0,9.0,1.0,1.0
20260727,355,clean,"baseline (happy path, demo aaa_demo.py M1)",wire_transfer,369.29,umbrella,0,2000.0,1,283.05,1,,0,,0,True,True,True,True,,train,2.0,2.5673675475545266,0.0,1.0,3.3010299956639813,0.815355,1.0,283.049970977721,1.0,2.0,2.5673675475545266,0.0,0.815355,283.049970977721,1.0,9.0,1.0,1.0
20260727,356,clean,"baseline (happy path, demo aaa_demo.py M1)",update_ledger,141.31,acme,0,5000.0,3,492.15,1,,0,,0,True,True,True,True,,train,3.0,2.1501728963931312,0.0,3.0,3.6989700043360187,0.9717379999999999,1.0,492.1523170729948,1.0,3.0,2.1501728963931312,0.0,0.9717379999999999,492.1523170729948,1.0,9.0,1.0,1.0
20260727,357,dtbs_field_tamper,demo-m2:binding-tamper-fuzz(7 fields); eatf-vec:tampered-metadata; eatf-vec:tampered-overt-receipt,update_ledger,834.67,acme,0,20000.0,3,340.24,1,dtbs:action_hash,0,,1,True,True,False,True,seal-invalid,train,3.0,2.921514804218149,0.0,3.0,4.301029995663981,0.9582665000000001,1.0,340.24491836779026,1.0,3.0,2.921514804218149,0.0,0.9582665000000001,340.24491836779026,1.0,9.0,1.0,1.0
20260727,358,over_scope_amount,mm-ablation:over-limit-payment(L4); demo-attacks:2-out-of-scope,wire_transfer,6338.47,acme,0,5000.0,2,159.84,1,,1,action out of scope,0,True,True,True,True,,train,2.0,3.8019844391519433,0.0,2.0,3.6989700043360187,-0.26769400000000004,1.0,159.84196568804617,1.0,2.0,3.8019844391519433,0.0,-0.26769400000000004,159.84196568804617,1.0,9.0,1.0,1.0
20260727,359,clean,"baseline (happy path, demo aaa_demo.py M1)",refund_invoice,43.32,globex,0,500.0,2,552.25,1,,0,,0,True,True,True,True,,train,1.0,1.6366884479532828,0.0,2.0,2.6989700043360187,0.9133600000000001,1.0,552.2517304239462,1.0,1.0,1.6366884479532828,0.0,0.9133600000000001,552.2517304239462,1.0,9.0,1.0,1.0
20260727,360,untrusted_issuer,eatf-vec:untrusted-issuer; mm-ablation:issuer-not-on-trusted-list(L3),wire_transfer,129.14,globex,0,2000.0,2,216.95,0,,1,issuer not on trusted list,1,False,True,True,True,mandate-or-binding-invalid,train,2.0,2.1110607820698206,0.0,2.0,3.3010299956639813,0.9354300000000001,1.0,216.95243650037332,0.0,2.0,2.1110607820698206,0.0,0.9354300000000001,216.95243650037332,0.0,9.0,1.0,1.0
20260727,361,dtbs_field_tamper,demo-m2:binding-tamper-fuzz(7 fields); eatf-vec:tampered-metadata; eatf-vec:tampered-overt-receipt,update_ledger,1021.53,umbrella,0,20000.0,1,475.36,1,dtbs:attestation_digest,0,,1,True,False,False,True,content-mutated,train,3.0,3.0092511253915126,0.0,1.0,4.301029995663981,0.9489235,1.0,475.36020024461163,1.0,3.0,3.0092511253915126,0.0,0.9489235,475.36020024461163,1.0,9.0,1.0,1.0
20260727,362,clean,"baseline (happy path, demo aaa_demo.py M1)",pay_invoice,13.71,umbrella,0,500.0,2,554.8,1,,0,,0,True,True,True,True,,train,0.0,1.1370374547895126,0.0,2.0,2.6989700043360187,0.97258,1.0,554.797876451815,1.0,0.0,1.1370374547895126,0.0,0.97258,554.797876451815,1.0,9.0,1.0,1.0
20260727,363,clean,"baseline (happy path, demo aaa_demo.py M1)",refund_invoice,93.72,acme,0,2000.0,3,141.26,1,,0,,0,True,True,True,True,,train,1.0,1.971832279924925,0.0,3.0,3.3010299956639813,0.95314,1.0,141.26116961635026,1.0,1.0,1.971832279924925,0.0,0.95314,141.26116961635026,1.0,9.0,1.0,1.0
20260727,364,payee_swap_action_hash,mm-ablation:payee-swapped-after-approval(L4); demo-attacks:1-action-hash-mismatch; demo-m2:confused-deputy,update_ledger,1866.44,px-667,1,20000.0,1,446.06,1,,1,action_hash mismatch,1,False,True,True,True,mandate-or-binding-invalid,train,3.0,3.271014033325948,1.0,1.0,4.301029995663981,0.9066780000000001,1.0,446.05671667781644,1.0,3.0,3.271014033325948,1.0,0.9066780000000001,446.05671667781644,1.0,9.0,1.0,1.0
20260727,365,untrusted_issuer,eatf-vec:untrusted-issuer; mm-ablation:issuer-not-on-trusted-list(L3),pay_invoice,4138.1,initech,0,5000.0,3,242.74,0,,1,issuer not on trusted list,1,False,True,True,True,mandate-or-binding-invalid,train,0.0,3.6168009814779603,0.0,3.0,3.6989700043360187,0.17237999999999992,1.0,242.7392170793571,0.0,0.0,3.6168009814779603,0.0,0.17237999999999992,242.7392170793571,0.0,9.0,1.0,1.0
20260727,366,over_scope_amount,mm-ablation:over-limit-payment(L4); demo-attacks:2-out-of-scope,pay_invoice,50598.88,umbrella,0,20000.0,2,486.35,1,,1,action out of scope,0,True,True,True,True,,train,0.0,4.7041409038911235,0.0,2.0,4.301029995663981,-1.529944,1.0,486.34557606050214,1.0,0.0,4.7041409038911235,0.0,-1.529944,486.34557606050214,1.0,9.0,1.0,1.0
20260727,367,forged_credential_sig,mm-ablation:forged-altered-credential(L1); eatf-vec:bad-signature-classical,refund_invoice,125.44,px-713,1,2000.0,2,548.59,1,,1,mandate invalid: Signature verification failed,1,False,True,True,True,mandate-or-binding-invalid,train,1.0,2.098436045340363,1.0,2.0,3.3010299956639813,0.93728,1.0,548.5917629584045,1.0,1.0,2.098436045340363,1.0,0.93728,548.5917629584045,1.0,9.0,1.0,1.0
20260727,368,clean,"baseline (happy path, demo aaa_demo.py M1)",pay_invoice,109.15,umbrella,0,5000.0,3,392.59,1,,0,,0,True,True,True,True,,train,0.0,2.038023740045158,0.0,3.0,3.6989700043360187,0.9781700000000001,1.0,392.58862478675314,1.0,0.0,2.038023740045158,0.0,0.9781700000000001,392.58862478675314,1.0,9.0,1.0,1.0
20260727,369,untrusted_issuer,eatf-vec:untrusted-issuer; mm-ablation:issuer-not-on-trusted-list(L3),wire_transfer,242.96,umbrella,0,5000.0,1,217.28,0,,1,issuer not on trusted list,1,False,True,True,True,mandate-or-binding-invalid,train,2.0,2.385534778910209,0.0,1.0,3.6989700043360187,0.951408,1.0,217.28328033445544,0.0,2.0,2.385534778910209,0.0,0.951408,217.28328033445544,0.0,9.0,1.0,1.0
20260727,370,dtbs_field_tamper,demo-m2:binding-tamper-fuzz(7 fields); eatf-vec:tampered-metadata; eatf-vec:tampered-overt-receipt,wire_transfer,509.79,px-027,1,2000.0,1,559.29,1,dtbs:mandate_digest,0,,1,True,True,False,True,seal-invalid,eval,2.0,2.7073913121308673,1.0,1.0,3.3010299956639813,0.745105,1.0,559.2892751697907,1.0,2.0,2.7073913121308673,1.0,0.745105,559.2892751697907,1.0,9.0,1.0,1.0
20260727,371,clean,"baseline (happy path, demo aaa_demo.py M1)",update_ledger,5.55,px-571,1,500.0,3,375.26,1,,0,,0,True,True,True,True,,eval,3.0,0.7442929831226762,1.0,3.0,2.6989700043360187,0.9889,1.0,375.2645655387836,1.0,3.0,0.7442929831226762,1.0,0.9889,375.2645655387836,1.0,9.0,1.0,1.0
20260727,372,stale_attestation,mm-ablation:replayed-stale-attestation(L2),wire_transfer,30.96,acme,0,2000.0,3,418.83,1,,1,execution not affirming,1,True,False,True,True,content-mutated,train,2.0,1.490800952010855,0.0,3.0,3.3010299956639813,0.98452,1.0,418.834683483729,1.0,2.0,1.490800952010855,0.0,0.98452,418.834683483729,1.0,9.0,1.0,0.0
20260727,373,clean,"baseline (happy path, demo aaa_demo.py M1)",wire_transfer,44.21,initech,0,500.0,1,230.0,1,,0,,0,True,True,True,True,,train,2.0,1.645520514905874,0.0,1.0,2.6989700043360187,0.9115800000000001,1.0,229.9963112844207,1.0,2.0,1.645520514905874,0.0,0.9115800000000001,229.9963112844207,1.0,9.0,1.0,1.0
20260727,374,clean,"baseline (happy path, demo aaa_demo.py M1)",refund_invoice,216.74,px-035,1,2000.0,2,127.93,1,,0,,0,True,True,True,True,,train,1.0,2.3359390690317294,1.0,2.0,3.3010299956639813,0.89163,1.0,127.92719024238363,1.0,1.0,2.3359390690317294,1.0,0.89163,127.92719024238363,1.0,9.0,1.0,1.0
20260727,375,clean,"baseline (happy path, demo aaa_demo.py M1)",pay_invoice,30.08,initech,0,2000.0,3,470.74,1,,0,,0,True,True,True,True,,eval,0.0,1.4782778319196046,0.0,3.0,3.3010299956639813,0.9849600000000001,1.0,470.7393524030271,1.0,0.0,1.4782778319196046,0.0,0.9849600000000001,470.7393524030271,1.0,9.0,1.0,1.0
20260727,376,untrusted_issuer,eatf-vec:untrusted-issuer; mm-ablation:issuer-not-on-trusted-list(L3),update_ledger,6723.96,px-440,1,20000.0,1,139.41,0,,1,issuer not on trusted list,1,False,True,True,True,mandate-or-binding-invalid,train,3.0,3.827625121211373,1.0,1.0,4.301029995663981,0.663802,1.0,139.412779886469,0.0,3.0,3.827625121211373,1.0,0.663802,139.412779886469,0.0,9.0,1.0,1.0
20260727,377,clean,"baseline (happy path, demo aaa_demo.py M1)",update_ledger,274.75,px-390,1,500.0,2,384.05,1,,0,,0,True,True,True,True,,train,3.0,2.438937701095528,1.0,2.0,2.6989700043360187,0.4505,1.0,384.05106554460275,1.0,3.0,2.438937701095528,1.0,0.4505,384.05106554460275,1.0,9.0,1.0,1.0
20260727,378,clean,"baseline (happy path, demo aaa_demo.py M1)",wire_transfer,232.9,px-122,1,2000.0,3,427.7,1,,0,,0,True,True,True,True,,train,2.0,2.367169488534681,1.0,3.0,3.3010299956639813,0.88355,1.0,427.6983945581946,1.0,2.0,2.367169488534681,1.0,0.88355,427.6983945581946,1.0,9.0,1.0,1.0
20260727,379,outcome_mutation,eatf-vec:tampered-canonical-bin (content mutated after sealing),pay_invoice,139.51,px-885,1,500.0,1,390.51,1,outcome:amount_eur,0,,1,True,False,True,True,content-mutated,train,0.0,2.1446053387147446,1.0,1.0,2.6989700043360187,0.7209800000000001,1.0,390.50754919299544,1.0,0.0,2.1446053387147446,1.0,0.7209800000000001,390.50754919299544,1.0,9.0,1.0,1.0
20260727,380,wrong_holder_key,demo-attacks:5-wrong-holder-key,wire_transfer,243.67,px-243,1,20000.0,1,74.89,1,,1,mandate invalid: Signature verification failed,1,False,True,True,True,mandate-or-binding-invalid,train,2.0,2.3868020632985454,1.0,1.0,4.301029995663981,0.9878165000000001,1.0,74.88971928520482,1.0,2.0,2.3868020632985454,1.0,0.9878165000000001,74.88971928520482,1.0,9.0,1.0,1.0
20260727,381,over_scope_amount,mm-ablation:over-limit-payment(L4); demo-attacks:2-out-of-scope,wire_transfer,7667.35,globex,0,5000.0,1,312.67,1,,1,action out of scope,0,True,True,True,True,,train,2.0,3.88464528842896,0.0,1.0,3.6989700043360187,-0.5334700000000001,1.0,312.6660820128013,1.0,2.0,3.88464528842896,0.0,-0.5334700000000001,312.6660820128013,1.0,9.0,1.0,1.0
20260727,382,clean,"baseline (happy path, demo aaa_demo.py M1)",update_ledger,447.79,acme,0,2000.0,3,514.69,1,,0,,0,True,True,True,True,,eval,3.0,2.6510743907318193,0.0,3.0,3.3010299956639813,0.776105,1.0,514.6944676079481,1.0,3.0,2.6510743907318193,0.0,0.776105,514.6944676079481,1.0,9.0,1.0,1.0
20260727,383,forged_seal,demo-attacks:6-forged-seal; eatf-vec:bad-signature-classical,pay_invoice,1334.42,acme,0,5000.0,2,243.34,1,seal-signature-byte,0,,1,True,True,False,True,seal-invalid,train,0.0,3.1252925424547446,0.0,2.0,3.6989700043360187,0.733116,1.0,243.33669543924543,1.0,0.0,3.1252925424547446,0.0,0.733116,243.33669543924543,1.0,9.0,1.0,1.0
20260727,384,clean,"baseline (happy path, demo aaa_demo.py M1)",refund_invoice,229.64,acme,0,5000.0,2,136.17,1,,0,,0,True,True,True,True,,train,1.0,2.3610475381955816,0.0,2.0,3.6989700043360187,0.9540719999999999,1.0,136.16665130857632,1.0,1.0,2.3610475381955816,0.0,0.9540719999999999,136.16665130857632,1.0,9.0,1.0,1.0
20260727,385,clean,"baseline (happy path, demo aaa_demo.py M1)",pay_invoice,363.32,umbrella,0,5000.0,2,132.96,1,,0,,0,True,True,True,True,,train,0.0,2.5602893055163447,0.0,2.0,3.6989700043360187,0.927336,1.0,132.95827816282218,1.0,0.0,2.5602893055163447,0.0,0.927336,132.95827816282218,1.0,9.0,1.0,1.0
20260727,386,clean,"baseline (happy path, demo aaa_demo.py M1)",wire_transfer,393.22,px-948,1,5000.0,2,66.21,1,,0,,0,True,True,True,True,,train,2.0,2.5946355988567995,1.0,2.0,3.6989700043360187,0.921356,1.0,66.20819492140413,1.0,2.0,2.5946355988567995,1.0,0.921356,66.20819492140413,1.0,9.0,1.0,1.0
20260727,387,clean,"baseline (happy path, demo aaa_demo.py M1)",refund_invoice,2394.51,px-981,1,5000.0,3,510.28,1,,0,,0,True,True,True,True,,train,1.0,3.3792166550916147,1.0,3.0,3.6989700043360187,0.521098,1.0,510.2843205413914,1.0,1.0,3.3792166550916147,1.0,0.521098,510.2843205413914,1.0,9.0,1.0,1.0
20260727,388,outcome_mutation,eatf-vec:tampered-canonical-bin (content mutated after sealing),pay_invoice,25.11,initech,0,2000.0,3,145.23,1,outcome:amount_eur,0,,1,True,False,True,True,content-mutated,eval,0.0,1.3998467127129224,0.0,3.0,3.3010299956639813,0.987445,1.0,145.22906321085173,1.0,0.0,1.3998467127129224,0.0,0.987445,145.22906321085173,1.0,9.0,1.0,1.0
20260727,389,clean,"baseline (happy path, demo aaa_demo.py M1)",wire_transfer,84.51,acme,0,2000.0,2,507.99,1,,0,,0,True,True,True,True,,eval,2.0,1.926908101705436,0.0,2.0,3.3010299956639813,0.957745,1.0,507.9917697696008,1.0,2.0,1.926908101705436,0.0,0.957745,507.9917697696008,1.0,9.0,1.0,1.0
20260727,390,forged_credential_sig,mm-ablation:forged-altered-credential(L1); eatf-vec:bad-signature-classical,refund_invoice,2635.38,globex,0,20000.0,3,559.44,1,,1,mandate invalid: Signature verification failed,1,False,True,True,True,mandate-or-binding-invalid,eval,1.0,3.420843245736206,0.0,3.0,4.301029995663981,0.868231,1.0,559.4449480162782,1.0,1.0,3.420843245736206,0.0,0.868231,559.4449480162782,1.0,9.0,1.0,1.0
20260727,391,outcome_mutation,eatf-vec:tampered-canonical-bin (content mutated after sealing),wire_transfer,5.05,umbrella,0,500.0,1,39.82,1,outcome:amount_eur,0,,1,True,False,True,True,content-mutated,train,2.0,0.7032913781186614,0.0,1.0,2.6989700043360187,0.9899,1.0,39.81966453943576,1.0,2.0,0.7032913781186614,0.0,0.9899,39.81966453943576,1.0,9.0,1.0,1.0
20260727,392,clean,"baseline (happy path, demo aaa_demo.py M1)",pay_invoice,4402.47,initech,0,5000.0,3,590.37,1,,0,,0,True,True,True,True,,train,0.0,3.643696405211978,0.0,3.0,3.6989700043360187,0.11950599999999995,1.0,590.3742105620704,1.0,0.0,3.643696405211978,0.0,0.11950599999999995,590.3742105620704,1.0,9.0,1.0,1.0
20260727,393,clean,"baseline (happy path, demo aaa_demo.py M1)",update_ledger,57.26,initech,0,5000.0,3,523.67,1,,0,,0,True,True,True,True,,train,3.0,1.7578513436855798,0.0,3.0,3.6989700043360187,0.988548,1.0,523.667086708248,1.0,3.0,1.7578513436855798,0.0,0.988548,523.667086708248,1.0,9.0,1.0,1.0
20260727,394,clean,"baseline (happy path, demo aaa_demo.py M1)",wire_transfer,1877.93,umbrella,0,2000.0,2,425.16,1,,0,,0,True,True,True,True,,eval,2.0,3.2736793998681546,0.0,2.0,3.3010299956639813,0.06103499999999997,1.0,425.1611546492924,1.0,2.0,3.2736793998681546,0.0,0.06103499999999997,425.1611546492924,1.0,9.0,1.0,1.0
20260727,395,expired_mandate,demo-attacks:4-expired-mandate,update_ledger,474.91,umbrella,0,5000.0,3,-253.87,1,,1,mandate invalid: Signature has expired,1,False,True,True,True,mandate-or-binding-invalid,train,3.0,2.676611314452717,0.0,3.0,3.6989700043360187,0.905018,1.0,-253.87028698487802,1.0,3.0,2.676611314452717,0.0,0.905018,-253.87028698487802,1.0,9.0,1.0,1.0
20260727,396,clean,"baseline (happy path, demo aaa_demo.py M1)",refund_invoice,15.5,initech,0,500.0,1,83.09,1,,0,,0,True,True,True,True,,eval,1.0,1.1903316981702914,0.0,1.0,2.6989700043360187,0.969,1.0,83.08619273002236,1.0,1.0,1.1903316981702914,0.0,0.969,83.08619273002236,1.0,9.0,1.0,1.0
20260727,397,untrusted_issuer,eatf-vec:untrusted-issuer; mm-ablation:issuer-not-on-trusted-list(L3),pay_invoice,868.55,umbrella,0,2000.0,1,478.01,0,,1,issuer not on trusted list,1,False,True,True,True,mandate-or-binding-invalid,train,0.0,2.9387948246242863,0.0,1.0,3.3010299956639813,0.565725,1.0,478.01300567634604,0.0,0.0,2.9387948246242863,0.0,0.565725,478.01300567634604,0.0,9.0,1.0,1.0
20260727,398,forged_seal,demo-attacks:6-forged-seal; eatf-vec:bad-signature-classical,pay_invoice,17103.74,globex,0,20000.0,1,314.46,1,seal-signature-byte,0,,1,True,True,False,True,seal-invalid,train,0.0,4.2330910860508855,0.0,1.0,4.301029995663981,0.14481299999999991,1.0,314.4640160676204,1.0,0.0,4.2330910860508855,0.0,0.14481299999999991,314.4640160676204,1.0,9.0,1.0,1.0
20260727,399,nonce_replay_cross,demo-attacks:3-nonce-replay (cross-session variant),wire_transfer,21.92,acme,0,500.0,1,67.91,1,,1,mandate invalid: KB-JWT nonce mismatch,1,False,False,False,True,mandate-or-binding-invalid,train,2.0,1.3408405498123317,0.0,1.0,2.6989700043360187,0.95616,1.0,67.90892813344958,1.0,2.0,1.3408405498123317,0.0,0.95616,67.90892813344958,1.0,9.0,0.0,0.0
20260727,400,clean,"baseline (happy path, demo aaa_demo.py M1)",refund_invoice,1182.49,globex,0,2000.0,2,88.61,1,,0,,0,True,True,True,True,,train,1.0,3.0727974767137116,0.0,2.0,3.3010299956639813,0.408755,1.0,88.6056984987094,1.0,1.0,3.0727974767137116,0.0,0.408755,88.6056984987094,1.0,9.0,1.0,1.0
20260727,401,outcome_mutation,eatf-vec:tampered-canonical-bin (content mutated after sealing),refund_invoice,66.81,acme,0,500.0,3,328.84,1,outcome:amount_eur,0,,1,True,False,True,True,content-mutated,train,1.0,1.8248414717537007,0.0,3.0,2.6989700043360187,0.86638,1.0,328.8353852781431,1.0,1.0,1.8248414717537007,0.0,0.86638,328.8353852781431,1.0,9.0,1.0,1.0
20260727,402,clean,"baseline (happy path, demo aaa_demo.py M1)",update_ledger,286.2,initech,0,2000.0,3,91.5,1,,0,,0,True,True,True,True,,train,3.0,2.4566696294237573,0.0,3.0,3.3010299956639813,0.8569,1.0,91.50135162313961,1.0,3.0,2.4566696294237573,0.0,0.8569,91.50135162313961,1.0,9.0,1.0,1.0
20260727,403,method_not_allowed,mm-ablation:prompt-injected-wire-transfer(L4),update_ledger,157.67,globex,0,5000.0,3,441.93,1,,1,action out of scope,0,True,True,True,True,,train,3.0,2.1977490676226124,0.0,3.0,3.6989700043360187,0.9684659999999999,0.0,441.93234211208943,1.0,3.0,2.1977490676226124,0.0,0.9684659999999999,441.93234211208943,1.0,9.0,1.0,1.0
20260727,404,clean,"baseline (happy path, demo aaa_demo.py M1)",update_ledger,14807.26,umbrella,0,20000.0,3,442.32,1,,0,,0,True,True,True,True,,train,3.0,4.1704747022098,0.0,3.0,4.301029995663981,0.259637,1.0,442.3158927906473,1.0,3.0,4.1704747022098,0.0,0.259637,442.3158927906473,1.0,9.0,1.0,1.0
20260727,405,clean,"baseline (happy path, demo aaa_demo.py M1)",refund_invoice,215.71,globex,0,5000.0,2,507.17,1,,0,,0,True,True,True,True,,train,1.0,2.333870278826009,0.0,2.0,3.6989700043360187,0.956858,1.0,507.17354422590535,1.0,1.0,2.333870278826009,0.0,0.956858,507.17354422590535,1.0,9.0,1.0,1.0
20260727,406,over_scope_amount,mm-ablation:over-limit-payment(L4); demo-attacks:2-out-of-scope,refund_invoice,7039.99,px-185,1,5000.0,3,185.99,1,,1,action out of scope,0,True,True,True,True,,train,1.0,3.847572042246103,1.0,3.0,3.6989700043360187,-0.40799799999999997,1.0,185.9871264551873,1.0,1.0,3.847572042246103,1.0,-0.40799799999999997,185.9871264551873,1.0,9.0,1.0,1.0
20260727,407,method_not_allowed,mm-ablation:prompt-injected-wire-transfer(L4),refund_invoice,64.59,acme,0,500.0,3,452.05,1,,1,action out of scope,0,True,True,True,True,,train,1.0,1.8101652845431497,0.0,3.0,2.6989700043360187,0.8708199999999999,0.0,452.04995600505094,1.0,1.0,1.8101652845431497,0.0,0.8708199999999999,452.04995600505094,1.0,9.0,1.0,1.0
20260727,408,forged_seal,demo-attacks:6-forged-seal; eatf-vec:bad-signature-classical,wire_transfer,115.31,acme,0,500.0,3,39.3,1,seal-signature-byte,0,,1,True,True,False,True,seal-invalid,eval,2.0,2.061866972138563,0.0,3.0,2.6989700043360187,0.76938,1.0,39.298925999829265,1.0,2.0,2.061866972138563,0.0,0.76938,39.298925999829265,1.0,9.0,1.0,1.0
20260727,409,clean,"baseline (happy path, demo aaa_demo.py M1)",update_ledger,96.94,initech,0,5000.0,3,569.29,1,,0,,0,True,True,True,True,,train,3.0,1.9865030153867405,0.0,3.0,3.6989700043360187,0.980612,1.0,569.2855864872532,1.0,3.0,1.9865030153867405,0.0,0.980612,569.2855864872532,1.0,9.0,1.0,1.0
20260727,410,untrusted_sam,demo-attacks:8-untrusted-SAM; eatf-vec:untrusted-issuer (sealer analogue),wire_transfer,2868.5,umbrella,0,20000.0,1,509.85,1,,0,,1,True,True,True,False,sealer-not-listed,train,2.0,3.4576548542184598,0.0,1.0,4.301029995663981,0.856575,1.0,509.85033982408504,1.0,2.0,3.4576548542184598,0.0,0.856575,509.85033982408504,1.0,9.0,1.0,1.0
20260727,411,expired_mandate,demo-attacks:4-expired-mandate,pay_invoice,173.73,acme,0,5000.0,1,-250.81,1,,1,mandate invalid: Signature has expired,1,False,True,True,True,mandate-or-binding-invalid,train,0.0,2.2398748196530365,0.0,1.0,3.6989700043360187,0.9652540000000001,1.0,-250.80524029762682,1.0,0.0,2.2398748196530365,0.0,0.9652540000000001,-250.80524029762682,1.0,9.0,1.0,1.0
20260727,412,outcome_mutation,eatf-vec:tampered-canonical-bin (content mutated after sealing),update_ledger,51.49,umbrella,0,5000.0,3,275.08,1,outcome:amount_eur,0,,1,True,False,True,True,content-mutated,train,3.0,1.7117228918272347,0.0,3.0,3.6989700043360187,0.9897020000000001,1.0,275.07692311431686,1.0,3.0,1.7117228918272347,0.0,0.9897020000000001,275.07692311431686,1.0,9.0,1.0,1.0
20260727,413,clean,"baseline (happy path, demo aaa_demo.py M1)",wire_transfer,859.78,globex,0,5000.0,3,425.46,1,,0,,0,True,True,True,True,,train,2.0,2.9343873384424652,0.0,3.0,3.6989700043360187,0.828044,1.0,425.46004054839403,1.0,2.0,2.9343873384424652,0.0,0.828044,425.46004054839403,1.0,9.0,1.0,1.0
20260727,414,untrusted_sam,demo-attacks:8-untrusted-SAM; eatf-vec:untrusted-issuer (sealer analogue),refund_invoice,5.97,umbrella,0,500.0,3,30.48,1,,0,,1,True,True,True,False,sealer-not-listed,train,1.0,0.7759743311293691,0.0,3.0,2.6989700043360187,0.9880599999999999,1.0,30.476942572208756,1.0,1.0,0.7759743311293691,0.0,0.9880599999999999,30.476942572208756,1.0,9.0,1.0,1.0
20260727,415,clean,"baseline (happy path, demo aaa_demo.py M1)",update_ledger,12087.84,umbrella,0,20000.0,3,162.12,1,,0,,0,True,True,True,True,,train,3.0,4.082348702855044,0.0,3.0,4.301029995663981,0.395608,1.0,162.1237415013459,1.0,3.0,4.082348702855044,0.0,0.395608,162.1237415013459,1.0,9.0,1.0,1.0
20260727,416,clean,"baseline (happy path, demo aaa_demo.py M1)",update_ledger,33.88,px-225,1,2000.0,2,335.45,1,,0,,0,True,True,True,True,,train,3.0,1.5299434016586693,1.0,2.0,3.3010299956639813,0.9830599999999999,1.0,335.44607990339466,1.0,3.0,1.5299434016586693,1.0,0.9830599999999999,335.44607990339466,1.0,9.0,1.0,1.0
20260727,417,clean,"baseline (happy path, demo aaa_demo.py M1)",update_ledger,6.93,umbrella,0,500.0,1,278.42,1,,0,,0,True,True,True,True,,train,3.0,0.8407332346118067,0.0,1.0,2.6989700043360187,0.98614,1.0,278.42119275744415,1.0,3.0,0.8407332346118067,0.0,0.98614,278.42119275744415,1.0,9.0,1.0,1.0
20260727,418,clean,"baseline (happy path, demo aaa_demo.py M1)",refund_invoice,3931.18,umbrella,0,5000.0,3,262.7,1,,0,,0,True,True,True,True,,eval,1.0,3.594522929654999,0.0,3.0,3.6989700043360187,0.21376400000000004,1.0,262.7011445259507,1.0,1.0,3.594522929654999,0.0,0.21376400000000004,262.7011445259507,1.0,9.0,1.0,1.0
20260727,419,wrong_holder_key,demo-attacks:5-wrong-holder-key,pay_invoice,5065.82,px-285,1,20000.0,2,136.25,1,,1,mandate invalid: Signature verification failed,1,False,True,True,True,mandate-or-binding-invalid,train,0.0,3.7046497542670918,1.0,2.0,4.301029995663981,0.7467090000000001,1.0,136.2475941106551,1.0,0.0,3.7046497542670918,1.0,0.7467090000000001,136.2475941106551,1.0,9.0,1.0,1.0
20260727,420,forged_seal,demo-attacks:6-forged-seal; eatf-vec:bad-signature-classical,update_ledger,1256.13,umbrella,0,20000.0,2,195.17,1,seal-signature-byte,0,,1,True,True,False,True,seal-invalid,train,3.0,3.0990345879370396,0.0,2.0,4.301029995663981,0.9371934999999999,1.0,195.16518457333544,1.0,3.0,3.0990345879370396,0.0,0.9371934999999999,195.16518457333544,1.0,9.0,1.0,1.0
20260727,421,method_not_allowed,mm-ablation:prompt-injected-wire-transfer(L4),refund_invoice,1284.11,globex,0,5000.0,1,400.42,1,,1,action out of scope,0,True,True,True,True,,train,1.0,3.108602228052773,0.0,1.0,3.6989700043360187,0.7431780000000001,0.0,400.420081589379,1.0,1.0,3.108602228052773,0.0,0.7431780000000001,400.420081589379,1.0,9.0,1.0,1.0
20260727,422,clean,"baseline (happy path, demo aaa_demo.py M1)",pay_invoice,6375.75,initech,0,20000.0,1,310.06,1,,0,,0,True,True,True,True,,train,0.0,3.8045312795691895,0.0,1.0,4.301029995663981,0.6812125,1.0,310.05723137941584,1.0,0.0,3.8045312795691895,0.0,0.6812125,310.05723137941584,1.0,9.0,1.0,1.0
20260727,423,clean,"baseline (happy path, demo aaa_demo.py M1)",refund_invoice,578.02,umbrella,0,20000.0,3,424.55,1,,0,,0,True,True,True,True,,train,1.0,2.761942865651267,0.0,3.0,4.301029995663981,0.9710989999999999,1.0,424.54759989122647,1.0,1.0,2.761942865651267,0.0,0.9710989999999999,424.54759989122647,1.0,9.0,1.0,1.0
20260727,424,outcome_mutation,eatf-vec:tampered-canonical-bin (content mutated after sealing),refund_invoice,1017.28,umbrella,0,5000.0,3,102.99,1,outcome:amount_eur,0,,1,True,False,True,True,content-mutated,eval,1.0,3.007440506234679,0.0,3.0,3.6989700043360187,0.796544,1.0,102.99248244017369,1.0,1.0,3.007440506234679,0.0,0.796544,102.99248244017369,1.0,9.0,1.0,1.0
20260727,425,untrusted_issuer,eatf-vec:untrusted-issuer; mm-ablation:issuer-not-on-trusted-list(L3),wire_transfer,1391.09,px-520,1,2000.0,1,332.71,0,,1,issuer not on trusted list,1,False,True,True,True,mandate-or-binding-invalid,eval,2.0,3.1433552286541206,1.0,1.0,3.3010299956639813,0.30445500000000003,1.0,332.7082964940055,0.0,2.0,3.1433552286541206,1.0,0.30445500000000003,332.7082964940055,0.0,9.0,1.0,1.0
20260727,426,over_scope_amount,mm-ablation:over-limit-payment(L4); demo-attacks:2-out-of-scope,pay_invoice,10889.96,globex,0,5000.0,2,60.82,1,,1,action out of scope,0,True,True,True,True,,train,0.0,4.037026284548137,0.0,2.0,3.6989700043360187,-1.177992,1.0,60.82497277230737,1.0,0.0,4.037026284548137,0.0,-1.177992,60.82497277230737,1.0,9.0,1.0,1.0
20260727,427,clean,"baseline (happy path, demo aaa_demo.py M1)",refund_invoice,518.61,umbrella,0,20000.0,2,239.41,1,,0,,0,True,True,True,True,,train,1.0,2.714840886715916,0.0,2.0,4.301029995663981,0.9740694999999999,1.0,239.408009952114,1.0,1.0,2.714840886715916,0.0,0.9740694999999999,239.408009952114,1.0,9.0,1.0,1.0
20260727,428,dtbs_field_tamper,demo-m2:binding-tamper-fuzz(7 fields); eatf-vec:tampered-metadata; eatf-vec:tampered-overt-receipt,update_ledger,154.14,px-250,1,2000.0,2,268.76,1,dtbs:holder_cnf_thumbprint,0,,1,True,True,False,True,seal-invalid,train,3.0,2.1879153546499897,1.0,2.0,3.3010299956639813,0.92293,1.0,268.7583119292414,1.0,3.0,2.1879153546499897,1.0,0.92293,268.7583119292414,1.0,9.0,1.0,1.0
20260727,429,clean,"baseline (happy path, demo aaa_demo.py M1)",pay_invoice,12.84,globex,0,500.0,1,81.96,1,,0,,0,True,True,True,True,,train,0.0,1.1085650237328344,0.0,1.0,2.6989700043360187,0.9743200000000001,1.0,81.96148797177571,1.0,0.0,1.1085650237328344,0.0,0.9743200000000001,81.96148797177571,1.0,9.0,1.0,1.0
20260727,430,clean,"baseline (happy path, demo aaa_demo.py M1)",pay_invoice,3377.91,px-835,1,20000.0,2,58.87,1,,0,,0,True,True,True,True,,eval,0.0,3.5286480741799067,1.0,2.0,4.301029995663981,0.8311045,1.0,58.87177473873677,1.0,0.0,3.5286480741799067,1.0,0.8311045,58.87177473873677,1.0,9.0,1.0,1.0
20260727,431,clean,"baseline (happy path, demo aaa_demo.py M1)",refund_invoice,67.37,acme,0,2000.0,2,143.72,1,,0,,0,True,True,True,True,,train,1.0,1.8284665473526784,0.0,2.0,3.3010299956639813,0.966315,1.0,143.71700287371522,1.0,1.0,1.8284665473526784,0.0,0.966315,143.71700287371522,1.0,9.0,1.0,1.0
20260727,432,dtbs_field_tamper,demo-m2:binding-tamper-fuzz(7 fields); eatf-vec:tampered-metadata; eatf-vec:tampered-overt-receipt,refund_invoice,83.25,initech,0,5000.0,3,234.31,1,dtbs:bind_ver,0,,1,True,True,False,True,seal-invalid,train,1.0,1.9203842421783575,0.0,3.0,3.6989700043360187,0.98335,1.0,234.30505845273194,1.0,1.0,1.9203842421783575,0.0,0.98335,234.30505845273194,1.0,9.0,1.0,1.0
20260727,433,clean,"baseline (happy path, demo aaa_demo.py M1)",refund_invoice,187.68,px-365,1,2000.0,1,111.81,1,,0,,0,True,True,True,True,,train,1.0,2.273417994771454,1.0,1.0,3.3010299956639813,0.90616,1.0,111.812611997923,1.0,1.0,2.273417994771454,1.0,0.90616,111.812611997923,1.0,9.0,1.0,1.0
20260727,434,clean,"baseline (happy path, demo aaa_demo.py M1)",wire_transfer,1351.69,acme,0,5000.0,3,456.86,1,,0,,0,True,True,True,True,,eval,2.0,3.1308771008315417,0.0,3.0,3.6989700043360187,0.729662,1.0,456.8623268603167,1.0,2.0,3.1308771008315417,0.0,0.729662,456.8623268603167,1.0,9.0,1.0,1.0
20260727,435,clean,"baseline (happy path, demo aaa_demo.py M1)",pay_invoice,305.28,umbrella,0,20000.0,2,196.89,1,,0,,0,True,True,True,True,,eval,0.0,2.484698353024001,0.0,2.0,4.301029995663981,0.9847360000000001,1.0,196.8915749389293,1.0,0.0,2.484698353024001,0.0,0.9847360000000001,196.8915749389293,1.0,9.0,1.0,1.0
20260727,436,clean,"baseline (happy path, demo aaa_demo.py M1)",refund_invoice,8525.99,globex,0,20000.0,3,241.27,1,,0,,0,True,True,True,True,,eval,1.0,3.9307448189342233,0.0,3.0,4.301029995663981,0.5737005000000001,1.0,241.26721248521088,1.0,1.0,3.9307448189342233,0.0,0.5737005000000001,241.26721248521088,1.0,9.0,1.0,1.0
20260727,437,forged_seal,demo-attacks:6-forged-seal; eatf-vec:bad-signature-classical,wire_transfer,620.76,px-243,1,5000.0,2,267.02,1,seal-signature-byte,0,,1,True,True,False,True,seal-invalid,train,2.0,2.7929237244567076,1.0,2.0,3.6989700043360187,0.875848,1.0,267.02082716372286,1.0,2.0,2.7929237244567076,1.0,0.875848,267.02082716372286,1.0,9.0,1.0,1.0
20260727,438,payee_swap_action_hash,mm-ablation:payee-swapped-after-approval(L4); demo-attacks:1-action-hash-mismatch; demo-m2:confused-deputy,update_ledger,17589.99,umbrella,0,20000.0,2,297.48,1,,1,action_hash mismatch,1,False,True,True,True,mandate-or-binding-invalid,train,3.0,4.245265592558879,0.0,2.0,4.301029995663981,0.12050049999999991,1.0,297.4799741438452,1.0,3.0,4.245265592558879,0.0,0.12050049999999991,297.4799741438452,1.0,9.0,1.0,1.0
20260727,439,untrusted_sam,demo-attacks:8-untrusted-SAM; eatf-vec:untrusted-issuer (sealer analogue),wire_transfer,94.76,globex,0,500.0,2,561.9,1,,0,,1,True,True,True,False,sealer-not-listed,eval,2.0,1.9766250520507276,0.0,2.0,2.6989700043360187,0.81048,1.0,561.8994068020622,1.0,2.0,1.9766250520507276,0.0,0.81048,561.8994068020622,1.0,9.0,1.0,1.0
20260727,440,clean,"baseline (happy path, demo aaa_demo.py M1)",wire_transfer,2758.24,initech,0,5000.0,2,429.79,1,,0,,0,True,True,True,True,,train,2.0,3.4406320523187524,0.0,2.0,3.6989700043360187,0.44835200000000003,1.0,429.78680091622147,1.0,2.0,3.4406320523187524,0.0,0.44835200000000003,429.78680091622147,1.0,9.0,1.0,1.0
20260727,441,clean,"baseline (happy path, demo aaa_demo.py M1)",wire_transfer,2744.58,globex,0,20000.0,3,455.28,1,,0,,0,True,True,True,True,,train,2.0,3.438475894273104,0.0,3.0,4.301029995663981,0.862771,1.0,455.284587935668,1.0,2.0,3.438475894273104,0.0,0.862771,455.284587935668,1.0,9.0,1.0,1.0
20260727,442,clean,"baseline (happy path, demo aaa_demo.py M1)",refund_invoice,73.49,umbrella,0,2000.0,1,218.46,1,,0,,0,True,True,True,True,,eval,1.0,1.8662282473796472,0.0,1.0,3.3010299956639813,0.963255,1.0,218.46117111212004,1.0,1.0,1.8662282473796472,0.0,0.963255,218.46117111212004,1.0,9.0,1.0,1.0
20260727,443,over_scope_amount,mm-ablation:over-limit-payment(L4); demo-attacks:2-out-of-scope,refund_invoice,860.48,globex,0,500.0,2,509.34,1,,1,action out of scope,0,True,True,True,True,,train,1.0,2.9347407805432075,0.0,2.0,2.6989700043360187,-0.72096,1.0,509.33883970790475,1.0,1.0,2.9347407805432075,0.0,-0.72096,509.33883970790475,1.0,9.0,1.0,1.0
20260727,444,clean,"baseline (happy path, demo aaa_demo.py M1)",wire_transfer,26.11,acme,0,500.0,1,44.79,1,,0,,0,True,True,True,True,,eval,2.0,1.4168068718229445,0.0,1.0,2.6989700043360187,0.94778,1.0,44.785082738754525,1.0,2.0,1.4168068718229445,0.0,0.94778,44.785082738754525,1.0,9.0,1.0,1.0
20260727,445,over_scope_amount,mm-ablation:over-limit-payment(L4); demo-attacks:2-out-of-scope,refund_invoice,2149.92,initech,0,2000.0,1,62.26,1,,1,action out of scope,0,True,True,True,True,,eval,1.0,3.332422299820275,0.0,1.0,3.3010299956639813,-0.07496000000000004,1.0,62.26223483215914,1.0,1.0,3.332422299820275,0.0,-0.07496000000000004,62.26223483215914,1.0,9.0,1.0,1.0
20260727,446,clean,"baseline (happy path, demo aaa_demo.py M1)",wire_transfer,5.08,umbrella,0,500.0,2,204.29,1,,0,,0,True,True,True,True,,eval,2.0,0.7058637122839193,0.0,2.0,2.6989700043360187,0.98984,1.0,204.2912004301736,1.0,2.0,0.7058637122839193,0.0,0.98984,204.2912004301736,1.0,9.0,1.0,1.0
20260727,447,untrusted_issuer,eatf-vec:untrusted-issuer; mm-ablation:issuer-not-on-trusted-list(L3),update_ledger,490.3,px-988,1,2000.0,2,52.18,0,,1,issuer not on trusted list,1,False,True,True,True,mandate-or-binding-invalid,eval,3.0,2.6904618932461783,1.0,2.0,3.3010299956639813,0.75485,1.0,52.18027994750345,0.0,3.0,2.6904618932461783,1.0,0.75485,52.18027994750345,0.0,9.0,1.0,1.0
20260727,448,wrong_holder_key,demo-attacks:5-wrong-holder-key,update_ledger,5.39,globex,0,500.0,1,411.33,1,,1,mandate invalid: Signature verification failed,1,False,True,True,True,mandate-or-binding-invalid,train,3.0,0.7315887651867387,0.0,1.0,2.6989700043360187,0.98922,1.0,411.326495875366,1.0,3.0,0.7315887651867387,0.0,0.98922,411.326495875366,1.0,9.0,1.0,1.0
20260727,449,method_not_allowed,mm-ablation:prompt-injected-wire-transfer(L4),refund_invoice,2622.93,umbrella,0,20000.0,2,203.37,1,,1,action out of scope,0,True,True,True,True,,train,1.0,3.418786700419026,0.0,2.0,4.301029995663981,0.8688535,0.0,203.3730047093964,1.0,1.0,3.418786700419026,0.0,0.8688535,203.3730047093964,1.0,9.0,1.0,1.0
20260727,450,clean,"baseline (happy path, demo aaa_demo.py M1)",update_ledger,252.41,acme,0,20000.0,1,311.66,1,,0,,0,True,True,True,True,,train,3.0,2.402106556827201,0.0,1.0,4.301029995663981,0.9873795,1.0,311.66164062676387,1.0,3.0,2.402106556827201,0.0,0.9873795,311.66164062676387,1.0,9.0,1.0,1.0
20260727,451,forged_credential_sig,mm-ablation:forged-altered-credential(L1); eatf-vec:bad-signature-classical,pay_invoice,3963.93,initech,0,5000.0,3,205.04,1,,1,mandate invalid: Signature verification failed,1,False,True,True,True,mandate-or-binding-invalid,eval,0.0,3.598125976569505,0.0,3.0,3.6989700043360187,0.20721400000000004,1.0,205.03903252774646,1.0,0.0,3.598125976569505,0.0,0.20721400000000004,205.03903252774646,1.0,9.0,1.0,1.0
20260727,452,method_not_allowed,mm-ablation:prompt-injected-wire-transfer(L4),wire_transfer,270.01,px-703,1,5000.0,2,298.67,1,,1,action out of scope,0,True,True,True,True,,eval,2.0,2.431379848841936,1.0,2.0,3.6989700043360187,0.945998,0.0,298.6685349841182,1.0,2.0,2.431379848841936,1.0,0.945998,298.6685349841182,1.0,9.0,1.0,1.0
20260727,453,method_not_allowed,mm-ablation:prompt-injected-wire-transfer(L4),pay_invoice,2817.72,acme,0,5000.0,3,264.71,1,,1,action out of scope,0,True,True,True,True,,train,0.0,3.4498978345871705,0.0,3.0,3.6989700043360187,0.43645600000000007,0.0,264.70809037949647,1.0,0.0,3.4498978345871705,0.0,0.43645600000000007,264.70809037949647,1.0,9.0,1.0,1.0
20260727,454,clean,"baseline (happy path, demo aaa_demo.py M1)",update_ledger,189.41,umbrella,0,500.0,1,205.06,1,,0,,0,True,True,True,True,,train,3.0,2.277402904076827,0.0,1.0,2.6989700043360187,0.6211800000000001,1.0,205.05909501582215,1.0,3.0,2.277402904076827,0.0,0.6211800000000001,205.05909501582215,1.0,9.0,1.0,1.0
20260727,455,tampered_ear,demo-attacks:7-tampered-EAR; eatf-vec:tampered-canonical-bin,wire_transfer,50.66,globex,0,500.0,2,180.58,1,ear:quote_sig,0,,1,True,False,True,True,content-mutated,train,2.0,1.7046651854545292,0.0,2.0,2.6989700043360187,0.89868,1.0,180.58226960547083,1.0,2.0,1.7046651854545292,0.0,0.89868,180.58226960547083,1.0,9.0,1.0,1.0
20260727,456,clean,"baseline (happy path, demo aaa_demo.py M1)",wire_transfer,385.7,globex,0,2000.0,3,415.18,1,,0,,0,True,True,True,True,,train,2.0,2.586249638866042,0.0,3.0,3.3010299956639813,0.8071499999999999,1.0,415.1790587464506,1.0,2.0,2.586249638866042,0.0,0.8071499999999999,415.1790587464506,1.0,9.0,1.0,1.0
20260727,457,over_scope_amount,mm-ablation:over-limit-payment(L4); demo-attacks:2-out-of-scope,refund_invoice,9625.47,acme,0,5000.0,3,486.8,1,,1,action out of scope,0,True,True,True,True,,eval,1.0,3.9834219447699395,0.0,3.0,3.6989700043360187,-0.9250939999999999,1.0,486.8023743765783,1.0,1.0,3.9834219447699395,0.0,-0.9250939999999999,486.8023743765783,1.0,9.0,1.0,1.0
20260727,458,clean,"baseline (happy path, demo aaa_demo.py M1)",update_ledger,571.02,globex,0,20000.0,1,172.72,1,,0,,0,True,True,True,True,,eval,3.0,2.7566513196951026,0.0,1.0,4.301029995663981,0.971449,1.0,172.72083908184362,1.0,3.0,2.7566513196951026,0.0,0.971449,172.72083908184362,1.0,9.0,1.0,1.0
20260727,459,untrusted_sam,demo-attacks:8-untrusted-SAM; eatf-vec:untrusted-issuer (sealer analogue),update_ledger,114.11,initech,0,2000.0,2,587.54,1,,0,,1,True,True,True,False,sealer-not-listed,train,3.0,2.0573237053692845,0.0,2.0,3.3010299956639813,0.942945,1.0,587.5381220048633,1.0,3.0,2.0573237053692845,0.0,0.942945,587.5381220048633,1.0,9.0,1.0,1.0
20260727,460,clean,"baseline (happy path, demo aaa_demo.py M1)",update_ledger,2845.38,px-668,1,20000.0,2,413.52,1,,0,,0,True,True,True,True,,train,3.0,3.4541402745562717,1.0,2.0,4.301029995663981,0.8577309999999999,1.0,413.5208623491908,1.0,3.0,3.4541402745562717,1.0,0.8577309999999999,413.5208623491908,1.0,9.0,1.0,1.0
20260727,461,clean,"baseline (happy path, demo aaa_demo.py M1)",pay_invoice,1619.06,acme,0,20000.0,1,82.56,1,,0,,0,True,True,True,True,,eval,0.0,3.2092629433710873,0.0,1.0,4.301029995663981,0.919047,1.0,82.55733294957028,1.0,0.0,3.2092629433710873,0.0,0.919047,82.55733294957028,1.0,9.0,1.0,1.0
20260727,462,clean,"baseline (happy path, demo aaa_demo.py M1)",update_ledger,13003.21,acme,0,20000.0,1,588.44,1,,0,,0,True,True,True,True,,train,3.0,4.114050576399093,0.0,1.0,4.301029995663981,0.3498395,1.0,588.4357313898878,1.0,3.0,4.114050576399093,0.0,0.3498395,588.4357313898878,1.0,9.0,1.0,1.0
20260727,463,forged_credential_sig,mm-ablation:forged-altered-credential(L1); eatf-vec:bad-signature-classical,refund_invoice,10.3,globex,0,500.0,3,388.0,1,,1,mandate invalid: Signature verification failed,1,False,True,True,True,mandate-or-binding-invalid,train,1.0,1.0128372247051722,0.0,3.0,2.6989700043360187,0.9793999999999999,1.0,388.00454394351823,1.0,1.0,1.0128372247051722,0.0,0.9793999999999999,388.00454394351823,1.0,9.0,1.0,1.0
20260727,464,outcome_mutation,eatf-vec:tampered-canonical-bin (content mutated after sealing),pay_invoice,11682.55,px-012,1,20000.0,1,145.96,1,outcome:amount_eur,0,,1,True,False,True,True,content-mutated,train,0.0,4.0675376484318635,1.0,1.0,4.301029995663981,0.41587250000000003,1.0,145.95738891443966,1.0,0.0,4.0675376484318635,1.0,0.41587250000000003,145.95738891443966,1.0,9.0,1.0,1.0
20260727,465,clean,"baseline (happy path, demo aaa_demo.py M1)",refund_invoice,202.59,acme,0,5000.0,2,117.2,1,,0,,0,True,True,True,True,,eval,1.0,2.3066180044398448,0.0,2.0,3.6989700043360187,0.959482,1.0,117.20182821056716,1.0,1.0,2.3066180044398448,0.0,0.959482,117.20182821056716,1.0,9.0,1.0,1.0
20260727,466,forged_credential_sig,mm-ablation:forged-altered-credential(L1); eatf-vec:bad-signature-classical,wire_transfer,122.91,globex,0,500.0,3,509.16,1,,1,mandate invalid: Signature verification failed,1,False,True,True,True,mandate-or-binding-invalid,train,2.0,2.0895872186728046,0.0,3.0,2.6989700043360187,0.7541800000000001,1.0,509.1616409282329,1.0,2.0,2.0895872186728046,0.0,0.7541800000000001,509.1616409282329,1.0,9.0,1.0,1.0
20260727,467,outcome_mutation,eatf-vec:tampered-canonical-bin (content mutated after sealing),pay_invoice,2081.67,px-838,1,20000.0,1,494.45,1,outcome:amount_eur,0,,1,True,False,True,True,content-mutated,train,0.0,3.3184118834174483,1.0,1.0,4.301029995663981,0.8959165000000001,1.0,494.446746694594,1.0,0.0,3.3184118834174483,1.0,0.8959165000000001,494.446746694594,1.0,9.0,1.0,1.0
20260727,468,clean,"baseline (happy path, demo aaa_demo.py M1)",wire_transfer,73.56,initech,0,500.0,2,574.26,1,,0,,0,True,True,True,True,,train,2.0,1.86664172056604,0.0,2.0,2.6989700043360187,0.85288,1.0,574.2577741418041,1.0,2.0,1.86664172056604,0.0,0.85288,574.2577741418041,1.0,9.0,1.0,1.0
20260727,469,outcome_mutation,eatf-vec:tampered-canonical-bin (content mutated after sealing),refund_invoice,112.86,px-778,1,500.0,2,365.16,1,outcome:amount_eur,0,,1,True,False,True,True,content-mutated,train,1.0,2.0525400459340224,1.0,2.0,2.6989700043360187,0.77428,1.0,365.15946837511285,1.0,1.0,2.0525400459340224,1.0,0.77428,365.15946837511285,1.0,9.0,1.0,1.0
20260727,470,clean,"baseline (happy path, demo aaa_demo.py M1)",pay_invoice,116.33,umbrella,0,500.0,2,219.02,1,,0,,0,True,True,True,True,,eval,0.0,2.0656917280932707,0.0,2.0,2.6989700043360187,0.76734,1.0,219.02499993043384,1.0,0.0,2.0656917280932707,0.0,0.76734,219.02499993043384,1.0,9.0,1.0,1.0
20260727,471,clean,"baseline (happy path, demo aaa_demo.py M1)",pay_invoice,5.72,umbrella,0,500.0,2,385.0,1,,0,,0,True,True,True,True,,train,0.0,0.7573960287930241,0.0,2.0,2.6989700043360187,0.98856,1.0,385.001632359903,1.0,0.0,0.7573960287930241,0.0,0.98856,385.001632359903,1.0,9.0,1.0,1.0
20260727,472,clean,"baseline (happy path, demo aaa_demo.py M1)",wire_transfer,42.29,globex,0,500.0,3,447.94,1,,0,,0,True,True,True,True,,train,2.0,1.6262376851469005,0.0,3.0,2.6989700043360187,0.91542,1.0,447.9386677882122,1.0,2.0,1.6262376851469005,0.0,0.91542,447.9386677882122,1.0,9.0,1.0,1.0
20260727,473,clean,"baseline (happy path, demo aaa_demo.py M1)",pay_invoice,83.36,px-455,1,500.0,3,485.91,1,,0,,0,True,True,True,True,,train,0.0,1.9209577059554492,1.0,3.0,2.6989700043360187,0.83328,1.0,485.90842756191165,1.0,0.0,1.9209577059554492,1.0,0.83328,485.90842756191165,1.0,9.0,1.0,1.0
20260727,474,clean,"baseline (happy path, demo aaa_demo.py M1)",refund_invoice,460.27,umbrella,0,2000.0,2,240.02,1,,0,,0,True,True,True,True,,train,1.0,2.6630126688782196,0.0,2.0,3.3010299956639813,0.769865,1.0,240.01801093912061,1.0,1.0,2.6630126688782196,0.0,0.769865,240.01801093912061,1.0,9.0,1.0,1.0
20260727,475,clean,"baseline (happy path, demo aaa_demo.py M1)",update_ledger,67.42,acme,0,2000.0,2,327.54,1,,0,,0,True,True,True,True,,train,3.0,1.8287887481849532,0.0,2.0,3.3010299956639813,0.96629,1.0,327.53795736919017,1.0,3.0,1.8287887481849532,0.0,0.96629,327.53795736919017,1.0,9.0,1.0,1.0
20260727,476,over_scope_amount,mm-ablation:over-limit-payment(L4); demo-attacks:2-out-of-scope,pay_invoice,10189.86,umbrella,0,5000.0,2,259.51,1,,1,action out of scope,0,True,True,True,True,,train,0.0,4.008168217211025,0.0,2.0,3.6989700043360187,-1.0379720000000001,1.0,259.5102185054897,1.0,0.0,4.008168217211025,0.0,-1.0379720000000001,259.5102185054897,1.0,9.0,1.0,1.0
20260727,477,untrusted_sam,demo-attacks:8-untrusted-SAM; eatf-vec:untrusted-issuer (sealer analogue),update_ledger,572.03,px-280,1,5000.0,2,90.91,1,,0,,1,True,True,True,False,sealer-not-listed,eval,3.0,2.7574188058783453,1.0,2.0,3.6989700043360187,0.8855940000000001,1.0,90.91062335373152,1.0,3.0,2.7574188058783453,1.0,0.8855940000000001,90.91062335373152,1.0,9.0,1.0,1.0
20260727,478,clean,"baseline (happy path, demo aaa_demo.py M1)",pay_invoice,469.55,px-669,1,500.0,2,581.54,1,,0,,0,True,True,True,True,,train,0.0,2.6716818448830852,1.0,2.0,2.6989700043360187,0.060899999999999975,1.0,581.5431394412384,1.0,0.0,2.6716818448830852,1.0,0.060899999999999975,581.5431394412384,1.0,9.0,1.0,1.0
20260727,479,dtbs_field_tamper,demo-m2:binding-tamper-fuzz(7 fields); eatf-vec:tampered-metadata; eatf-vec:tampered-overt-receipt,wire_transfer,4304.59,globex,0,20000.0,1,510.64,1,dtbs:attestation_digest,0,,1,True,False,False,True,content-mutated,eval,2.0,3.63393179244073,0.0,1.0,4.301029995663981,0.7847705,1.0,510.63653165773746,1.0,2.0,3.63393179244073,0.0,0.7847705,510.63653165773746,1.0,9.0,1.0,1.0
20260727,480,clean,"baseline (happy path, demo aaa_demo.py M1)",update_ledger,363.97,acme,0,5000.0,3,250.9,1,,0,,0,True,True,True,True,,train,3.0,2.5610655886727125,0.0,3.0,3.6989700043360187,0.927206,1.0,250.9040314193975,1.0,3.0,2.5610655886727125,0.0,0.927206,250.9040314193975,1.0,9.0,1.0,1.0
20260727,481,method_not_allowed,mm-ablation:prompt-injected-wire-transfer(L4),update_ledger,1259.0,initech,0,20000.0,3,524.24,1,,1,action out of scope,0,True,True,True,True,,train,3.0,3.1000257301078626,0.0,3.0,4.301029995663981,0.93705,0.0,524.2423879581568,1.0,3.0,3.1000257301078626,0.0,0.93705,524.2423879581568,1.0,9.0,1.0,1.0
20260727,482,stale_attestation,mm-ablation:replayed-stale-attestation(L2),update_ledger,1693.39,globex,0,2000.0,1,123.62,1,,1,execution not affirming,1,True,False,True,True,content-mutated,train,3.0,3.228756990797841,0.0,1.0,3.3010299956639813,0.15330499999999994,1.0,123.62377154360479,1.0,3.0,3.228756990797841,0.0,0.15330499999999994,123.62377154360479,1.0,9.0,1.0,0.0
20260727,483,clean,"baseline (happy path, demo aaa_demo.py M1)",update_ledger,27.89,globex,0,500.0,2,338.51,1,,0,,0,True,True,True,True,,train,3.0,1.4454485142660498,0.0,2.0,2.6989700043360187,0.9442200000000001,1.0,338.511588214904,1.0,3.0,1.4454485142660498,0.0,0.9442200000000001,338.511588214904,1.0,9.0,1.0,1.0
20260727,484,tampered_ear,demo-attacks:7-tampered-EAR; eatf-vec:tampered-canonical-bin,refund_invoice,304.78,initech,0,2000.0,3,177.83,1,ear:outcome_sha256,0,,1,True,False,True,True,content-mutated,train,1.0,2.483986464719332,0.0,3.0,3.3010299956639813,0.84761,1.0,177.8317124793364,1.0,1.0,2.483986464719332,0.0,0.84761,177.8317124793364,1.0,9.0,1.0,1.0
20260727,485,untrusted_sam,demo-attacks:8-untrusted-SAM; eatf-vec:untrusted-issuer (sealer analogue),update_ledger,405.54,px-578,1,20000.0,2,71.62,1,,0,,1,True,True,True,False,sealer-not-listed,eval,3.0,2.608033696827137,1.0,2.0,4.301029995663981,0.979723,1.0,71.61691800045925,1.0,3.0,2.608033696827137,1.0,0.979723,71.61691800045925,1.0,9.0,1.0,1.0
20260727,486,wrong_holder_key,demo-attacks:5-wrong-holder-key,update_ledger,116.58,globex,0,5000.0,3,552.07,1,,1,mandate invalid: Signature verification failed,1,False,True,True,True,mandate-or-binding-invalid,eval,3.0,2.0666240509834264,0.0,3.0,3.6989700043360187,0.976684,1.0,552.0667486234265,1.0,3.0,2.0666240509834264,0.0,0.976684,552.0667486234265,1.0,9.0,1.0,1.0
20260727,487,untrusted_issuer,eatf-vec:untrusted-issuer; mm-ablation:issuer-not-on-trusted-list(L3),wire_transfer,17065.43,px-658,1,20000.0,1,387.03,0,,1,issuer not on trusted list,1,False,True,True,True,mandate-or-binding-invalid,eval,2.0,4.2321172357306525,1.0,1.0,4.301029995663981,0.14672849999999998,1.0,387.02860377985394,0.0,2.0,4.2321172357306525,1.0,0.14672849999999998,387.02860377985394,0.0,9.0,1.0,1.0
20260727,488,missing_component,eatf-vec:missing-canonical-bin,pay_invoice,1180.65,px-735,1,5000.0,3,379.76,1,missing:seal,0,,1,,,,,malformed-package (KeyError),eval,0.0,3.0721211714519083,1.0,3.0,3.6989700043360187,0.7638699999999999,1.0,379.7597892138615,1.0,0.0,3.0721211714519083,1.0,0.7638699999999999,379.7597892138615,1.0,8.0,1.0,1.0
20260727,489,clean,"baseline (happy path, demo aaa_demo.py M1)",update_ledger,797.72,globex,0,5000.0,3,83.99,1,,0,,0,True,True,True,True,,train,3.0,2.9018504805816963,0.0,3.0,3.6989700043360187,0.840456,1.0,83.99321773605098,1.0,3.0,2.9018504805816963,0.0,0.840456,83.99321773605098,1.0,9.0,1.0,1.0
20260727,490,method_not_allowed,mm-ablation:prompt-injected-wire-transfer(L4),wire_transfer,562.0,umbrella,0,20000.0,2,102.55,1,,1,action out of scope,0,True,True,True,True,,train,2.0,2.749736315569061,0.0,2.0,4.301029995663981,0.9719,0.0,102.54987333317821,1.0,2.0,2.749736315569061,0.0,0.9719,102.54987333317821,1.0,9.0,1.0,1.0
20260727,491,clean,"baseline (happy path, demo aaa_demo.py M1)",update_ledger,178.4,umbrella,0,500.0,2,90.71,1,,0,,0,True,True,True,True,,train,3.0,2.2513948500401044,0.0,2.0,2.6989700043360187,0.6432,1.0,90.71161649075032,1.0,3.0,2.2513948500401044,0.0,0.6432,90.71161649075032,1.0,9.0,1.0,1.0
20260727,492,clean,"baseline (happy path, demo aaa_demo.py M1)",update_ledger,2231.28,px-937,1,20000.0,1,499.83,1,,0,,0,True,True,True,True,,train,3.0,3.3485540726705514,1.0,1.0,4.301029995663981,0.888436,1.0,499.82891690746743,1.0,3.0,3.3485540726705514,1.0,0.888436,499.82891690746743,1.0,9.0,1.0,1.0
20260727,493,untrusted_issuer,eatf-vec:untrusted-issuer; mm-ablation:issuer-not-on-trusted-list(L3),refund_invoice,16531.58,acme,0,20000.0,3,101.05,0,,1,issuer not on trusted list,1,False,True,True,True,mandate-or-binding-invalid,train,1.0,4.218314363098937,0.0,3.0,4.301029995663981,0.1734209999999999,1.0,101.05120901943411,0.0,1.0,4.218314363098937,0.0,0.1734209999999999,101.05120901943411,0.0,9.0,1.0,1.0
20260727,494,clean,"baseline (happy path, demo aaa_demo.py M1)",wire_transfer,55.03,umbrella,0,5000.0,1,448.56,1,,0,,0,True,True,True,True,,train,2.0,1.7405995128111564,0.0,1.0,3.6989700043360187,0.988994,1.0,448.55757072566934,1.0,2.0,1.7405995128111564,0.0,0.988994,448.55757072566934,1.0,9.0,1.0,1.0
20260727,495,clean,"baseline (happy path, demo aaa_demo.py M1)",wire_transfer,97.17,initech,0,5000.0,3,578.35,1,,0,,0,True,True,True,True,,train,2.0,1.9875322027298394,0.0,3.0,3.6989700043360187,0.9805659999999999,1.0,578.3450066190331,1.0,2.0,1.9875322027298394,0.0,0.9805659999999999,578.3450066190331,1.0,9.0,1.0,1.0
20260727,496,clean,"baseline (happy path, demo aaa_demo.py M1)",pay_invoice,321.99,umbrella,0,5000.0,1,559.04,1,,0,,0,True,True,True,True,,train,0.0,2.5078423840801247,0.0,1.0,3.6989700043360187,0.935602,1.0,559.0422808371716,1.0,0.0,2.5078423840801247,0.0,0.935602,559.0422808371716,1.0,9.0,1.0,1.0
20260727,497,clean,"baseline (happy path, demo aaa_demo.py M1)",refund_invoice,2932.15,globex,0,5000.0,1,492.43,1,,0,,0,True,True,True,True,,train,1.0,3.467186183740566,0.0,1.0,3.6989700043360187,0.41357,1.0,492.4343140051429,1.0,1.0,3.467186183740566,0.0,0.41357,492.4343140051429,1.0,9.0,1.0,1.0
20260727,498,clean,"baseline (happy path, demo aaa_demo.py M1)",wire_transfer,2776.18,px-696,1,20000.0,2,255.74,1,,0,,0,True,True,True,True,,train,2.0,3.443447621174901,1.0,2.0,4.301029995663981,0.861191,1.0,255.7406269352461,1.0,2.0,3.443447621174901,1.0,0.861191,255.7406269352461,1.0,9.0,1.0,1.0
20260727,499,tampered_ear,demo-attacks:7-tampered-EAR; eatf-vec:tampered-canonical-bin,pay_invoice,20.32,px-148,1,2000.0,3,485.19,1,ear:outcome_sha256,0,,1,True,False,True,True,content-mutated,train,0.0,1.3079237036118816,1.0,3.0,3.3010299956639813,0.98984,1.0,485.1862812710564,1.0,0.0,1.3079237036118816,1.0,0.98984,485.1862812710564,1.0,9.0,1.0,1.0
20260727,500,clean,"baseline (happy path, demo aaa_demo.py M1)",update_ledger,2625.41,px-577,1,20000.0,2,337.64,1,,0,,0,True,True,True,True,,train,3.0,3.4191971351070545,1.0,2.0,4.301029995663981,0.8687295,1.0,337.64386680554156,1.0,3.0,3.4191971351070545,1.0,0.8687295,337.64386680554156,1.0,9.0,1.0,1.0
20260727,501,clean,"baseline (happy path, demo aaa_demo.py M1)",wire_transfer,18.18,globex,0,500.0,1,42.43,1,,0,,0,True,True,True,True,,eval,2.0,1.2595938788859486,0.0,1.0,2.6989700043360187,0.9636399999999999,1.0,42.43281122379458,1.0,2.0,1.2595938788859486,0.0,0.9636399999999999,42.43281122379458,1.0,9.0,1.0,1.0
20260727,502,clean,"baseline (happy path, demo aaa_demo.py M1)",wire_transfer,8096.85,px-461,1,20000.0,3,370.19,1,,0,,0,True,True,True,True,,train,2.0,3.908316093731446,1.0,3.0,4.301029995663981,0.5951575,1.0,370.19113623204197,1.0,2.0,3.908316093731446,1.0,0.5951575,370.19113623204197,1.0,9.0,1.0,1.0
20260727,503,clean,"baseline (happy path, demo aaa_demo.py M1)",refund_invoice,50.31,initech,0,5000.0,2,323.41,1,,0,,0,True,True,True,True,,train,1.0,1.7016543173257481,0.0,2.0,3.6989700043360187,0.9899379999999999,1.0,323.4095510610787,1.0,1.0,1.7016543173257481,0.0,0.9899379999999999,323.4095510610787,1.0,9.0,1.0,1.0
20260727,504,forged_credential_sig,mm-ablation:forged-altered-credential(L1); eatf-vec:bad-signature-classical,refund_invoice,92.08,acme,0,5000.0,1,51.03,1,,1,mandate invalid: Signature verification failed,1,False,True,True,True,mandate-or-binding-invalid,train,1.0,1.9641653106217354,0.0,1.0,3.6989700043360187,0.981584,1.0,51.02560432532286,1.0,1.0,1.9641653106217354,0.0,0.981584,51.02560432532286,1.0,9.0,1.0,1.0
20260727,505,wrong_holder_key,demo-attacks:5-wrong-holder-key,update_ledger,125.44,initech,0,5000.0,3,373.89,1,,1,mandate invalid: Signature verification failed,1,False,True,True,True,mandate-or-binding-invalid,train,3.0,2.098436045340363,0.0,3.0,3.6989700043360187,0.9749120000000001,1.0,373.8893637288226,1.0,3.0,2.098436045340363,0.0,0.9749120000000001,373.8893637288226,1.0,9.0,1.0,1.0
20260727,506,untrusted_issuer,eatf-vec:untrusted-issuer; mm-ablation:issuer-not-on-trusted-list(L3),pay_invoice,286.28,initech,0,500.0,2,261.22,0,,1,issuer not on trusted list,1,False,True,True,True,mandate-or-binding-invalid,eval,0.0,2.4567910085419045,0.0,2.0,2.6989700043360187,0.42744000000000004,1.0,261.22428377567775,0.0,0.0,2.4567910085419045,0.0,0.42744000000000004,261.22428377567775,0.0,9.0,1.0,1.0
20260727,507,clean,"baseline (happy path, demo aaa_demo.py M1)",pay_invoice,356.24,acme,0,5000.0,3,153.34,1,,0,,0,True,True,True,True,,train,0.0,2.5517426821231664,0.0,3.0,3.6989700043360187,0.928752,1.0,153.3375979126983,1.0,0.0,2.5517426821231664,0.0,0.928752,153.3375979126983,1.0,9.0,1.0,1.0
20260727,508,clean,"baseline (happy path, demo aaa_demo.py M1)",refund_invoice,383.01,px-062,1,20000.0,1,48.21,1,,0,,0,True,True,True,True,,eval,1.0,2.583210113102105,1.0,1.0,4.301029995663981,0.9808495,1.0,48.20596049410027,1.0,1.0,2.583210113102105,1.0,0.9808495,48.20596049410027,1.0,9.0,1.0,1.0
20260727,509,clean,"baseline (happy path, demo aaa_demo.py M1)",refund_invoice,116.51,initech,0,2000.0,1,224.38,1,,0,,0,True,True,True,True,,eval,1.0,2.066363202258495,0.0,1.0,3.3010299956639813,0.941745,1.0,224.37724618784839,1.0,1.0,2.066363202258495,0.0,0.941745,224.37724618784839,1.0,9.0,1.0,1.0
20260727,510,tampered_ear,demo-attacks:7-tampered-EAR; eatf-vec:tampered-canonical-bin,update_ledger,146.17,globex,0,2000.0,3,76.14,1,ear:outcome_sha256,0,,1,True,False,True,True,content-mutated,train,3.0,2.164858246962555,0.0,3.0,3.3010299956639813,0.9269149999999999,1.0,76.13599473985803,1.0,3.0,2.164858246962555,0.0,0.9269149999999999,76.13599473985803,1.0,9.0,1.0,1.0
20260727,511,clean,"baseline (happy path, demo aaa_demo.py M1)",wire_transfer,15.12,globex,0,500.0,1,343.82,1,,0,,0,True,True,True,True,,train,2.0,1.1795517911651876,0.0,1.0,2.6989700043360187,0.96976,1.0,343.82258073649956,1.0,2.0,1.1795517911651876,0.0,0.96976,343.82258073649956,1.0,9.0,1.0,1.0
20260727,512,clean,"baseline (happy path, demo aaa_demo.py M1)",wire_transfer,6746.67,acme,0,20000.0,2,483.41,1,,0,,0,True,True,True,True,,train,2.0,3.8290894680204186,0.0,2.0,4.301029995663981,0.6626665,1.0,483.41201837169274,1.0,2.0,3.8290894680204186,0.0,0.6626665,483.41201837169274,1.0,9.0,1.0,1.0
20260727,513,forged_seal,demo-attacks:6-forged-seal; eatf-vec:bad-signature-classical,update_ledger,6.31,globex,0,500.0,2,557.74,1,seal-signature-byte,0,,1,True,True,False,True,seal-invalid,eval,3.0,0.8000293592441343,0.0,2.0,2.6989700043360187,0.98738,1.0,557.7378772740745,1.0,3.0,0.8000293592441343,0.0,0.98738,557.7378772740745,1.0,9.0,1.0,1.0
20260727,514,clean,"baseline (happy path, demo aaa_demo.py M1)",wire_transfer,768.02,acme,0,5000.0,2,85.36,1,,0,,0,True,True,True,True,,train,2.0,2.8853725296363852,0.0,2.0,3.6989700043360187,0.8463959999999999,1.0,85.3576351764875,1.0,2.0,2.8853725296363852,0.0,0.8463959999999999,85.3576351764875,1.0,9.0,1.0,1.0
20260727,515,tampered_ear,demo-attacks:7-tampered-EAR; eatf-vec:tampered-canonical-bin,update_ledger,305.09,px-535,1,5000.0,1,413.25,1,ear:outcome_sha256,0,,1,True,False,True,True,content-mutated,train,3.0,2.4844279729128327,1.0,1.0,3.6989700043360187,0.938982,1.0,413.25062260975744,1.0,3.0,2.4844279729128327,1.0,0.938982,413.25062260975744,1.0,9.0,1.0,1.0
20260727,516,forged_credential_sig,mm-ablation:forged-altered-credential(L1); eatf-vec:bad-signature-classical,wire_transfer,356.12,px-079,1,5000.0,3,374.71,1,,1,mandate invalid: Signature verification failed,1,False,True,True,True,mandate-or-binding-invalid,train,2.0,2.551596364704105,1.0,3.0,3.6989700043360187,0.928776,1.0,374.7072371415258,1.0,2.0,2.551596364704105,1.0,0.928776,374.7072371415258,1.0,9.0,1.0,1.0
20260727,517,method_not_allowed,mm-ablation:prompt-injected-wire-transfer(L4),update_ledger,424.25,acme,0,2000.0,2,578.19,1,,1,action out of scope,0,True,True,True,True,,train,3.0,2.6276218509897133,0.0,2.0,3.3010299956639813,0.787875,0.0,578.1935932597073,1.0,3.0,2.6276218509897133,0.0,0.787875,578.1935932597073,1.0,9.0,1.0,1.0
20260727,518,untrusted_issuer,eatf-vec:untrusted-issuer; mm-ablation:issuer-not-on-trusted-list(L3),wire_transfer,7928.33,globex,0,20000.0,2,510.87,0,,1,issuer not on trusted list,1,False,True,True,True,mandate-or-binding-invalid,train,2.0,3.899181718444468,0.0,2.0,4.301029995663981,0.6035835,1.0,510.87238179840347,0.0,2.0,3.899181718444468,0.0,0.6035835,510.87238179840347,0.0,9.0,1.0,1.0
20260727,519,expired_mandate,demo-attacks:4-expired-mandate,refund_invoice,84.98,initech,0,5000.0,1,-561.02,1,,1,mandate invalid: Signature has expired,1,False,True,True,True,mandate-or-binding-invalid,train,1.0,1.9293167267534956,0.0,1.0,3.6989700043360187,0.9830040000000001,1.0,-561.0219622981513,1.0,1.0,1.9293167267534956,0.0,0.9830040000000001,-561.0219622981513,1.0,9.0,1.0,1.0
20260727,520,method_not_allowed,mm-ablation:prompt-injected-wire-transfer(L4),wire_transfer,420.38,initech,0,2000.0,2,222.69,1,,1,action out of scope,0,True,True,True,True,,eval,2.0,2.6236420458522685,0.0,2.0,3.3010299956639813,0.7898099999999999,0.0,222.68567704521908,1.0,2.0,2.6236420458522685,0.0,0.7898099999999999,222.68567704521908,1.0,9.0,1.0,1.0
20260727,521,clean,"baseline (happy path, demo aaa_demo.py M1)",update_ledger,4590.77,initech,0,5000.0,3,182.55,1,,0,,0,True,True,True,True,,train,3.0,3.6618855349282926,0.0,3.0,3.6989700043360187,0.08184599999999992,1.0,182.5494986494418,1.0,3.0,3.6618855349282926,0.0,0.08184599999999992,182.5494986494418,1.0,9.0,1.0,1.0
20260727,522,method_not_allowed,mm-ablation:prompt-injected-wire-transfer(L4),refund_invoice,76.67,initech,0,5000.0,1,245.79,1,,1,action out of scope,0,True,True,True,True,,eval,1.0,1.8846254632562345,0.0,1.0,3.6989700043360187,0.9846659999999999,0.0,245.7945379372819,1.0,1.0,1.8846254632562345,0.0,0.9846659999999999,245.7945379372819,1.0,9.0,1.0,1.0
20260727,523,clean,"baseline (happy path, demo aaa_demo.py M1)",wire_transfer,23.38,initech,0,2000.0,3,448.75,1,,0,,0,True,True,True,True,,eval,2.0,1.3688445068258213,0.0,3.0,3.3010299956639813,0.9883099999999999,1.0,448.7470401950853,1.0,2.0,1.3688445068258213,0.0,0.9883099999999999,448.7470401950853,1.0,9.0,1.0,1.0
20260727,524,tampered_ear,demo-attacks:7-tampered-EAR; eatf-vec:tampered-canonical-bin,wire_transfer,186.9,px-824,1,2000.0,2,587.25,1,ear:outcome_sha256,0,,1,True,False,True,True,content-mutated,train,2.0,2.271609301378832,1.0,2.0,3.3010299956639813,0.90655,1.0,587.250150895538,1.0,2.0,2.271609301378832,1.0,0.90655,587.250150895538,1.0,9.0,1.0,1.0
20260727,525,tampered_ear,demo-attacks:7-tampered-EAR; eatf-vec:tampered-canonical-bin,pay_invoice,436.64,initech,0,2000.0,1,384.84,1,ear:outcome_sha256,0,,1,True,False,True,True,content-mutated,eval,0.0,2.6401235183258214,0.0,1.0,3.3010299956639813,0.78168,1.0,384.8441279329208,1.0,0.0,2.6401235183258214,0.0,0.78168,384.8441279329208,1.0,9.0,1.0,1.0
20260727,526,clean,"baseline (happy path, demo aaa_demo.py M1)",refund_invoice,5.51,px-894,1,500.0,1,41.67,1,,0,,0,True,True,True,True,,eval,1.0,0.741151598851785,1.0,1.0,2.6989700043360187,0.98898,1.0,41.66855775842825,1.0,1.0,0.741151598851785,1.0,0.98898,41.66855775842825,1.0,9.0,1.0,1.0
20260727,527,expired_mandate,demo-attacks:4-expired-mandate,update_ledger,20.81,initech,0,2000.0,2,-448.82,1,,1,mandate invalid: Signature has expired,1,False,True,True,True,mandate-or-binding-invalid,train,3.0,1.318272080211627,0.0,2.0,3.3010299956639813,0.989595,1.0,-448.8188464921278,1.0,3.0,1.318272080211627,0.0,0.989595,-448.8188464921278,1.0,9.0,1.0,1.0
20260727,528,clean,"baseline (happy path, demo aaa_demo.py M1)",refund_invoice,1038.62,initech,0,5000.0,3,262.71,1,,0,,0,True,True,True,True,,train,1.0,3.016456681253461,0.0,3.0,3.6989700043360187,0.792276,1.0,262.7105706752599,1.0,1.0,3.016456681253461,0.0,0.792276,262.7105706752599,1.0,9.0,1.0,1.0
20260727,529,over_scope_amount,mm-ablation:over-limit-payment(L4); demo-attacks:2-out-of-scope,pay_invoice,1580.85,umbrella,0,500.0,3,444.07,1,,1,action out of scope,0,True,True,True,True,,train,0.0,3.198890663567369,0.0,3.0,2.6989700043360187,-2.1616999999999997,1.0,444.0726326353897,1.0,0.0,3.198890663567369,0.0,-2.1616999999999997,444.0726326353897,1.0,9.0,1.0,1.0
20260727,530,untrusted_sam,demo-attacks:8-untrusted-SAM; eatf-vec:untrusted-issuer (sealer analogue),wire_transfer,18.37,initech,0,500.0,3,532.78,1,,0,,1,True,True,True,False,sealer-not-listed,train,2.0,1.2641091563058084,0.0,3.0,2.6989700043360187,0.96326,1.0,532.778776814006,1.0,2.0,1.2641091563058084,0.0,0.96326,532.778776814006,1.0,9.0,1.0,1.0
20260727,531,over_scope_amount,mm-ablation:over-limit-payment(L4); demo-attacks:2-out-of-scope,pay_invoice,7556.49,px-196,1,5000.0,2,227.71,1,,1,action out of scope,0,True,True,True,True,,train,0.0,3.878320111954447,1.0,2.0,3.6989700043360187,-0.5112979999999999,1.0,227.70809056919194,1.0,0.0,3.878320111954447,1.0,-0.5112979999999999,227.70809056919194,1.0,9.0,1.0,1.0
20260727,532,forged_seal,demo-attacks:6-forged-seal; eatf-vec:bad-signature-classical,refund_invoice,122.65,umbrella,0,2000.0,1,298.42,1,seal-signature-byte,0,,1,True,True,False,True,seal-invalid,eval,1.0,2.0886675525424048,0.0,1.0,3.3010299956639813,0.9386749999999999,1.0,298.4166337366549,1.0,1.0,2.0886675525424048,0.0,0.9386749999999999,298.4166337366549,1.0,9.0,1.0,1.0
20260727,533,clean,"baseline (happy path, demo aaa_demo.py M1)",refund_invoice,84.07,acme,0,5000.0,1,279.3,1,,0,,0,True,True,True,True,,eval,1.0,1.924641047417163,0.0,1.0,3.6989700043360187,0.983186,1.0,279.30093455901573,1.0,1.0,1.924641047417163,0.0,0.983186,279.30093455901573,1.0,9.0,1.0,1.0
20260727,534,untrusted_issuer,eatf-vec:untrusted-issuer; mm-ablation:issuer-not-on-trusted-list(L3),pay_invoice,4688.79,px-515,1,20000.0,3,129.47,0,,1,issuer not on trusted list,1,False,True,True,True,mandate-or-binding-invalid,eval,0.0,3.6710607821345564,1.0,3.0,4.301029995663981,0.7655605,1.0,129.46568386663935,0.0,0.0,3.6710607821345564,1.0,0.7655605,129.46568386663935,0.0,9.0,1.0,1.0
20260727,535,clean,"baseline (happy path, demo aaa_demo.py M1)",wire_transfer,1041.98,globex,0,2000.0,2,455.63,1,,0,,0,True,True,True,True,,train,2.0,3.017859383096906,0.0,2.0,3.3010299956639813,0.47901,1.0,455.62866258281963,1.0,2.0,3.017859383096906,0.0,0.47901,455.62866258281963,1.0,9.0,1.0,1.0
20260727,536,clean,"baseline (happy path, demo aaa_demo.py M1)",update_ledger,3216.45,umbrella,0,20000.0,3,48.61,1,,0,,0,True,True,True,True,,eval,3.0,3.507376804642691,0.0,3.0,4.301029995663981,0.8391774999999999,1.0,48.605391604577356,1.0,3.0,3.507376804642691,0.0,0.8391774999999999,48.605391604577356,1.0,9.0,1.0,1.0
20260727,537,expired_mandate,demo-attacks:4-expired-mandate,wire_transfer,447.33,umbrella,0,20000.0,1,-271.99,1,,1,mandate invalid: Signature has expired,1,False,True,True,True,mandate-or-binding-invalid,train,2.0,2.6506280249277667,0.0,1.0,4.301029995663981,0.9776334999999999,1.0,-271.9851616361484,1.0,2.0,2.6506280249277667,0.0,0.9776334999999999,-271.9851616361484,1.0,9.0,1.0,1.0
20260727,538,over_scope_amount,mm-ablation:over-limit-payment(L4); demo-attacks:2-out-of-scope,wire_transfer,13083.22,px-664,1,5000.0,3,33.37,1,,1,action out of scope,0,True,True,True,True,,eval,2.0,4.116714644303943,1.0,3.0,3.6989700043360187,-1.616644,1.0,33.36977431490594,1.0,2.0,4.116714644303943,1.0,-1.616644,33.36977431490594,1.0,9.0,1.0,1.0
20260727,539,clean,"baseline (happy path, demo aaa_demo.py M1)",pay_invoice,1563.13,px-644,1,2000.0,1,230.12,1,,0,,0,True,True,True,True,,eval,0.0,3.1939950982590233,1.0,1.0,3.3010299956639813,0.21843499999999993,1.0,230.12248346796113,1.0,0.0,3.1939950982590233,1.0,0.21843499999999993,230.12248346796113,1.0,9.0,1.0,1.0
20260727,540,clean,"baseline (happy path, demo aaa_demo.py M1)",wire_transfer,8176.41,umbrella,0,20000.0,3,108.45,1,,0,,0,True,True,True,True,,train,2.0,3.9125626607105426,0.0,3.0,4.301029995663981,0.5911795,1.0,108.44914748095744,1.0,2.0,3.9125626607105426,0.0,0.5911795,108.44914748095744,1.0,9.0,1.0,1.0
20260727,541,outcome_mutation,eatf-vec:tampered-canonical-bin (content mutated after sealing),refund_invoice,1403.38,globex,0,2000.0,2,34.2,1,outcome:amount_eur,0,,1,True,False,True,True,content-mutated,eval,1.0,3.147175282972667,0.0,2.0,3.3010299956639813,0.29830999999999996,1.0,34.19751116643225,1.0,1.0,3.147175282972667,0.0,0.29830999999999996,34.19751116643225,1.0,9.0,1.0,1.0
20260727,542,clean,"baseline (happy path, demo aaa_demo.py M1)",update_ledger,11354.96,px-735,1,20000.0,3,147.9,1,,0,,0,True,True,True,True,,train,3.0,4.055185608673775,1.0,3.0,4.301029995663981,0.432252,1.0,147.89506019960527,1.0,3.0,4.055185608673775,1.0,0.432252,147.89506019960527,1.0,9.0,1.0,1.0
20260727,543,clean,"baseline (happy path, demo aaa_demo.py M1)",refund_invoice,1319.71,initech,0,20000.0,2,109.99,1,,0,,0,True,True,True,True,,train,1.0,3.1204785075416908,0.0,2.0,4.301029995663981,0.9340145000000001,1.0,109.98987901025188,1.0,1.0,3.1204785075416908,0.0,0.9340145000000001,109.98987901025188,1.0,9.0,1.0,1.0
20260727,544,method_not_allowed,mm-ablation:prompt-injected-wire-transfer(L4),pay_invoice,1738.41,acme,0,20000.0,3,465.33,1,,1,action out of scope,0,True,True,True,True,,train,0.0,3.2401522115478154,0.0,3.0,4.301029995663981,0.9130795,0.0,465.3309600250664,1.0,0.0,3.2401522115478154,0.0,0.9130795,465.3309600250664,1.0,9.0,1.0,1.0
20260727,545,clean,"baseline (happy path, demo aaa_demo.py M1)",pay_invoice,359.68,umbrella,0,20000.0,3,512.95,1,,0,,0,True,True,True,True,,train,0.0,2.555916289552948,0.0,3.0,4.301029995663981,0.982016,1.0,512.9518486155174,1.0,0.0,2.555916289552948,0.0,0.982016,512.9518486155174,1.0,9.0,1.0,1.0
20260727,546,clean,"baseline (happy path, demo aaa_demo.py M1)",pay_invoice,49.45,px-578,1,2000.0,2,57.62,1,,0,,0,True,True,True,True,,train,0.0,1.6941662959331982,1.0,2.0,3.3010299956639813,0.975275,1.0,57.61743972368386,1.0,0.0,1.6941662959331982,1.0,0.975275,57.61743972368386,1.0,9.0,1.0,1.0
20260727,547,expired_mandate,demo-attacks:4-expired-mandate,pay_invoice,37.92,umbrella,0,2000.0,1,-525.25,1,,1,mandate invalid: Signature has expired,1,False,True,True,True,mandate-or-binding-invalid,eval,0.0,1.5788683286660286,0.0,1.0,3.3010299956639813,0.9810399999999999,1.0,-525.2482828474594,1.0,0.0,1.5788683286660286,0.0,0.9810399999999999,-525.2482828474594,1.0,9.0,1.0,1.0
20260727,548,dtbs_field_tamper,demo-m2:binding-tamper-fuzz(7 fields); eatf-vec:tampered-metadata; eatf-vec:tampered-overt-receipt,refund_invoice,15009.08,px-690,1,20000.0,2,239.8,1,dtbs:holder_cnf_thumbprint,0,,1,True,True,False,True,seal-invalid,train,1.0,4.17635407244523,1.0,2.0,4.301029995663981,0.249546,1.0,239.79914768155822,1.0,1.0,4.17635407244523,1.0,0.249546,239.79914768155822,1.0,9.0,1.0,1.0
20260727,549,over_scope_amount,mm-ablation:over-limit-payment(L4); demo-attacks:2-out-of-scope,refund_invoice,30177.84,globex,0,20000.0,2,540.08,1,,1,action out of scope,0,True,True,True,True,,train,1.0,4.479688151620756,0.0,2.0,4.301029995663981,-0.508892,1.0,540.0774532242547,1.0,1.0,4.479688151620756,0.0,-0.508892,540.0774532242547,1.0,9.0,1.0,1.0
20260727,550,method_not_allowed,mm-ablation:prompt-injected-wire-transfer(L4),update_ledger,39.84,umbrella,0,2000.0,3,317.51,1,,1,action out of scope,0,True,True,True,True,,eval,3.0,1.6003193297516611,0.0,3.0,3.3010299956639813,0.9800800000000001,0.0,317.50616078121095,1.0,3.0,1.6003193297516611,0.0,0.9800800000000001,317.50616078121095,1.0,9.0,1.0,1.0
20260727,551,expired_mandate,demo-attacks:4-expired-mandate,pay_invoice,62.59,initech,0,2000.0,2,-6.76,1,,1,mandate invalid: Signature has expired,1,False,True,True,True,mandate-or-binding-invalid,train,0.0,1.7965049515532963,0.0,2.0,3.3010299956639813,0.968705,1.0,-6.757780709424196,1.0,0.0,1.7965049515532963,0.0,0.968705,-6.757780709424196,1.0,9.0,1.0,1.0
20260727,552,payee_swap_action_hash,mm-ablation:payee-swapped-after-approval(L4); demo-attacks:1-action-hash-mismatch; demo-m2:confused-deputy,wire_transfer,27.35,px-726,1,500.0,2,512.35,1,,1,action_hash mismatch,1,False,True,True,True,mandate-or-binding-invalid,eval,2.0,1.4369573306694496,1.0,2.0,2.6989700043360187,0.9452999999999999,1.0,512.3459833882998,1.0,2.0,1.4369573306694496,1.0,0.9452999999999999,512.3459833882998,1.0,9.0,1.0,1.0
20260727,553,clean,"baseline (happy path, demo aaa_demo.py M1)",refund_invoice,69.88,globex,0,5000.0,1,66.69,1,,0,,0,True,True,True,True,,eval,1.0,1.8443528963108933,0.0,1.0,3.6989700043360187,0.986024,1.0,66.6865383152994,1.0,1.0,1.8443528963108933,0.0,0.986024,66.6865383152994,1.0,9.0,1.0,1.0
20260727,554,dtbs_field_tamper,demo-m2:binding-tamper-fuzz(7 fields); eatf-vec:tampered-metadata; eatf-vec:tampered-overt-receipt,pay_invoice,1028.16,acme,0,20000.0,2,279.45,1,dtbs:bind_ver,0,,1,True,True,False,True,seal-invalid,train,0.0,3.012060703871424,0.0,2.0,4.301029995663981,0.948592,1.0,279.4466032318988,1.0,0.0,3.012060703871424,0.0,0.948592,279.4466032318988,1.0,9.0,1.0,1.0
20260727,555,dtbs_field_tamper,demo-m2:binding-tamper-fuzz(7 fields); eatf-vec:tampered-metadata; eatf-vec:tampered-overt-receipt,pay_invoice,11161.37,acme,0,20000.0,3,380.79,1,dtbs:outcome_sha256,0,,1,True,False,False,True,content-mutated,train,0.0,4.047717505257757,0.0,3.0,4.301029995663981,0.4419315,1.0,380.79134299854695,1.0,0.0,4.047717505257757,0.0,0.4419315,380.79134299854695,1.0,9.0,1.0,1.0
20260727,556,clean,"baseline (happy path, demo aaa_demo.py M1)",wire_transfer,56.0,umbrella,0,5000.0,3,567.66,1,,0,,0,True,True,True,True,,train,2.0,1.7481880270062005,0.0,3.0,3.6989700043360187,0.9888,1.0,567.655329259423,1.0,2.0,1.7481880270062005,0.0,0.9888,567.655329259423,1.0,9.0,1.0,1.0
20260727,557,outcome_mutation,eatf-vec:tampered-canonical-bin (content mutated after sealing),pay_invoice,58.81,acme,0,2000.0,2,490.53,1,outcome:amount_eur,0,,1,True,False,True,True,content-mutated,eval,0.0,1.7694511794020378,0.0,2.0,3.3010299956639813,0.970595,1.0,490.5317840604305,1.0,0.0,1.7694511794020378,0.0,0.970595,490.5317840604305,1.0,9.0,1.0,1.0
20260727,558,clean,"baseline (happy path, demo aaa_demo.py M1)",refund_invoice,12.5,globex,0,500.0,2,391.85,1,,0,,0,True,True,True,True,,eval,1.0,1.0969100130080565,0.0,2.0,2.6989700043360187,0.975,1.0,391.8506507783235,1.0,1.0,1.0969100130080565,0.0,0.975,391.8506507783235,1.0,9.0,1.0,1.0
20260727,559,clean,"baseline (happy path, demo aaa_demo.py M1)",pay_invoice,457.32,globex,0,5000.0,1,517.27,1,,0,,0,True,True,True,True,,train,0.0,2.660220194819792,0.0,1.0,3.6989700043360187,0.908536,1.0,517.2745682938453,1.0,0.0,2.660220194819792,0.0,0.908536,517.2745682938453,1.0,9.0,1.0,1.0
20260727,560,clean,"baseline (happy path, demo aaa_demo.py M1)",update_ledger,21.32,px-263,1,2000.0,3,212.38,1,,0,,0,True,True,True,True,,eval,3.0,1.3287872003545347,1.0,3.0,3.3010299956639813,0.98934,1.0,212.38033540520055,1.0,3.0,1.3287872003545347,1.0,0.98934,212.38033540520055,1.0,9.0,1.0,1.0
20260727,561,clean,"baseline (happy path, demo aaa_demo.py M1)",wire_transfer,320.32,umbrella,0,2000.0,1,579.9,1,,0,,0,True,True,True,True,,train,2.0,2.5055840557992246,0.0,1.0,3.3010299956639813,0.83984,1.0,579.9019540433043,1.0,2.0,2.5055840557992246,0.0,0.83984,579.9019540433043,1.0,9.0,1.0,1.0
20260727,562,clean,"baseline (happy path, demo aaa_demo.py M1)",wire_transfer,189.8,initech,0,2000.0,2,400.37,1,,0,,0,True,True,True,True,,train,2.0,2.278296208091274,0.0,2.0,3.3010299956639813,0.9051,1.0,400.3701034206724,1.0,2.0,2.278296208091274,0.0,0.9051,400.3701034206724,1.0,9.0,1.0,1.0
20260727,563,clean,"baseline (happy path, demo aaa_demo.py M1)",pay_invoice,15283.36,umbrella,0,20000.0,2,559.85,1,,0,,0,True,True,True,True,,eval,0.0,4.184218843051442,0.0,2.0,4.301029995663981,0.23583199999999996,1.0,559.8536258480968,1.0,0.0,4.184218843051442,0.0,0.23583199999999996,559.8536258480968,1.0,9.0,1.0,1.0
20260727,564,clean,"baseline (happy path, demo aaa_demo.py M1)",pay_invoice,263.97,initech,0,500.0,1,542.22,1,,0,,0,True,True,True,True,,train,0.0,2.4215545724198773,0.0,1.0,2.6989700043360187,0.4720599999999999,1.0,542.220234529641,1.0,0.0,2.4215545724198773,0.0,0.4720599999999999,542.220234529641,1.0,9.0,1.0,1.0
20260727,565,forged_seal,demo-attacks:6-forged-seal; eatf-vec:bad-signature-classical,pay_invoice,16.49,px-145,1,500.0,1,502.56,1,seal-signature-byte,0,,1,True,True,False,True,seal-invalid,eval,0.0,1.2172206556445186,1.0,1.0,2.6989700043360187,0.96702,1.0,502.5575458053039,1.0,0.0,1.2172206556445186,1.0,0.96702,502.5575458053039,1.0,9.0,1.0,1.0
20260727,566,tampered_ear,demo-attacks:7-tampered-EAR; eatf-vec:tampered-canonical-bin,pay_invoice,129.44,initech,0,5000.0,3,133.26,1,ear:quote_sig,0,,1,True,False,True,True,content-mutated,train,0.0,2.1120685042681973,0.0,3.0,3.6989700043360187,0.9741120000000001,1.0,133.2596554040611,1.0,0.0,2.1120685042681973,0.0,0.9741120000000001,133.2596554040611,1.0,9.0,1.0,1.0
20260727,567,clean,"baseline (happy path, demo aaa_demo.py M1)",update_ledger,864.73,initech,0,20000.0,3,211.45,1,,0,,0,True,True,True,True,,train,3.0,2.9368805261763287,0.0,3.0,4.301029995663981,0.9567635,1.0,211.44790874269367,1.0,3.0,2.9368805261763287,0.0,0.9567635,211.44790874269367,1.0,9.0,1.0,1.0
20260727,568,clean,"baseline (happy path, demo aaa_demo.py M1)",refund_invoice,76.72,px-740,1,2000.0,3,87.85,1,,0,,0,True,True,True,True,,train,1.0,1.8849085941626071,1.0,3.0,3.3010299956639813,0.9616399999999999,1.0,87.8497828984012,1.0,1.0,1.8849085941626071,1.0,0.9616399999999999,87.8497828984012,1.0,9.0,1.0,1.0
20260727,569,clean,"baseline (happy path, demo aaa_demo.py M1)",refund_invoice,62.74,umbrella,0,500.0,3,189.59,1,,0,,0,True,True,True,True,,eval,1.0,1.7975445143617264,0.0,3.0,2.6989700043360187,0.87452,1.0,189.59108297025537,1.0,1.0,1.7975445143617264,0.0,0.87452,189.59108297025537,1.0,9.0,1.0,1.0
20260727,570,over_scope_amount,mm-ablation:over-limit-payment(L4); demo-attacks:2-out-of-scope,pay_invoice,11121.3,acme,0,5000.0,2,95.88,1,,1,action out of scope,0,True,True,True,True,,train,0.0,4.046155556115405,0.0,2.0,3.6989700043360187,-1.22426,1.0,95.8847030093654,1.0,0.0,4.046155556115405,0.0,-1.22426,95.8847030093654,1.0,9.0,1.0,1.0
20260727,571,dtbs_field_tamper,demo-m2:binding-tamper-fuzz(7 fields); eatf-vec:tampered-metadata; eatf-vec:tampered-overt-receipt,update_ledger,667.86,globex,0,20000.0,3,522.09,1,dtbs:bind_ver,0,,1,True,True,False,True,seal-invalid,eval,3.0,2.824685433134613,0.0,3.0,4.301029995663981,0.966607,1.0,522.0920375539781,1.0,3.0,2.824685433134613,0.0,0.966607,522.0920375539781,1.0,9.0,1.0,1.0
20260727,572,clean,"baseline (happy path, demo aaa_demo.py M1)",wire_transfer,23.19,initech,0,500.0,2,407.41,1,,0,,0,True,True,True,True,,eval,2.0,1.3653007486379873,0.0,2.0,2.6989700043360187,0.95362,1.0,407.40704612224874,1.0,2.0,1.3653007486379873,0.0,0.95362,407.40704612224874,1.0,9.0,1.0,1.0
20260727,573,method_not_allowed,mm-ablation:prompt-injected-wire-transfer(L4),update_ledger,113.51,acme,0,2000.0,2,400.95,1,,1,action out of scope,0,True,True,True,True,,eval,3.0,2.0550341236746137,0.0,2.0,3.3010299956639813,0.943245,0.0,400.95106995183886,1.0,3.0,2.0550341236746137,0.0,0.943245,400.95106995183886,1.0,9.0,1.0,1.0
20260727,574,untrusted_sam,demo-attacks:8-untrusted-SAM; eatf-vec:untrusted-issuer (sealer analogue),refund_invoice,580.77,px-351,1,20000.0,2,174.08,1,,0,,1,True,True,True,False,sealer-not-listed,train,1.0,2.7640041745464496,1.0,2.0,4.301029995663981,0.9709615,1.0,174.07805933006497,1.0,1.0,2.7640041745464496,1.0,0.9709615,174.07805933006497,1.0,9.0,1.0,1.0
20260727,575,clean,"baseline (happy path, demo aaa_demo.py M1)",wire_transfer,1609.09,umbrella,0,2000.0,1,381.64,1,,0,,0,True,True,True,True,,train,2.0,3.2065803358393983,0.0,1.0,3.3010299956639813,0.19545500000000005,1.0,381.64172488726507,1.0,2.0,3.2065803358393983,0.0,0.19545500000000005,381.64172488726507,1.0,9.0,1.0,1.0
20260727,576,over_scope_amount,mm-ablation:over-limit-payment(L4); demo-attacks:2-out-of-scope,wire_transfer,6005.38,acme,0,2000.0,1,285.12,1,,1,action out of scope,0,True,True,True,True,,train,2.0,3.7785404932845843,0.0,1.0,3.3010299956639813,-2.00269,1.0,285.1199648357243,1.0,2.0,3.7785404932845843,0.0,-2.00269,285.1199648357243,1.0,9.0,1.0,1.0
20260727,577,clean,"baseline (happy path, demo aaa_demo.py M1)",wire_transfer,892.22,globex,0,5000.0,2,516.34,1,,0,,0,True,True,True,True,,eval,2.0,2.950471954158104,0.0,2.0,3.6989700043360187,0.821556,1.0,516.3390736643228,1.0,2.0,2.950471954158104,0.0,0.821556,516.3390736643228,1.0,9.0,1.0,1.0
20260727,578,forged_seal,demo-attacks:6-forged-seal; eatf-vec:bad-signature-classical,pay_invoice,10007.1,acme,0,20000.0,2,575.88,1,seal-signature-byte,0,,1,True,True,False,True,seal-invalid,train,0.0,4.000308239670012,0.0,2.0,4.301029995663981,0.499645,1.0,575.87851273067,1.0,0.0,4.000308239670012,0.0,0.499645,575.87851273067,1.0,9.0,1.0,1.0
20260727,579,dtbs_field_tamper,demo-m2:binding-tamper-fuzz(7 fields); eatf-vec:tampered-metadata; eatf-vec:tampered-overt-receipt,pay_invoice,1359.37,globex,0,2000.0,2,567.34,1,dtbs:action_hash,0,,1,True,True,False,True,seal-invalid,train,0.0,3.1333376812268026,0.0,2.0,3.3010299956639813,0.32031500000000007,1.0,567.3424717808782,1.0,0.0,3.1333376812268026,0.0,0.32031500000000007,567.3424717808782,1.0,9.0,1.0,1.0
20260727,580,clean,"baseline (happy path, demo aaa_demo.py M1)",update_ledger,171.27,umbrella,0,500.0,2,342.63,1,,0,,0,True,True,True,True,,train,3.0,2.233681297726345,0.0,2.0,2.6989700043360187,0.65746,1.0,342.6269432693944,1.0,3.0,2.233681297726345,0.0,0.65746,342.6269432693944,1.0,9.0,1.0,1.0
20260727,581,missing_component,eatf-vec:missing-canonical-bin,update_ledger,997.18,globex,0,5000.0,3,462.93,1,missing:outcome_sha256,0,,1,,,,,malformed-package (KeyError),train,3.0,2.9987735594659695,0.0,3.0,3.6989700043360187,0.800564,1.0,462.9280055455976,1.0,3.0,2.9987735594659695,0.0,0.800564,462.9280055455976,1.0,8.0,1.0,1.0
20260727,582,expired_mandate,demo-attacks:4-expired-mandate,wire_transfer,415.63,px-750,1,500.0,2,-71.45,1,,1,mandate invalid: Signature has expired,1,False,True,True,True,mandate-or-binding-invalid,train,2.0,2.618706887211025,1.0,2.0,2.6989700043360187,0.16874,1.0,-71.45366042553462,1.0,2.0,2.618706887211025,1.0,0.16874,-71.45366042553462,1.0,9.0,1.0,1.0
20260727,583,over_scope_amount,mm-ablation:over-limit-payment(L4); demo-attacks:2-out-of-scope,update_ledger,1364.28,globex,0,500.0,2,388.9,1,,1,action out of scope,0,True,True,True,True,,train,3.0,3.134903512531201,0.0,2.0,2.6989700043360187,-1.7285599999999999,1.0,388.9032865913801,1.0,3.0,3.134903512531201,0.0,-1.7285599999999999,388.9032865913801,1.0,9.0,1.0,1.0
20260727,584,clean,"baseline (happy path, demo aaa_demo.py M1)",update_ledger,274.28,initech,0,5000.0,2,416.14,1,,0,,0,True,True,True,True,,train,3.0,2.438194140793337,0.0,2.0,3.6989700043360187,0.9451440000000001,1.0,416.13575789077674,1.0,3.0,2.438194140793337,0.0,0.9451440000000001,416.13575789077674,1.0,9.0,1.0,1.0
20260727,585,untrusted_issuer,eatf-vec:untrusted-issuer; mm-ablation:issuer-not-on-trusted-list(L3),update_ledger,8729.03,px-944,1,20000.0,2,108.05,0,,1,issuer not on trusted list,1,False,True,True,True,mandate-or-binding-invalid,train,3.0,3.9409659860821074,1.0,2.0,4.301029995663981,0.5635485,1.0,108.04682813203799,0.0,3.0,3.9409659860821074,1.0,0.5635485,108.04682813203799,0.0,9.0,1.0,1.0
20260727,586,clean,"baseline (happy path, demo aaa_demo.py M1)",pay_invoice,244.4,px-691,1,20000.0,2,496.71,1,,0,,0,True,True,True,True,,eval,0.0,2.3881012015705165,1.0,2.0,4.301029995663981,0.9877799999999999,1.0,496.714825155693,1.0,0.0,2.3881012015705165,1.0,0.9877799999999999,496.714825155693,1.0,9.0,1.0,1.0
20260727,587,clean,"baseline (happy path, demo aaa_demo.py M1)",pay_invoice,782.81,globex,0,20000.0,1,300.98,1,,0,,0,True,True,True,True,,train,0.0,2.8936563649127387,0.0,1.0,4.301029995663981,0.9608595,1.0,300.9829544766283,1.0,0.0,2.8936563649127387,0.0,0.9608595,300.9829544766283,1.0,9.0,1.0,1.0
20260727,588,wrong_holder_key,demo-attacks:5-wrong-holder-key,update_ledger,584.35,initech,0,2000.0,1,486.38,1,,1,mandate invalid: Signature verification failed,1,False,True,True,True,mandate-or-binding-invalid,eval,3.0,2.7666730483760844,0.0,1.0,3.3010299956639813,0.707825,1.0,486.3829682221992,1.0,3.0,2.7666730483760844,0.0,0.707825,486.3829682221992,1.0,9.0,1.0,1.0
20260727,589,clean,"baseline (happy path, demo aaa_demo.py M1)",wire_transfer,825.65,globex,0,5000.0,1,165.75,1,,0,,0,True,True,True,True,,train,2.0,2.916795985235871,0.0,1.0,3.6989700043360187,0.8348700000000001,1.0,165.75244666995596,1.0,2.0,2.916795985235871,0.0,0.8348700000000001,165.75244666995596,1.0,9.0,1.0,1.0
20260727,590,clean,"baseline (happy path, demo aaa_demo.py M1)",update_ledger,17.22,px-731,1,500.0,3,243.38,1,,0,,0,True,True,True,True,,train,3.0,1.236033147117636,1.0,3.0,2.6989700043360187,0.96556,1.0,243.38443946548907,1.0,3.0,1.236033147117636,1.0,0.96556,243.38443946548907,1.0,9.0,1.0,1.0
20260727,591,untrusted_issuer,eatf-vec:untrusted-issuer; mm-ablation:issuer-not-on-trusted-list(L3),wire_transfer,841.21,globex,0,5000.0,3,391.6,0,,1,issuer not on trusted list,1,False,True,True,True,mandate-or-binding-invalid,eval,2.0,2.924904426780576,0.0,3.0,3.6989700043360187,0.831758,1.0,391.59654388139296,0.0,2.0,2.924904426780576,0.0,0.831758,391.59654388139296,0.0,9.0,1.0,1.0
20260727,592,wrong_holder_key,demo-attacks:5-wrong-holder-key,update_ledger,2822.06,acme,0,20000.0,3,288.46,1,,1,mandate invalid: Signature verification failed,1,False,True,True,True,mandate-or-binding-invalid,train,3.0,3.4505662430795287,0.0,3.0,4.301029995663981,0.8588969999999999,1.0,288.461479009826,1.0,3.0,3.4505662430795287,0.0,0.8588969999999999,288.461479009826,1.0,9.0,1.0,1.0
20260727,593,payee_swap_action_hash,mm-ablation:payee-swapped-after-approval(L4); demo-attacks:1-action-hash-mismatch; demo-m2:confused-deputy,pay_invoice,262.73,px-746,1,2000.0,3,74.87,1,,1,action_hash mismatch,1,False,True,True,True,mandate-or-binding-invalid,eval,0.0,2.4195096658221407,1.0,3.0,3.3010299956639813,0.868635,1.0,74.87388367220899,1.0,0.0,2.4195096658221407,1.0,0.868635,74.87388367220899,1.0,9.0,1.0,1.0
20260727,594,clean,"baseline (happy path, demo aaa_demo.py M1)",pay_invoice,39.58,acme,0,500.0,3,355.12,1,,0,,0,True,True,True,True,,train,0.0,1.5974757898703775,0.0,3.0,2.6989700043360187,0.92084,1.0,355.11713615397,1.0,0.0,1.5974757898703775,0.0,0.92084,355.11713615397,1.0,9.0,1.0,1.0
20260727,595,clean,"baseline (happy path, demo aaa_demo.py M1)",refund_invoice,4258.47,acme,0,20000.0,3,589.34,1,,0,,0,True,True,True,True,,train,1.0,3.6292535920816325,0.0,3.0,4.301029995663981,0.7870765,1.0,589.3407584751578,1.0,1.0,3.6292535920816325,0.0,0.7870765,589.3407584751578,1.0,9.0,1.0,1.0
20260727,596,clean,"baseline (happy path, demo aaa_demo.py M1)",refund_invoice,340.9,globex,0,20000.0,2,352.11,1,,0,,0,True,True,True,True,,train,1.0,2.532627001228891,0.0,2.0,4.301029995663981,0.9829549999999999,1.0,352.10517464114207,1.0,1.0,2.532627001228891,0.0,0.9829549999999999,352.10517464114207,1.0,9.0,1.0,1.0
20260727,597,clean,"baseline (happy path, demo aaa_demo.py M1)",update_ledger,55.28,px-941,1,5000.0,2,389.6,1,,0,,0,True,True,True,True,,train,3.0,1.742568034366142,1.0,2.0,3.6989700043360187,0.988944,1.0,389.60331603927364,1.0,3.0,1.742568034366142,1.0,0.988944,389.60331603927364,1.0,9.0,1.0,1.0
20260727,598,forged_seal,demo-attacks:6-forged-seal; eatf-vec:bad-signature-classical,pay_invoice,142.39,px-799,1,5000.0,3,546.86,1,seal-signature-byte,0,,1,True,True,False,True,seal-invalid,train,0.0,2.1534794900219243,1.0,3.0,3.6989700043360187,0.9715219999999999,1.0,546.8580915109017,1.0,0.0,2.1534794900219243,1.0,0.9715219999999999,546.8580915109017,1.0,9.0,1.0,1.0
20260727,599,clean,"baseline (happy path, demo aaa_demo.py M1)",refund_invoice,107.82,umbrella,0,500.0,3,515.16,1,,0,,0,True,True,True,True,,train,1.0,2.0326993274926175,0.0,3.0,2.6989700043360187,0.7843600000000001,1.0,515.1567153398139,1.0,1.0,2.0326993274926175,0.0,0.7843600000000001,515.1567153398139,1.0,9.0,1.0,1.0
20260727,600,method_not_allowed,mm-ablation:prompt-injected-wire-transfer(L4),refund_invoice,606.69,px-890,1,5000.0,2,209.21,1,,1,action out of scope,0,True,True,True,True,,train,1.0,2.782966836578116,1.0,2.0,3.6989700043360187,0.8786619999999999,0.0,209.21057782117794,1.0,1.0,2.782966836578116,1.0,0.8786619999999999,209.21057782117794,1.0,9.0,1.0,1.0
20260727,601,over_scope_amount,mm-ablation:over-limit-payment(L4); demo-attacks:2-out-of-scope,refund_invoice,43089.77,umbrella,0,20000.0,2,426.21,1,,1,action out of scope,0,True,True,True,True,,eval,1.0,4.634374175963573,0.0,2.0,4.301029995663981,-1.1544884999999998,1.0,426.2139339983637,1.0,1.0,4.634374175963573,0.0,-1.1544884999999998,426.2139339983637,1.0,9.0,1.0,1.0
20260727,602,clean,"baseline (happy path, demo aaa_demo.py M1)",wire_transfer,247.98,px-709,1,2000.0,1,53.89,1,,0,,0,True,True,True,True,,train,2.0,2.394416655665352,1.0,1.0,3.3010299956639813,0.87601,1.0,53.89057660257933,1.0,2.0,2.394416655665352,1.0,0.87601,53.89057660257933,1.0,9.0,1.0,1.0
20260727,603,clean,"baseline (happy path, demo aaa_demo.py M1)",wire_transfer,2774.67,initech,0,5000.0,3,81.4,1,,0,,0,True,True,True,True,,train,2.0,3.443211338557338,0.0,3.0,3.6989700043360187,0.44506599999999996,1.0,81.39719425263881,1.0,2.0,3.443211338557338,0.0,0.44506599999999996,81.39719425263881,1.0,9.0,1.0,1.0
20260727,604,untrusted_sam,demo-attacks:8-untrusted-SAM; eatf-vec:untrusted-issuer (sealer analogue),pay_invoice,259.64,acme,0,2000.0,3,429.7,1,,0,,1,True,True,True,False,sealer-not-listed,eval,0.0,2.414371600459086,0.0,3.0,3.3010299956639813,0.8701800000000001,1.0,429.70482907288033,1.0,0.0,2.414371600459086,0.0,0.8701800000000001,429.70482907288033,1.0,9.0,1.0,1.0
20260727,605,payee_swap_action_hash,mm-ablation:payee-swapped-after-approval(L4); demo-attacks:1-action-hash-mismatch; demo-m2:confused-deputy,refund_invoice,657.01,px-590,1,5000.0,1,546.71,1,,1,action_hash mismatch,1,False,True,True,True,mandate-or-binding-invalid,train,1.0,2.8175719797755616,1.0,1.0,3.6989700043360187,0.868598,1.0,546.7114642466095,1.0,1.0,2.8175719797755616,1.0,0.868598,546.7114642466095,1.0,9.0,1.0,1.0
20260727,606,clean,"baseline (happy path, demo aaa_demo.py M1)",refund_invoice,72.32,umbrella,0,2000.0,2,223.92,1,,0,,0,True,True,True,True,,train,1.0,1.8592584174673068,0.0,2.0,3.3010299956639813,0.96384,1.0,223.91615469830379,1.0,1.0,1.8592584174673068,0.0,0.96384,223.91615469830379,1.0,9.0,1.0,1.0
20260727,607,clean,"baseline (happy path, demo aaa_demo.py M1)",wire_transfer,62.4,acme,0,5000.0,2,274.07,1,,0,,0,True,True,True,True,,train,2.0,1.7951845896824241,0.0,2.0,3.6989700043360187,0.9875200000000001,1.0,274.07427209637785,1.0,2.0,1.7951845896824241,0.0,0.9875200000000001,274.07427209637785,1.0,9.0,1.0,1.0
20260727,608,untrusted_sam,demo-attacks:8-untrusted-SAM; eatf-vec:untrusted-issuer (sealer analogue),pay_invoice,35.37,umbrella,0,500.0,1,120.98,1,,0,,1,True,True,True,False,sealer-not-listed,train,0.0,1.5486350598147516,0.0,1.0,2.6989700043360187,0.92926,1.0,120.97848985557418,1.0,0.0,1.5486350598147516,0.0,0.92926,120.97848985557418,1.0,9.0,1.0,1.0
20260727,609,clean,"baseline (happy path, demo aaa_demo.py M1)",wire_transfer,318.77,acme,0,500.0,3,51.16,1,,0,,0,True,True,True,True,,train,2.0,2.5034774424369948,0.0,3.0,2.6989700043360187,0.36246000000000006,1.0,51.16081508551167,1.0,2.0,2.5034774424369948,0.0,0.36246000000000006,51.16081508551167,1.0,9.0,1.0,1.0
20260727,610,clean,"baseline (happy path, demo aaa_demo.py M1)",pay_invoice,1040.4,px-577,1,5000.0,2,298.22,1,,0,,0,True,True,True,True,,eval,0.0,3.017200343523835,1.0,2.0,3.6989700043360187,0.79192,1.0,298.2245218501374,1.0,0.0,3.017200343523835,1.0,0.79192,298.2245218501374,1.0,9.0,1.0,1.0
20260727,611,clean,"baseline (happy path, demo aaa_demo.py M1)",update_ledger,84.11,acme,0,5000.0,2,228.26,1,,0,,0,True,True,True,True,,train,3.0,1.924847632975537,0.0,2.0,3.6989700043360187,0.9831780000000001,1.0,228.26025946795698,1.0,3.0,1.924847632975537,0.0,0.9831780000000001,228.26025946795698,1.0,9.0,1.0,1.0
20260727,612,clean,"baseline (happy path, demo aaa_demo.py M1)",refund_invoice,60.93,px-972,1,5000.0,2,316.02,1,,0,,0,True,True,True,True,,eval,1.0,1.7848311781244692,1.0,2.0,3.6989700043360187,0.987814,1.0,316.0224815008999,1.0,1.0,1.7848311781244692,1.0,0.987814,316.0224815008999,1.0,9.0,1.0,1.0
20260727,613,wrong_holder_key,demo-attacks:5-wrong-holder-key,update_ledger,2352.52,umbrella,0,20000.0,1,475.52,1,,1,mandate invalid: Signature verification failed,1,False,True,True,True,mandate-or-binding-invalid,train,3.0,3.3715333242789827,0.0,1.0,4.301029995663981,0.882374,1.0,475.5245746797128,1.0,3.0,3.3715333242789827,0.0,0.882374,475.5245746797128,1.0,9.0,1.0,1.0
20260727,614,nonce_replay_same,"demo-attacks:3-nonce-replay (same-session variant, gate check 5)",pay_invoice,427.99,globex,0,20000.0,3,313.7,1,,1,nonce replay,0,True,True,True,True,,train,0.0,2.6314336218272953,0.0,3.0,4.301029995663981,0.9786004999999999,1.0,313.6997862901981,1.0,0.0,2.6314336218272953,0.0,0.9786004999999999,313.6997862901981,1.0,9.0,1.0,1.0
20260727,615,clean,"baseline (happy path, demo aaa_demo.py M1)",wire_transfer,2249.67,acme,0,5000.0,3,468.39,1,,0,,0,True,True,True,True,,train,2.0,3.352118816915815,0.0,3.0,3.6989700043360187,0.5500659999999999,1.0,468.3909858165567,1.0,2.0,3.352118816915815,0.0,0.5500659999999999,468.3909858165567,1.0,9.0,1.0,1.0
20260727,616,clean,"baseline (happy path, demo aaa_demo.py M1)",refund_invoice,223.9,umbrella,0,5000.0,2,560.99,1,,0,,0,True,True,True,True,,eval,1.0,2.3500540935790304,0.0,2.0,3.6989700043360187,0.9552200000000001,1.0,560.9888699730132,1.0,1.0,2.3500540935790304,0.0,0.9552200000000001,560.9888699730132,1.0,9.0,1.0,1.0
20260727,617,clean,"baseline (happy path, demo aaa_demo.py M1)",refund_invoice,2525.82,globex,0,20000.0,1,417.24,1,,0,,0,True,True,True,True,,train,1.0,3.402402397766368,0.0,1.0,4.301029995663981,0.8737090000000001,1.0,417.2398613190847,1.0,1.0,3.402402397766368,0.0,0.8737090000000001,417.2398613190847,1.0,9.0,1.0,1.0
20260727,618,clean,"baseline (happy path, demo aaa_demo.py M1)",update_ledger,488.58,px-303,1,5000.0,1,486.06,1,,0,,0,True,True,True,True,,train,3.0,2.6889356851764807,1.0,1.0,3.6989700043360187,0.902284,1.0,486.0564352056336,1.0,3.0,2.6889356851764807,1.0,0.902284,486.0564352056336,1.0,9.0,1.0,1.0
20260727,619,clean,"baseline (happy path, demo aaa_demo.py M1)",wire_transfer,1026.32,acme,0,20000.0,1,442.58,1,,0,,0,True,True,True,True,,eval,2.0,3.011282792126986,0.0,1.0,4.301029995663981,0.948684,1.0,442.57765744006133,1.0,2.0,3.011282792126986,0.0,0.948684,442.57765744006133,1.0,9.0,1.0,1.0
20260727,620,method_not_allowed,mm-ablation:prompt-injected-wire-transfer(L4),pay_invoice,426.57,initech,0,5000.0,1,187.37,1,,1,action out of scope,0,True,True,True,True,,eval,0.0,2.629990308936675,0.0,1.0,3.6989700043360187,0.9146860000000001,0.0,187.36842253522443,1.0,0.0,2.629990308936675,0.0,0.9146860000000001,187.36842253522443,1.0,9.0,1.0,1.0
20260727,621,dtbs_field_tamper,demo-m2:binding-tamper-fuzz(7 fields); eatf-vec:tampered-metadata; eatf-vec:tampered-overt-receipt,pay_invoice,3198.91,initech,0,20000.0,2,510.15,1,dtbs:outcome_sha256,0,,1,True,False,False,True,content-mutated,train,0.0,3.5050020215616913,0.0,2.0,4.301029995663981,0.8400545,1.0,510.14895145261636,1.0,0.0,3.5050020215616913,0.0,0.8400545,510.14895145261636,1.0,9.0,1.0,1.0
20260727,622,clean,"baseline (happy path, demo aaa_demo.py M1)",wire_transfer,5616.69,globex,0,20000.0,2,519.86,1,,0,,0,True,True,True,True,,train,2.0,3.7494804546746736,0.0,2.0,4.301029995663981,0.7191655,1.0,519.8571838630224,1.0,2.0,3.7494804546746736,0.0,0.7191655,519.8571838630224,1.0,9.0,1.0,1.0
20260727,623,outcome_mutation,eatf-vec:tampered-canonical-bin (content mutated after sealing),update_ledger,2318.8,initech,0,20000.0,2,583.34,1,outcome:amount_eur,0,,1,True,False,True,True,content-mutated,eval,3.0,3.365263291698734,0.0,2.0,4.301029995663981,0.8840600000000001,1.0,583.3379412621853,1.0,3.0,3.365263291698734,0.0,0.8840600000000001,583.3379412621853,1.0,9.0,1.0,1.0
20260727,624,clean,"baseline (happy path, demo aaa_demo.py M1)",update_ledger,8.67,umbrella,0,500.0,2,101.74,1,,0,,0,True,True,True,True,,train,3.0,0.9380190974762103,0.0,2.0,2.6989700043360187,0.98266,1.0,101.74067861474383,1.0,3.0,0.9380190974762103,0.0,0.98266,101.74067861474383,1.0,9.0,1.0,1.0
20260727,625,dtbs_field_tamper,demo-m2:binding-tamper-fuzz(7 fields); eatf-vec:tampered-metadata; eatf-vec:tampered-overt-receipt,update_ledger,93.03,initech,0,500.0,1,429.87,1,dtbs:mandate_digest,0,,1,True,True,False,True,seal-invalid,train,3.0,1.9686230209569888,0.0,1.0,2.6989700043360187,0.8139400000000001,1.0,429.87061545738453,1.0,3.0,1.9686230209569888,0.0,0.8139400000000001,429.87061545738453,1.0,9.0,1.0,1.0
20260727,626,dtbs_field_tamper,demo-m2:binding-tamper-fuzz(7 fields); eatf-vec:tampered-metadata; eatf-vec:tampered-overt-receipt,update_ledger,20.34,globex,0,500.0,2,426.41,1,dtbs:mandate_digest,0,,1,True,True,False,True,seal-invalid,eval,3.0,1.3083509485867257,0.0,2.0,2.6989700043360187,0.9593200000000001,1.0,426.41252142426475,1.0,3.0,1.3083509485867257,0.0,0.9593200000000001,426.41252142426475,1.0,9.0,1.0,1.0
20260727,627,clean,"baseline (happy path, demo aaa_demo.py M1)",update_ledger,1043.18,globex,0,5000.0,1,88.85,1,,0,,0,True,True,True,True,,eval,3.0,3.0183592521101406,0.0,1.0,3.6989700043360187,0.791364,1.0,88.84505867813513,1.0,3.0,3.0183592521101406,0.0,0.791364,88.84505867813513,1.0,9.0,1.0,1.0
20260727,628,clean,"baseline (happy path, demo aaa_demo.py M1)",refund_invoice,20.77,acme,0,500.0,1,270.51,1,,0,,0,True,True,True,True,,train,1.0,1.317436496535099,0.0,1.0,2.6989700043360187,0.9584600000000001,1.0,270.5142588045177,1.0,1.0,1.317436496535099,0.0,0.9584600000000001,270.5142588045177,1.0,9.0,1.0,1.0
20260727,629,payee_swap_action_hash,mm-ablation:payee-swapped-after-approval(L4); demo-attacks:1-action-hash-mismatch; demo-m2:confused-deputy,update_ledger,125.79,px-343,1,5000.0,2,207.5,1,,1,action_hash mismatch,1,False,True,True,True,mandate-or-binding-invalid,train,3.0,2.0996461171232306,1.0,2.0,3.6989700043360187,0.974842,1.0,207.502463635442,1.0,3.0,2.0996461171232306,1.0,0.974842,207.502463635442,1.0,9.0,1.0,1.0
20260727,630,clean,"baseline (happy path, demo aaa_demo.py M1)",wire_transfer,10.63,px-679,1,500.0,2,157.72,1,,0,,0,True,True,True,True,,eval,2.0,1.0265332645232967,1.0,2.0,2.6989700043360187,0.97874,1.0,157.72360190015064,1.0,2.0,1.0265332645232967,1.0,0.97874,157.72360190015064,1.0,9.0,1.0,1.0
20260727,631,expired_mandate,demo-attacks:4-expired-mandate,wire_transfer,51.44,globex,0,500.0,1,-533.54,1,,1,mandate invalid: Signature has expired,1,False,True,True,True,mandate-or-binding-invalid,train,2.0,1.7113009599161657,0.0,1.0,2.6989700043360187,0.89712,1.0,-533.5413794930689,1.0,2.0,1.7113009599161657,0.0,0.89712,-533.5413794930689,1.0,9.0,1.0,1.0
20260727,632,clean,"baseline (happy path, demo aaa_demo.py M1)",pay_invoice,1739.52,initech,0,20000.0,2,332.72,1,,0,,0,True,True,True,True,,train,0.0,3.240429426380363,0.0,2.0,4.301029995663981,0.913024,1.0,332.7181918553796,1.0,0.0,3.240429426380363,0.0,0.913024,332.7181918553796,1.0,9.0,1.0,1.0
20260727,633,clean,"baseline (happy path, demo aaa_demo.py M1)",wire_transfer,30.93,globex,0,2000.0,1,424.89,1,,0,,0,True,True,True,True,,eval,2.0,1.4903799200031789,0.0,1.0,3.3010299956639813,0.9845349999999999,1.0,424.88917143889915,1.0,2.0,1.4903799200031789,0.0,0.9845349999999999,424.88917143889915,1.0,9.0,1.0,1.0
20260727,634,clean,"baseline (happy path, demo aaa_demo.py M1)",wire_transfer,540.25,px-462,1,5000.0,3,486.66,1,,0,,0,True,True,True,True,,train,2.0,2.732594775555279,1.0,3.0,3.6989700043360187,0.89195,1.0,486.6569205795856,1.0,2.0,2.732594775555279,1.0,0.89195,486.6569205795856,1.0,9.0,1.0,1.0
20260727,635,clean,"baseline (happy path, demo aaa_demo.py M1)",pay_invoice,127.38,umbrella,0,5000.0,1,186.58,1,,0,,0,True,True,True,True,,train,0.0,2.105101244549642,0.0,1.0,3.6989700043360187,0.974524,1.0,186.57615310884643,1.0,0.0,2.105101244549642,0.0,0.974524,186.57615310884643,1.0,9.0,1.0,1.0
20260727,636,clean,"baseline (happy path, demo aaa_demo.py M1)",pay_invoice,153.87,initech,0,500.0,3,224.28,1,,0,,0,True,True,True,True,,train,0.0,2.187153953785416,0.0,3.0,2.6989700043360187,0.69226,1.0,224.28110239924692,1.0,0.0,2.187153953785416,0.0,0.69226,224.28110239924692,1.0,9.0,1.0,1.0
20260727,637,clean,"baseline (happy path, demo aaa_demo.py M1)",pay_invoice,1508.42,px-477,1,5000.0,3,351.82,1,,0,,0,True,True,True,True,,eval,0.0,3.1785222820417602,1.0,3.0,3.6989700043360187,0.6983159999999999,1.0,351.824986032408,1.0,0.0,3.1785222820417602,1.0,0.6983159999999999,351.824986032408,1.0,9.0,1.0,1.0
20260727,638,dtbs_field_tamper,demo-m2:binding-tamper-fuzz(7 fields); eatf-vec:tampered-metadata; eatf-vec:tampered-overt-receipt,update_ledger,40.65,umbrella,0,500.0,2,468.49,1,dtbs:mandate_digest,0,,1,True,True,False,True,seal-invalid,train,3.0,1.609060549930087,0.0,2.0,2.6989700043360187,0.9187000000000001,1.0,468.49303907271116,1.0,3.0,1.609060549930087,0.0,0.9187000000000001,468.49303907271116,1.0,9.0,1.0,1.0
20260727,639,clean,"baseline (happy path, demo aaa_demo.py M1)",wire_transfer,402.47,initech,0,20000.0,1,502.11,1,,0,,0,True,True,True,True,,train,2.0,2.6047335137224517,0.0,1.0,4.301029995663981,0.9798764999999999,1.0,502.1121701276802,1.0,2.0,2.6047335137224517,0.0,0.9798764999999999,502.1121701276802,1.0,9.0,1.0,1.0
20260727,640,clean,"baseline (happy path, demo aaa_demo.py M1)",update_ledger,296.4,globex,0,20000.0,1,391.28,1,,0,,0,True,True,True,True,,eval,3.0,2.4718781993072905,0.0,1.0,4.301029995663981,0.98518,1.0,391.2845884647031,1.0,3.0,2.4718781993072905,0.0,0.98518,391.2845884647031,1.0,9.0,1.0,1.0
20260727,641,untrusted_issuer,eatf-vec:untrusted-issuer; mm-ablation:issuer-not-on-trusted-list(L3),refund_invoice,65.17,px-974,1,500.0,2,536.06,0,,1,issuer not on trusted list,1,False,True,True,True,mandate-or-binding-invalid,train,1.0,1.8140477209955994,1.0,2.0,2.6989700043360187,0.86966,1.0,536.061891275603,0.0,1.0,1.8140477209955994,1.0,0.86966,536.061891275603,0.0,9.0,1.0,1.0
20260727,642,missing_component,eatf-vec:missing-canonical-bin,refund_invoice,214.25,acme,0,20000.0,1,448.35,1,missing:mandate_digest,0,,1,,,,,malformed-package (KeyError),eval,1.0,2.3309208305952356,0.0,1.0,4.301029995663981,0.9892875,1.0,448.3510527769448,1.0,1.0,2.3309208305952356,0.0,0.9892875,448.3510527769448,1.0,8.0,1.0,1.0
20260727,643,clean,"baseline (happy path, demo aaa_demo.py M1)",update_ledger,6363.32,initech,0,20000.0,2,446.49,1,,0,,0,True,True,True,True,,train,3.0,3.8036837636793748,0.0,2.0,4.301029995663981,0.681834,1.0,446.49254746108414,1.0,3.0,3.8036837636793748,0.0,0.681834,446.49254746108414,1.0,9.0,1.0,1.0
20260727,644,clean,"baseline (happy path, demo aaa_demo.py M1)",refund_invoice,1679.07,globex,0,2000.0,1,256.43,1,,0,,0,True,True,True,True,,train,1.0,3.2250688021416387,0.0,1.0,3.3010299956639813,0.16046500000000002,1.0,256.42541605185284,1.0,1.0,3.2250688021416387,0.0,0.16046500000000002,256.42541605185284,1.0,9.0,1.0,1.0
20260727,645,clean,"baseline (happy path, demo aaa_demo.py M1)",update_ledger,975.34,umbrella,0,20000.0,3,388.93,1,,0,,0,True,True,True,True,,eval,3.0,2.9891560355795246,0.0,3.0,4.301029995663981,0.951233,1.0,388.93295765638345,1.0,3.0,2.9891560355795246,0.0,0.951233,388.93295765638345,1.0,9.0,1.0,1.0
20260727,646,clean,"baseline (happy path, demo aaa_demo.py M1)",refund_invoice,4310.73,globex,0,5000.0,2,173.19,1,,0,,0,True,True,True,True,,train,1.0,3.6345508219301403,0.0,2.0,3.6989700043360187,0.1378540000000001,1.0,173.19154618616224,1.0,1.0,3.6345508219301403,0.0,0.1378540000000001,173.19154618616224,1.0,9.0,1.0,1.0
20260727,647,forged_seal,demo-attacks:6-forged-seal; eatf-vec:bad-signature-classical,pay_invoice,17.25,initech,0,500.0,1,488.12,1,seal-signature-byte,0,,1,True,True,False,True,seal-invalid,train,0.0,1.236789099409293,0.0,1.0,2.6989700043360187,0.9655,1.0,488.12350921895046,1.0,0.0,1.236789099409293,0.0,0.9655,488.12350921895046,1.0,9.0,1.0,1.0
20260727,648,clean,"baseline (happy path, demo aaa_demo.py M1)",update_ledger,147.21,umbrella,0,5000.0,2,247.53,1,,0,,0,True,True,True,True,,train,3.0,2.167937312700578,0.0,2.0,3.6989700043360187,0.970558,1.0,247.52773119015623,1.0,3.0,2.167937312700578,0.0,0.970558,247.52773119015623,1.0,9.0,1.0,1.0
20260727,649,clean,"baseline (happy path, demo aaa_demo.py M1)",update_ledger,342.95,acme,0,5000.0,2,219.29,1,,0,,0,True,True,True,True,,train,3.0,2.5352308071945058,0.0,2.0,3.6989700043360187,0.9314100000000001,1.0,219.2928219486792,1.0,3.0,2.5352308071945058,0.0,0.9314100000000001,219.2928219486792,1.0,9.0,1.0,1.0
20260727,650,clean,"baseline (happy path, demo aaa_demo.py M1)",wire_transfer,368.05,acme,0,500.0,2,126.63,1,,0,,0,True,True,True,True,,train,2.0,2.565906822067658,0.0,2.0,2.6989700043360187,0.26389999999999997,1.0,126.63145491736512,1.0,2.0,2.565906822067658,0.0,0.26389999999999997,126.63145491736512,1.0,9.0,1.0,1.0
20260727,651,clean,"baseline (happy path, demo aaa_demo.py M1)",update_ledger,91.66,px-681,1,2000.0,3,436.22,1,,0,,0,True,True,True,True,,train,3.0,1.9621798529087677,1.0,3.0,3.3010299956639813,0.95417,1.0,436.22396009627,1.0,3.0,1.9621798529087677,1.0,0.95417,436.22396009627,1.0,9.0,1.0,1.0
20260727,652,dtbs_field_tamper,demo-m2:binding-tamper-fuzz(7 fields); eatf-vec:tampered-metadata; eatf-vec:tampered-overt-receipt,refund_invoice,317.24,px-649,1,2000.0,2,58.41,1,dtbs:outcome_sha256,0,,1,True,False,False,True,content-mutated,train,1.0,2.5013879412056164,1.0,2.0,3.3010299956639813,0.84138,1.0,58.41394193171731,1.0,1.0,2.5013879412056164,1.0,0.84138,58.41394193171731,1.0,9.0,1.0,1.0
20260727,653,clean,"baseline (happy path, demo aaa_demo.py M1)",refund_invoice,2071.01,globex,0,5000.0,2,369.69,1,,0,,0,True,True,True,True,,eval,1.0,3.316182195916308,0.0,2.0,3.6989700043360187,0.5857979999999999,1.0,369.69145526028575,1.0,1.0,3.316182195916308,0.0,0.5857979999999999,369.69145526028575,1.0,9.0,1.0,1.0
20260727,654,clean,"baseline (happy path, demo aaa_demo.py M1)",wire_transfer,1394.64,globex,0,5000.0,1,359.39,1,,0,,0,True,True,True,True,,train,2.0,3.1444621171503795,0.0,1.0,3.6989700043360187,0.7210719999999999,1.0,359.38662194086095,1.0,2.0,3.1444621171503795,0.0,0.7210719999999999,359.38662194086095,1.0,9.0,1.0,1.0
20260727,655,clean,"baseline (happy path, demo aaa_demo.py M1)",wire_transfer,1080.44,acme,0,2000.0,3,358.98,1,,0,,0,True,True,True,True,,train,2.0,3.0336006542433878,0.0,3.0,3.3010299956639813,0.45977999999999997,1.0,358.9800748276185,1.0,2.0,3.0336006542433878,0.0,0.45977999999999997,358.9800748276185,1.0,9.0,1.0,1.0
20260727,656,missing_component,eatf-vec:missing-canonical-bin,update_ledger,4592.93,acme,0,20000.0,1,137.21,1,missing:nonce,0,,1,,,,,malformed-package (KeyError),train,3.0,3.6620898264661714,0.0,1.0,4.301029995663981,0.7703535,1.0,137.2122877923673,1.0,3.0,3.6620898264661714,0.0,0.7703535,137.2122877923673,1.0,8.0,0.0,1.0
20260727,657,clean,"baseline (happy path, demo aaa_demo.py M1)",pay_invoice,1299.63,umbrella,0,5000.0,1,465.41,1,,0,,0,True,True,True,True,,eval,0.0,3.1138197278222837,0.0,1.0,3.6989700043360187,0.740074,1.0,465.41140305746677,1.0,0.0,3.1138197278222837,0.0,0.740074,465.41140305746677,1.0,9.0,1.0,1.0
20260727,658,forged_credential_sig,mm-ablation:forged-altered-credential(L1); eatf-vec:bad-signature-classical,pay_invoice,48.85,umbrella,0,2000.0,3,396.42,1,,1,mandate invalid: Signature verification failed,1,False,True,True,True,mandate-or-binding-invalid,train,0.0,1.6888645680547918,0.0,3.0,3.3010299956639813,0.9755750000000001,1.0,396.4158789896418,1.0,0.0,1.6888645680547918,0.0,0.9755750000000001,396.4158789896418,1.0,9.0,1.0,1.0
20260727,659,stale_attestation,mm-ablation:replayed-stale-attestation(L2),update_ledger,696.72,umbrella,0,20000.0,2,40.17,1,,1,execution not affirming,1,True,False,True,True,content-mutated,eval,3.0,2.8430582775432796,0.0,2.0,4.301029995663981,0.9651639999999999,1.0,40.166879034422415,1.0,3.0,2.8430582775432796,0.0,0.9651639999999999,40.166879034422415,1.0,9.0,1.0,0.0
20260727,660,method_not_allowed,mm-ablation:prompt-injected-wire-transfer(L4),refund_invoice,2199.41,acme,0,20000.0,3,503.96,1,,1,action out of scope,0,True,True,True,True,,train,1.0,3.3423061953180775,0.0,3.0,4.301029995663981,0.8900295,0.0,503.959735340382,1.0,1.0,3.3423061953180775,0.0,0.8900295,503.959735340382,1.0,9.0,1.0,1.0
20260727,661,wrong_holder_key,demo-attacks:5-wrong-holder-key,refund_invoice,2043.86,globex,0,20000.0,3,298.26,1,,1,mandate invalid: Signature verification failed,1,False,True,True,True,mandate-or-binding-invalid,eval,1.0,3.3104511442465325,0.0,3.0,4.301029995663981,0.897807,1.0,298.2649001916148,1.0,1.0,3.3104511442465325,0.0,0.897807,298.2649001916148,1.0,9.0,1.0,1.0
20260727,662,dtbs_field_tamper,demo-m2:binding-tamper-fuzz(7 fields); eatf-vec:tampered-metadata; eatf-vec:tampered-overt-receipt,refund_invoice,419.71,px-801,1,500.0,3,432.56,1,dtbs:mandate_digest,0,,1,True,True,False,True,seal-invalid,train,1.0,2.622949316824264,1.0,3.0,2.6989700043360187,0.16058000000000003,1.0,432.5574894589117,1.0,1.0,2.622949316824264,1.0,0.16058000000000003,432.5574894589117,1.0,9.0,1.0,1.0
20260727,663,untrusted_sam,demo-attacks:8-untrusted-SAM; eatf-vec:untrusted-issuer (sealer analogue),pay_invoice,224.08,globex,0,20000.0,3,327.89,1,,0,,1,True,True,True,False,sealer-not-listed,train,0.0,2.350403095815512,0.0,3.0,4.301029995663981,0.9887959999999999,1.0,327.8866539328883,1.0,0.0,2.350403095815512,0.0,0.9887959999999999,327.8866539328883,1.0,9.0,1.0,1.0
20260727,664,clean,"baseline (happy path, demo aaa_demo.py M1)",refund_invoice,4429.61,px-389,1,5000.0,1,226.5,1,,0,,0,True,True,True,True,,train,1.0,3.6463654909400147,1.0,1.0,3.6989700043360187,0.11407800000000007,1.0,226.49831298903197,1.0,1.0,3.6463654909400147,1.0,0.11407800000000007,226.49831298903197,1.0,9.0,1.0,1.0
20260727,665,expired_mandate,demo-attacks:4-expired-mandate,refund_invoice,4158.73,acme,0,5000.0,3,-59.92,1,,1,mandate invalid: Signature has expired,1,False,True,True,True,mandate-or-binding-invalid,train,1.0,3.618960725290038,0.0,3.0,3.6989700043360187,0.1682540000000001,1.0,-59.923569806402725,1.0,1.0,3.618960725290038,0.0,0.1682540000000001,-59.923569806402725,1.0,9.0,1.0,1.0
20260727,666,clean,"baseline (happy path, demo aaa_demo.py M1)",pay_invoice,17598.36,globex,0,20000.0,1,590.33,1,,0,,0,True,True,True,True,,train,0.0,4.245472197579126,0.0,1.0,4.301029995663981,0.12008199999999997,1.0,590.3259282295513,1.0,0.0,4.245472197579126,0.0,0.12008199999999997,590.3259282295513,1.0,9.0,1.0,1.0
20260727,667,untrusted_sam,demo-attacks:8-untrusted-SAM; eatf-vec:untrusted-issuer (sealer analogue),pay_invoice,49.89,acme,0,2000.0,2,573.28,1,,0,,1,True,True,True,False,sealer-not-listed,eval,0.0,1.6980135039391817,0.0,2.0,3.3010299956639813,0.975055,1.0,573.2823081748522,1.0,0.0,1.6980135039391817,0.0,0.975055,573.2823081748522,1.0,9.0,1.0,1.0
20260727,668,clean,"baseline (happy path, demo aaa_demo.py M1)",pay_invoice,276.94,px-322,1,20000.0,3,437.85,1,,0,,0,True,True,True,True,,train,0.0,2.442385687867871,1.0,3.0,4.301029995663981,0.9861530000000001,1.0,437.8545886264538,1.0,0.0,2.442385687867871,1.0,0.9861530000000001,437.8545886264538,1.0,9.0,1.0,1.0
20260727,669,clean,"baseline (happy path, demo aaa_demo.py M1)",update_ledger,1946.31,acme,0,20000.0,2,51.63,1,,0,,0,True,True,True,True,,train,3.0,3.289212014024353,0.0,2.0,4.301029995663981,0.9026844999999999,1.0,51.63123978784305,1.0,3.0,3.289212014024353,0.0,0.9026844999999999,51.63123978784305,1.0,9.0,1.0,1.0
20260727,670,clean,"baseline (happy path, demo aaa_demo.py M1)",pay_invoice,896.76,umbrella,0,2000.0,2,184.46,1,,0,,0,True,True,True,True,,train,0.0,2.952676228303794,0.0,2.0,3.3010299956639813,0.55162,1.0,184.46471870668913,1.0,0.0,2.952676228303794,0.0,0.55162,184.46471870668913,1.0,9.0,1.0,1.0
20260727,671,clean,"baseline (happy path, demo aaa_demo.py M1)",pay_invoice,1044.54,acme,0,5000.0,3,50.82,1,,0,,0,True,True,True,True,,eval,0.0,3.0189250756678363,0.0,3.0,3.6989700043360187,0.791092,1.0,50.82238687258274,1.0,0.0,3.0189250756678363,0.0,0.791092,50.82238687258274,1.0,9.0,1.0,1.0
20260727,672,clean,"baseline (happy path, demo aaa_demo.py M1)",update_ledger,3620.45,initech,0,20000.0,3,372.93,1,,0,,0,True,True,True,True,,train,3.0,3.558762554061015,0.0,3.0,4.301029995663981,0.8189774999999999,1.0,372.9322052093153,1.0,3.0,3.558762554061015,0.0,0.8189774999999999,372.9322052093153,1.0,9.0,1.0,1.0
20260727,673,untrusted_sam,demo-attacks:8-untrusted-SAM; eatf-vec:untrusted-issuer (sealer analogue),wire_transfer,731.82,umbrella,0,2000.0,1,406.12,1,,0,,1,True,True,True,False,sealer-not-listed,eval,2.0,2.8644042742008047,0.0,1.0,3.3010299956639813,0.6340899999999999,1.0,406.124024742216,1.0,2.0,2.8644042742008047,0.0,0.6340899999999999,406.124024742216,1.0,9.0,1.0,1.0
20260727,674,payee_swap_action_hash,mm-ablation:payee-swapped-after-approval(L4); demo-attacks:1-action-hash-mismatch; demo-m2:confused-deputy,update_ledger,18188.99,px-257,1,20000.0,1,412.84,1,,1,action_hash mismatch,1,False,True,True,True,mandate-or-binding-invalid,train,3.0,4.259808584186912,1.0,1.0,4.301029995663981,0.09055049999999992,1.0,412.83997331413957,1.0,3.0,4.259808584186912,1.0,0.09055049999999992,412.83997331413957,1.0,9.0,1.0,1.0
20260727,675,expired_mandate,demo-attacks:4-expired-mandate,update_ledger,2108.06,globex,0,5000.0,1,-360.79,1,,1,mandate invalid: Signature has expired,1,False,True,True,True,mandate-or-binding-invalid,eval,3.0,3.3238829676876063,0.0,1.0,3.6989700043360187,0.578388,1.0,-360.78893108748014,1.0,3.0,3.3238829676876063,0.0,0.578388,-360.78893108748014,1.0,9.0,1.0,1.0
20260727,676,clean,"baseline (happy path, demo aaa_demo.py M1)",update_ledger,105.98,umbrella,0,2000.0,1,168.85,1,,0,,0,True,True,True,True,,train,3.0,2.025223915178311,0.0,1.0,3.3010299956639813,0.94701,1.0,168.84974757475516,1.0,3.0,2.025223915178311,0.0,0.94701,168.84974757475516,1.0,9.0,1.0,1.0
20260727,677,clean,"baseline (happy path, demo aaa_demo.py M1)",update_ledger,614.47,globex,0,20000.0,1,510.75,1,,0,,0,True,True,True,True,,train,3.0,2.7885006843705566,0.0,1.0,4.301029995663981,0.9692765,1.0,510.74979979382306,1.0,3.0,2.7885006843705566,0.0,0.9692765,510.74979979382306,1.0,9.0,1.0,1.0
20260727,678,clean,"baseline (happy path, demo aaa_demo.py M1)",update_ledger,51.11,umbrella,0,2000.0,1,415.82,1,,0,,0,True,True,True,True,,train,3.0,1.708505880955237,0.0,1.0,3.3010299956639813,0.974445,1.0,415.81641230927096,1.0,3.0,1.708505880955237,0.0,0.974445,415.81641230927096,1.0,9.0,1.0,1.0
20260727,679,clean,"baseline (happy path, demo aaa_demo.py M1)",refund_invoice,2027.27,umbrella,0,20000.0,2,45.46,1,,0,,0,True,True,True,True,,eval,1.0,3.3069115936368765,0.0,2.0,4.301029995663981,0.8986365,1.0,45.46069907025718,1.0,1.0,3.3069115936368765,0.0,0.8986365,45.46069907025718,1.0,9.0,1.0,1.0
20260727,680,clean,"baseline (happy path, demo aaa_demo.py M1)",refund_invoice,197.04,acme,0,2000.0,1,127.57,1,,0,,0,True,True,True,True,,eval,1.0,2.2945543988310466,0.0,1.0,3.3010299956639813,0.9014800000000001,1.0,127.57247524406328,1.0,1.0,2.2945543988310466,0.0,0.9014800000000001,127.57247524406328,1.0,9.0,1.0,1.0
20260727,681,clean,"baseline (happy path, demo aaa_demo.py M1)",wire_transfer,3088.04,globex,0,20000.0,2,554.85,1,,0,,0,True,True,True,True,,eval,2.0,3.4896829172034542,0.0,2.0,4.301029995663981,0.845598,1.0,554.8548898058069,1.0,2.0,3.4896829172034542,0.0,0.845598,554.8548898058069,1.0,9.0,1.0,1.0
20260727,682,payee_swap_action_hash,mm-ablation:payee-swapped-after-approval(L4); demo-attacks:1-action-hash-mismatch; demo-m2:confused-deputy,wire_transfer,49.98,px-507,1,2000.0,2,81.95,1,,1,action_hash mismatch,1,False,True,True,True,mandate-or-binding-invalid,train,2.0,1.6987962517904311,1.0,2.0,3.3010299956639813,0.97501,1.0,81.94514656916559,1.0,2.0,1.6987962517904311,1.0,0.97501,81.94514656916559,1.0,9.0,1.0,1.0
20260727,683,over_scope_amount,mm-ablation:over-limit-payment(L4); demo-attacks:2-out-of-scope,update_ledger,56907.32,px-416,1,20000.0,2,559.55,1,,1,action out of scope,0,True,True,True,True,,train,3.0,4.755168133374663,1.0,2.0,4.301029995663981,-1.845366,1.0,559.550412093893,1.0,3.0,4.755168133374663,1.0,-1.845366,559.550412093893,1.0,9.0,1.0,1.0
20260727,684,clean,"baseline (happy path, demo aaa_demo.py M1)",pay_invoice,7246.43,initech,0,20000.0,3,450.74,1,,0,,0,True,True,True,True,,train,0.0,3.860124101308562,0.0,3.0,4.301029995663981,0.6376785,1.0,450.7355758194997,1.0,0.0,3.860124101308562,0.0,0.6376785,450.7355758194997,1.0,9.0,1.0,1.0
20260727,685,forged_credential_sig,mm-ablation:forged-altered-credential(L1); eatf-vec:bad-signature-classical,update_ledger,872.87,umbrella,0,5000.0,3,228.56,1,,1,mandate invalid: Signature verification failed,1,False,True,True,True,mandate-or-binding-invalid,train,3.0,2.9409495673175776,0.0,3.0,3.6989700043360187,0.825426,1.0,228.5554240662297,1.0,3.0,2.9409495673175776,0.0,0.825426,228.5554240662297,1.0,9.0,1.0,1.0
20260727,686,clean,"baseline (happy path, demo aaa_demo.py M1)",wire_transfer,274.51,globex,0,5000.0,1,521.64,1,,0,,0,True,True,True,True,,eval,2.0,2.438558169790535,0.0,1.0,3.6989700043360187,0.945098,1.0,521.638883833366,1.0,2.0,2.438558169790535,0.0,0.945098,521.638883833366,1.0,9.0,1.0,1.0
20260727,687,clean,"baseline (happy path, demo aaa_demo.py M1)",wire_transfer,2317.12,globex,0,20000.0,2,90.55,1,,0,,0,True,True,True,True,,eval,2.0,3.3649485258004717,0.0,2.0,4.301029995663981,0.884144,1.0,90.54723606063675,1.0,2.0,3.3649485258004717,0.0,0.884144,90.54723606063675,1.0,9.0,1.0,1.0
20260727,688,clean,"baseline (happy path, demo aaa_demo.py M1)",wire_transfer,277.77,globex,0,500.0,2,302.04,1,,0,,0,True,True,True,True,,train,2.0,2.4436853388169726,0.0,2.0,2.6989700043360187,0.44446,1.0,302.0403563903697,1.0,2.0,2.4436853388169726,0.0,0.44446,302.0403563903697,1.0,9.0,1.0,1.0
20260727,689,forged_seal,demo-attacks:6-forged-seal; eatf-vec:bad-signature-classical,refund_invoice,83.12,acme,0,500.0,2,263.6,1,seal-signature-byte,0,,1,True,True,False,True,seal-invalid,train,1.0,1.919705534549121,0.0,2.0,2.6989700043360187,0.83376,1.0,263.6004480596813,1.0,1.0,1.919705534549121,0.0,0.83376,263.6004480596813,1.0,9.0,1.0,1.0
20260727,690,clean,"baseline (happy path, demo aaa_demo.py M1)",wire_transfer,209.12,initech,0,500.0,3,223.09,1,,0,,0,True,True,True,True,,train,2.0,2.320395570236469,0.0,3.0,2.6989700043360187,0.5817599999999999,1.0,223.08521490437846,1.0,2.0,2.320395570236469,0.0,0.5817599999999999,223.08521490437846,1.0,9.0,1.0,1.0
20260727,691,clean,"baseline (happy path, demo aaa_demo.py M1)",update_ledger,2354.78,acme,0,20000.0,2,512.53,1,,0,,0,True,True,True,True,,train,3.0,3.3719503385353566,0.0,2.0,4.301029995663981,0.8822610000000001,1.0,512.5316482130271,1.0,3.0,3.3719503385353566,0.0,0.8822610000000001,512.5316482130271,1.0,9.0,1.0,1.0
20260727,692,clean,"baseline (happy path, demo aaa_demo.py M1)",pay_invoice,403.45,globex,0,2000.0,2,143.67,1,,0,,0,True,True,True,True,,train,0.0,2.6057897198025644,0.0,2.0,3.3010299956639813,0.798275,1.0,143.66766977867775,1.0,0.0,2.6057897198025644,0.0,0.798275,143.66766977867775,1.0,9.0,1.0,1.0
20260727,693,clean,"baseline (happy path, demo aaa_demo.py M1)",update_ledger,697.83,initech,0,20000.0,2,563.9,1,,0,,0,True,True,True,True,,train,3.0,2.8437496360126304,0.0,2.0,4.301029995663981,0.9651084999999999,1.0,563.8964888249251,1.0,3.0,2.8437496360126304,0.0,0.9651084999999999,563.8964888249251,1.0,9.0,1.0,1.0
20260727,694,tampered_ear,demo-attacks:7-tampered-EAR; eatf-vec:tampered-canonical-bin,wire_transfer,455.92,initech,0,20000.0,1,588.19,1,ear:quote_sig,0,,1,True,False,True,True,content-mutated,train,2.0,2.658888643965774,0.0,1.0,4.301029995663981,0.9772040000000001,1.0,588.1887618381965,1.0,2.0,2.658888643965774,0.0,0.9772040000000001,588.1887618381965,1.0,9.0,1.0,1.0
20260727,695,clean,"baseline (happy path, demo aaa_demo.py M1)",pay_invoice,14.31,px-072,1,500.0,2,238.96,1,,0,,0,True,True,True,True,,train,0.0,1.1556396337597763,1.0,2.0,2.6989700043360187,0.97138,1.0,238.958636663561,1.0,0.0,1.1556396337597763,1.0,0.97138,238.958636663561,1.0,9.0,1.0,1.0
20260727,696,clean,"baseline (happy path, demo aaa_demo.py M1)",refund_invoice,1551.04,umbrella,0,20000.0,2,587.44,1,,0,,0,True,True,True,True,,train,1.0,3.1906229980426652,0.0,2.0,4.301029995663981,0.9224479999999999,1.0,587.4369327226212,1.0,1.0,3.1906229980426652,0.0,0.9224479999999999,587.4369327226212,1.0,9.0,1.0,1.0
20260727,697,clean,"baseline (happy path, demo aaa_demo.py M1)",update_ledger,49.36,globex,0,500.0,1,134.02,1,,0,,0,True,True,True,True,,train,3.0,1.6933751510251853,0.0,1.0,2.6989700043360187,0.90128,1.0,134.02232350588088,1.0,3.0,1.6933751510251853,0.0,0.90128,134.02232350588088,1.0,9.0,1.0,1.0
20260727,698,clean,"baseline (happy path, demo aaa_demo.py M1)",pay_invoice,15514.16,globex,0,20000.0,2,288.53,1,,0,,0,True,True,True,True,,train,0.0,4.19072826607934,0.0,2.0,4.301029995663981,0.22429200000000002,1.0,288.52775295446185,1.0,0.0,4.19072826607934,0.0,0.22429200000000002,288.52775295446185,1.0,9.0,1.0,1.0
20260727,699,clean,"baseline (happy path, demo aaa_demo.py M1)",wire_transfer,118.76,initech,0,5000.0,2,288.24,1,,0,,0,True,True,True,True,,train,2.0,2.074670188924007,0.0,2.0,3.6989700043360187,0.976248,1.0,288.24439938903055,1.0,2.0,2.074670188924007,0.0,0.976248,288.24439938903055,1.0,9.0,1.0,1.0
20260727,700,clean,"baseline (happy path, demo aaa_demo.py M1)",update_ledger,287.05,umbrella,0,5000.0,2,541.36,1,,0,,0,True,True,True,True,,eval,3.0,2.4579575512036382,0.0,2.0,3.6989700043360187,0.9425899999999999,1.0,541.3556702713781,1.0,3.0,2.4579575512036382,0.0,0.9425899999999999,541.3556702713781,1.0,9.0,1.0,1.0
20260727,701,clean,"baseline (happy path, demo aaa_demo.py M1)",pay_invoice,202.07,umbrella,0,5000.0,3,102.34,1,,0,,0,True,True,True,True,,eval,0.0,2.305501841464033,0.0,3.0,3.6989700043360187,0.959586,1.0,102.34216695045478,1.0,0.0,2.305501841464033,0.0,0.959586,102.34216695045478,1.0,9.0,1.0,1.0
20260727,702,method_not_allowed,mm-ablation:prompt-injected-wire-transfer(L4),refund_invoice,403.01,initech,0,5000.0,1,316.91,1,,1,action out of scope,0,True,True,True,True,,eval,1.0,2.6053158225454203,0.0,1.0,3.6989700043360187,0.9193979999999999,0.0,316.9139922696722,1.0,1.0,2.6053158225454203,0.0,0.9193979999999999,316.9139922696722,1.0,9.0,1.0,1.0
20260727,703,clean,"baseline (happy path, demo aaa_demo.py M1)",refund_invoice,60.8,initech,0,5000.0,3,390.24,1,,0,,0,True,True,True,True,,train,1.0,1.783903579272735,0.0,3.0,3.6989700043360187,0.9878399999999999,1.0,390.2406317781742,1.0,1.0,1.783903579272735,0.0,0.9878399999999999,390.2406317781742,1.0,9.0,1.0,1.0
20260727,704,method_not_allowed,mm-ablation:prompt-injected-wire-transfer(L4),refund_invoice,204.27,initech,0,2000.0,3,414.98,1,,1,action out of scope,0,True,True,True,True,,train,1.0,2.3102045888980056,0.0,3.0,3.3010299956639813,0.897865,0.0,414.9756135111382,1.0,1.0,2.3102045888980056,0.0,0.897865,414.9756135111382,1.0,9.0,1.0,1.0
20260727,705,dtbs_field_tamper,demo-m2:binding-tamper-fuzz(7 fields); eatf-vec:tampered-metadata; eatf-vec:tampered-overt-receipt,update_ledger,127.18,globex,0,2000.0,1,413.78,1,dtbs:holder_cnf_thumbprint,0,,1,True,True,False,True,seal-invalid,train,3.0,2.1044188206475947,0.0,1.0,3.3010299956639813,0.93641,1.0,413.78478473757394,1.0,3.0,2.1044188206475947,0.0,0.93641,413.78478473757394,1.0,9.0,1.0,1.0
20260727,706,clean,"baseline (happy path, demo aaa_demo.py M1)",pay_invoice,15.52,px-722,1,500.0,1,551.49,1,,0,,0,True,True,True,True,,eval,0.0,1.1908917169221696,1.0,1.0,2.6989700043360187,0.96896,1.0,551.4866703462092,1.0,0.0,1.1908917169221696,1.0,0.96896,551.4866703462092,1.0,9.0,1.0,1.0
20260727,707,forged_seal,demo-attacks:6-forged-seal; eatf-vec:bad-signature-classical,refund_invoice,104.63,acme,0,5000.0,2,66.36,1,seal-signature-byte,0,,1,True,True,False,True,seal-invalid,train,1.0,2.019656225319349,0.0,2.0,3.6989700043360187,0.979074,1.0,66.35504168172321,1.0,1.0,2.019656225319349,0.0,0.979074,66.35504168172321,1.0,9.0,1.0,1.0
20260727,708,clean,"baseline (happy path, demo aaa_demo.py M1)",pay_invoice,20.98,px-222,1,2000.0,3,147.91,1,,0,,0,True,True,True,True,,train,0.0,1.321805483857539,1.0,3.0,3.3010299956639813,0.98951,1.0,147.9062332764143,1.0,0.0,1.321805483857539,1.0,0.98951,147.9062332764143,1.0,9.0,1.0,1.0
20260727,709,nonce_replay_cross,demo-attacks:3-nonce-replay (cross-session variant),wire_transfer,193.15,umbrella,0,500.0,3,145.76,1,,1,mandate invalid: KB-JWT nonce mismatch,1,False,False,False,True,mandate-or-binding-invalid,train,2.0,2.285894712480839,0.0,3.0,2.6989700043360187,0.6137,1.0,145.76218159190756,1.0,2.0,2.285894712480839,0.0,0.6137,145.76218159190756,1.0,9.0,0.0,0.0
20260727,710,untrusted_issuer,eatf-vec:untrusted-issuer; mm-ablation:issuer-not-on-trusted-list(L3),refund_invoice,7.55,globex,0,500.0,1,83.9,0,,1,issuer not on trusted list,1,False,True,True,True,mandate-or-binding-invalid,train,1.0,0.8779469516291882,0.0,1.0,2.6989700043360187,0.9849,1.0,83.90410487821535,0.0,1.0,0.8779469516291882,0.0,0.9849,83.90410487821535,0.0,9.0,1.0,1.0
20260727,711,forged_credential_sig,mm-ablation:forged-altered-credential(L1); eatf-vec:bad-signature-classical,update_ledger,117.54,px-678,1,500.0,2,326.87,1,,1,mandate invalid: Signature verification failed,1,False,True,True,True,mandate-or-binding-invalid,eval,3.0,2.07018568637838,1.0,2.0,2.6989700043360187,0.7649199999999999,1.0,326.8690603509841,1.0,3.0,2.07018568637838,1.0,0.7649199999999999,326.8690603509841,1.0,9.0,1.0,1.0
20260727,712,untrusted_issuer,eatf-vec:untrusted-issuer; mm-ablation:issuer-not-on-trusted-list(L3),refund_invoice,185.02,px-880,1,2000.0,2,258.78,0,,1,issuer not on trusted list,1,False,True,True,True,mandate-or-binding-invalid,train,1.0,2.2672186766201183,1.0,2.0,3.3010299956639813,0.90749,1.0,258.7804920283552,0.0,1.0,2.2672186766201183,1.0,0.90749,258.7804920283552,0.0,9.0,1.0,1.0
20260727,713,untrusted_issuer,eatf-vec:untrusted-issuer; mm-ablation:issuer-not-on-trusted-list(L3),refund_invoice,6359.83,acme,0,20000.0,2,35.14,0,,1,issuer not on trusted list,1,False,True,True,True,mandate-or-binding-invalid,eval,1.0,3.8034455069929636,0.0,2.0,4.301029995663981,0.6820085,1.0,35.14314314815935,0.0,1.0,3.8034455069929636,0.0,0.6820085,35.14314314815935,0.0,9.0,1.0,1.0
20260727,714,over_scope_amount,mm-ablation:over-limit-payment(L4); demo-attacks:2-out-of-scope,pay_invoice,11805.07,initech,0,5000.0,3,340.01,1,,1,action out of scope,0,True,True,True,True,,train,0.0,4.072068566639109,0.0,3.0,3.6989700043360187,-1.361014,1.0,340.0050682043034,1.0,0.0,4.072068566639109,0.0,-1.361014,340.0050682043034,1.0,9.0,1.0,1.0
20260727,715,tampered_ear,demo-attacks:7-tampered-EAR; eatf-vec:tampered-canonical-bin,wire_transfer,12.73,px-301,1,500.0,1,574.19,1,ear:quote_sig,0,,1,True,False,True,True,content-mutated,train,2.0,1.1048284036536553,1.0,1.0,2.6989700043360187,0.97454,1.0,574.1886335974186,1.0,2.0,1.1048284036536553,1.0,0.97454,574.1886335974186,1.0,9.0,1.0,1.0
20260727,716,forged_seal,demo-attacks:6-forged-seal; eatf-vec:bad-signature-classical,wire_transfer,3769.04,globex,0,5000.0,1,322.91,1,seal-signature-byte,0,,1,True,True,False,True,seal-invalid,train,2.0,3.576230746546738,0.0,1.0,3.6989700043360187,0.246192,1.0,322.9101248552018,1.0,2.0,3.576230746546738,0.0,0.246192,322.9101248552018,1.0,9.0,1.0,1.0
20260727,717,forged_credential_sig,mm-ablation:forged-altered-credential(L1); eatf-vec:bad-signature-classical,pay_invoice,27.94,globex,0,500.0,3,314.26,1,,1,mandate invalid: Signature verification failed,1,False,True,True,True,mandate-or-binding-invalid,train,0.0,1.4462264017781632,0.0,3.0,2.6989700043360187,0.94412,1.0,314.2591552357685,1.0,0.0,1.4462264017781632,0.0,0.94412,314.2591552357685,1.0,9.0,1.0,1.0
20260727,718,dtbs_field_tamper,demo-m2:binding-tamper-fuzz(7 fields); eatf-vec:tampered-metadata; eatf-vec:tampered-overt-receipt,update_ledger,3339.08,initech,0,5000.0,2,446.25,1,dtbs:mandate_digest,0,,1,True,True,False,True,seal-invalid,eval,3.0,3.5236268243081423,0.0,2.0,3.6989700043360187,0.33218400000000003,1.0,446.25062999945806,1.0,3.0,3.5236268243081423,0.0,0.33218400000000003,446.25062999945806,1.0,9.0,1.0,1.0
20260727,719,missing_component,eatf-vec:missing-canonical-bin,pay_invoice,537.15,acme,0,5000.0,3,235.54,1,missing:action_hash,0,,1,,,,,malformed-package (KeyError),train,0.0,2.730095580067584,0.0,3.0,3.6989700043360187,0.8925700000000001,1.0,235.54172095369242,1.0,0.0,2.730095580067584,0.0,0.8925700000000001,235.54172095369242,1.0,8.0,1.0,1.0
20260727,720,clean,"baseline (happy path, demo aaa_demo.py M1)",refund_invoice,11224.59,umbrella,0,20000.0,3,341.15,1,,0,,0,True,True,True,True,,train,1.0,4.050170486513708,0.0,3.0,4.301029995663981,0.4387705,1.0,341.1545134947749,1.0,1.0,4.050170486513708,0.0,0.4387705,341.1545134947749,1.0,9.0,1.0,1.0
20260727,721,clean,"baseline (happy path, demo aaa_demo.py M1)",refund_invoice,826.7,initech,0,5000.0,1,432.91,1,,0,,0,True,True,True,True,,eval,1.0,2.917347937627772,0.0,1.0,3.6989700043360187,0.8346600000000001,1.0,432.90724672895493,1.0,1.0,2.917347937627772,0.0,0.8346600000000001,432.90724672895493,1.0,9.0,1.0,1.0
20260727,722,clean,"baseline (happy path, demo aaa_demo.py M1)",refund_invoice,204.71,umbrella,0,20000.0,2,270.42,1,,0,,0,True,True,True,True,,train,1.0,2.311139058288992,0.0,2.0,4.301029995663981,0.9897645,1.0,270.4177041669645,1.0,1.0,2.311139058288992,0.0,0.9897645,270.4177041669645,1.0,9.0,1.0,1.0
20260727,723,nonce_replay_cross,demo-attacks:3-nonce-replay (cross-session variant),pay_invoice,126.99,globex,0,2000.0,3,517.66,1,,1,mandate invalid: KB-JWT nonce mismatch,1,False,False,False,True,mandate-or-binding-invalid,train,0.0,2.1037695231936726,0.0,3.0,3.3010299956639813,0.936505,1.0,517.6610580562157,1.0,0.0,2.1037695231936726,0.0,0.936505,517.6610580562157,1.0,9.0,0.0,0.0
20260727,724,clean,"baseline (happy path, demo aaa_demo.py M1)",refund_invoice,225.32,initech,0,20000.0,1,235.03,1,,0,,0,True,True,True,True,,train,1.0,2.352799742563313,0.0,1.0,4.301029995663981,0.988734,1.0,235.03180429796984,1.0,1.0,2.352799742563313,0.0,0.988734,235.03180429796984,1.0,9.0,1.0,1.0
20260727,725,over_scope_amount,mm-ablation:over-limit-payment(L4); demo-attacks:2-out-of-scope,wire_transfer,4618.67,umbrella,0,2000.0,3,140.76,1,,1,action out of scope,0,True,True,True,True,,train,2.0,3.664516933387735,0.0,3.0,3.3010299956639813,-1.3093350000000001,1.0,140.7568699506753,1.0,2.0,3.664516933387735,0.0,-1.3093350000000001,140.7568699506753,1.0,9.0,1.0,1.0
20260727,726,clean,"baseline (happy path, demo aaa_demo.py M1)",update_ledger,735.36,px-838,1,20000.0,1,470.55,1,,0,,0,True,True,True,True,,train,3.0,2.8665000026721725,1.0,1.0,4.301029995663981,0.963232,1.0,470.54933740909826,1.0,3.0,2.8665000026721725,1.0,0.963232,470.54933740909826,1.0,9.0,1.0,1.0
20260727,727,over_scope_amount,mm-ablation:over-limit-payment(L4); demo-attacks:2-out-of-scope,refund_invoice,3915.57,globex,0,2000.0,2,348.95,1,,1,action out of scope,0,True,True,True,True,,train,1.0,3.5927949924056373,0.0,2.0,3.3010299956639813,-0.9577850000000001,1.0,348.9484320786926,1.0,1.0,3.5927949924056373,0.0,-0.9577850000000001,348.9484320786926,1.0,9.0,1.0,1.0
20260727,728,clean,"baseline (happy path, demo aaa_demo.py M1)",update_ledger,63.75,px-804,1,2000.0,3,207.75,1,,0,,0,True,True,True,True,,train,3.0,1.8044801891059927,1.0,3.0,3.3010299956639813,0.968125,1.0,207.7520049458865,1.0,3.0,1.8044801891059927,1.0,0.968125,207.7520049458865,1.0,9.0,1.0,1.0
20260727,729,missing_component,eatf-vec:missing-canonical-bin,pay_invoice,100.54,initech,0,5000.0,1,511.13,1,missing:outcome_sha256,0,,1,,,,,malformed-package (KeyError),eval,0.0,2.0023388808920566,0.0,1.0,3.6989700043360187,0.979892,1.0,511.12862516959194,1.0,0.0,2.0023388808920566,0.0,0.979892,511.12862516959194,1.0,8.0,1.0,1.0
20260727,730,dtbs_field_tamper,demo-m2:binding-tamper-fuzz(7 fields); eatf-vec:tampered-metadata; eatf-vec:tampered-overt-receipt,refund_invoice,36.7,globex,0,2000.0,1,565.08,1,dtbs:holder_cnf_thumbprint,0,,1,True,True,False,True,seal-invalid,train,1.0,1.5646660642520893,0.0,1.0,3.3010299956639813,0.98165,1.0,565.0820556797706,1.0,1.0,1.5646660642520893,0.0,0.98165,565.0820556797706,1.0,9.0,1.0,1.0
20260727,731,over_scope_amount,mm-ablation:over-limit-payment(L4); demo-attacks:2-out-of-scope,pay_invoice,61782.91,acme,0,20000.0,1,47.64,1,,1,action out of scope,0,True,True,True,True,,train,0.0,4.790868359892579,0.0,1.0,4.301029995663981,-2.0891455000000003,1.0,47.63557725317837,1.0,0.0,4.790868359892579,0.0,-2.0891455000000003,47.63557725317837,1.0,9.0,1.0,1.0
20260727,732,clean,"baseline (happy path, demo aaa_demo.py M1)",pay_invoice,8.26,px-325,1,500.0,1,330.27,1,,0,,0,True,True,True,True,,eval,0.0,0.9169800473203822,1.0,1.0,2.6989700043360187,0.98348,1.0,330.2717805920115,1.0,0.0,0.9169800473203822,1.0,0.98348,330.2717805920115,1.0,9.0,1.0,1.0
20260727,733,method_not_allowed,mm-ablation:prompt-injected-wire-transfer(L4),refund_invoice,102.55,px-845,1,2000.0,1,540.64,1,,1,action out of scope,0,True,True,True,True,,train,1.0,2.0109356647043852,1.0,1.0,3.3010299956639813,0.948725,0.0,540.6442032887517,1.0,1.0,2.0109356647043852,1.0,0.948725,540.6442032887517,1.0,9.0,1.0,1.0
20260727,734,clean,"baseline (happy path, demo aaa_demo.py M1)",wire_transfer,2446.5,px-630,1,20000.0,2,341.27,1,,0,,0,True,True,True,True,,train,2.0,3.388545220095957,1.0,2.0,4.301029995663981,0.877675,1.0,341.27337568962395,1.0,2.0,3.388545220095957,1.0,0.877675,341.27337568962395,1.0,9.0,1.0,1.0
20260727,735,clean,"baseline (happy path, demo aaa_demo.py M1)",refund_invoice,1496.41,globex,0,5000.0,3,148.81,1,,0,,0,True,True,True,True,,train,1.0,3.1750506017784446,0.0,3.0,3.6989700043360187,0.7007180000000001,1.0,148.81153451487853,1.0,1.0,3.1750506017784446,0.0,0.7007180000000001,148.81153451487853,1.0,9.0,1.0,1.0
20260727,736,forged_seal,demo-attacks:6-forged-seal; eatf-vec:bad-signature-classical,wire_transfer,366.85,globex,0,2000.0,3,510.11,1,seal-signature-byte,0,,1,True,True,False,True,seal-invalid,train,2.0,2.564488523410793,0.0,3.0,3.3010299956639813,0.816575,1.0,510.11089623672706,1.0,2.0,2.564488523410793,0.0,0.816575,510.11089623672706,1.0,9.0,1.0,1.0
20260727,737,untrusted_issuer,eatf-vec:untrusted-issuer; mm-ablation:issuer-not-on-trusted-list(L3),pay_invoice,224.73,initech,0,500.0,3,275.6,0,,1,issuer not on trusted list,1,False,True,True,True,mandate-or-binding-invalid,train,0.0,2.3516610517906726,0.0,3.0,2.6989700043360187,0.5505399999999999,1.0,275.5988291953888,0.0,0.0,2.3516610517906726,0.0,0.5505399999999999,275.5988291953888,0.0,9.0,1.0,1.0
20260727,738,tampered_ear,demo-attacks:7-tampered-EAR; eatf-vec:tampered-canonical-bin,wire_transfer,863.03,px-082,1,20000.0,2,415.02,1,ear:outcome_sha256,0,,1,True,False,True,True,content-mutated,train,2.0,2.9360258925958647,1.0,2.0,4.301029995663981,0.9568485000000001,1.0,415.0240424263269,1.0,2.0,2.9360258925958647,1.0,0.9568485000000001,415.0240424263269,1.0,9.0,1.0,1.0
20260727,739,clean,"baseline (happy path, demo aaa_demo.py M1)",refund_invoice,300.5,acme,0,20000.0,3,208.13,1,,0,,0,True,True,True,True,,train,1.0,2.4778444763387584,0.0,3.0,4.301029995663981,0.984975,1.0,208.13054002017904,1.0,1.0,2.4778444763387584,0.0,0.984975,208.13054002017904,1.0,9.0,1.0,1.0
20260727,740,nonce_replay_same,"demo-attacks:3-nonce-replay (same-session variant, gate check 5)",update_ledger,35.29,globex,0,2000.0,2,274.21,1,,1,nonce replay,0,True,True,True,True,,train,3.0,1.547651658359969,0.0,2.0,3.3010299956639813,0.982355,1.0,274.21367954877246,1.0,3.0,1.547651658359969,0.0,0.982355,274.21367954877246,1.0,9.0,1.0,1.0
20260727,741,clean,"baseline (happy path, demo aaa_demo.py M1)",update_ledger,129.23,px-626,1,5000.0,1,515.98,1,,0,,0,True,True,True,True,,train,3.0,2.1113633443251305,1.0,1.0,3.6989700043360187,0.9741540000000001,1.0,515.9787974172064,1.0,3.0,2.1113633443251305,1.0,0.9741540000000001,515.9787974172064,1.0,9.0,1.0,1.0
20260727,742,over_scope_amount,mm-ablation:over-limit-payment(L4); demo-attacks:2-out-of-scope,wire_transfer,7352.88,umbrella,0,5000.0,1,340.61,1,,1,action out of scope,0,True,True,True,True,,eval,2.0,3.8664574782846617,0.0,1.0,3.6989700043360187,-0.470576,1.0,340.6092648058528,1.0,2.0,3.8664574782846617,0.0,-0.470576,340.6092648058528,1.0,9.0,1.0,1.0
20260727,743,wrong_holder_key,demo-attacks:5-wrong-holder-key,pay_invoice,297.91,initech,0,500.0,1,266.81,1,,1,mandate invalid: Signature verification failed,1,False,True,True,True,mandate-or-binding-invalid,train,0.0,2.474085081502818,0.0,1.0,2.6989700043360187,0.40417999999999993,1.0,266.811064728574,1.0,0.0,2.474085081502818,0.0,0.40417999999999993,266.811064728574,1.0,9.0,1.0,1.0
20260727,744,method_not_allowed,mm-ablation:prompt-injected-wire-transfer(L4),update_ledger,2474.15,acme,0,5000.0,2,310.36,1,,1,action out of scope,0,True,True,True,True,,eval,3.0,3.3934260260115745,0.0,2.0,3.6989700043360187,0.50517,0.0,310.3551908586025,1.0,3.0,3.3934260260115745,0.0,0.50517,310.3551908586025,1.0,9.0,1.0,1.0
20260727,745,clean,"baseline (happy path, demo aaa_demo.py M1)",wire_transfer,39.59,px-581,1,500.0,2,426.62,1,,0,,0,True,True,True,True,,eval,2.0,1.5975855017522047,1.0,2.0,2.6989700043360187,0.92082,1.0,426.61863836747295,1.0,2.0,1.5975855017522047,1.0,0.92082,426.61863836747295,1.0,9.0,1.0,1.0
20260727,746,dtbs_field_tamper,demo-m2:binding-tamper-fuzz(7 fields); eatf-vec:tampered-metadata; eatf-vec:tampered-overt-receipt,update_ledger,3478.3,acme,0,5000.0,2,563.82,1,dtbs:nonce,0,,1,True,True,False,True,seal-invalid,eval,3.0,3.5413670367597896,0.0,2.0,3.6989700043360187,0.30433999999999994,1.0,563.8150856513731,1.0,3.0,3.5413670367597896,0.0,0.30433999999999994,563.8150856513731,1.0,9.0,0.0,1.0
20260727,747,clean,"baseline (happy path, demo aaa_demo.py M1)",pay_invoice,485.0,umbrella,0,20000.0,2,565.0,1,,0,,0,True,True,True,True,,eval,0.0,2.6857417386022635,0.0,2.0,4.301029995663981,0.97575,1.0,564.9990943140655,1.0,0.0,2.6857417386022635,0.0,0.97575,564.9990943140655,1.0,9.0,1.0,1.0
20260727,748,clean,"baseline (happy path, demo aaa_demo.py M1)",refund_invoice,544.59,globex,0,2000.0,3,210.12,1,,0,,0,True,True,True,True,,train,1.0,2.7360696623717526,0.0,3.0,3.3010299956639813,0.7277049999999999,1.0,210.12137381188123,1.0,1.0,2.7360696623717526,0.0,0.7277049999999999,210.12137381188123,1.0,9.0,1.0,1.0
20260727,749,clean,"baseline (happy path, demo aaa_demo.py M1)",pay_invoice,35.33,px-872,1,2000.0,1,100.92,1,,0,,0,True,True,True,True,,eval,0.0,1.5481436374348454,1.0,1.0,3.3010299956639813,0.9823350000000001,1.0,100.91781307829511,1.0,0.0,1.5481436374348454,1.0,0.9823350000000001,100.91781307829511,1.0,9.0,1.0,1.0
20260727,750,over_scope_amount,mm-ablation:over-limit-payment(L4); demo-attacks:2-out-of-scope,pay_invoice,1080.08,px-323,1,500.0,1,393.33,1,,1,action out of scope,0,True,True,True,True,,train,0.0,3.033455924257151,1.0,1.0,2.6989700043360187,-1.1601599999999999,1.0,393.3274810251054,1.0,0.0,3.033455924257151,1.0,-1.1601599999999999,393.3274810251054,1.0,9.0,1.0,1.0
20260727,751,wrong_holder_key,demo-attacks:5-wrong-holder-key,refund_invoice,855.48,initech,0,20000.0,2,223.45,1,,1,mandate invalid: Signature verification failed,1,False,True,True,True,mandate-or-binding-invalid,train,1.0,2.9322098607606146,0.0,2.0,4.301029995663981,0.957226,1.0,223.45393734788843,1.0,1.0,2.9322098607606146,0.0,0.957226,223.45393734788843,1.0,9.0,1.0,1.0
20260727,752,dtbs_field_tamper,demo-m2:binding-tamper-fuzz(7 fields); eatf-vec:tampered-metadata; eatf-vec:tampered-overt-receipt,refund_invoice,177.8,acme,0,5000.0,2,186.94,1,dtbs:action_hash,0,,1,True,True,False,True,seal-invalid,train,1.0,2.249931756634195,0.0,2.0,3.6989700043360187,0.96444,1.0,186.93904127154994,1.0,1.0,2.249931756634195,0.0,0.96444,186.93904127154994,1.0,9.0,1.0,1.0
20260727,753,tampered_ear,demo-attacks:7-tampered-EAR; eatf-vec:tampered-canonical-bin,wire_transfer,476.64,initech,0,500.0,1,289.23,1,ear:outcome_sha256,0,,1,True,False,True,True,content-mutated,train,2.0,2.678190485870968,0.0,1.0,2.6989700043360187,0.046720000000000025,1.0,289.22674331887515,1.0,2.0,2.678190485870968,0.0,0.046720000000000025,289.22674331887515,1.0,9.0,1.0,1.0
20260727,754,clean,"baseline (happy path, demo aaa_demo.py M1)",wire_transfer,36.86,acme,0,500.0,2,297.89,1,,0,,0,True,True,True,True,,eval,2.0,1.566555330883055,0.0,2.0,2.6989700043360187,0.92628,1.0,297.8865615656092,1.0,2.0,1.566555330883055,0.0,0.92628,297.8865615656092,1.0,9.0,1.0,1.0
20260727,755,payee_swap_action_hash,mm-ablation:payee-swapped-after-approval(L4); demo-attacks:1-action-hash-mismatch; demo-m2:confused-deputy,refund_invoice,298.98,px-322,1,2000.0,3,373.57,1,,1,action_hash mismatch,1,False,True,True,True,mandate-or-binding-invalid,train,1.0,2.4756421375547006,1.0,3.0,3.3010299956639813,0.85051,1.0,373.5689635141938,1.0,1.0,2.4756421375547006,1.0,0.85051,373.5689635141938,1.0,9.0,1.0,1.0
20260727,756,untrusted_issuer,eatf-vec:untrusted-issuer; mm-ablation:issuer-not-on-trusted-list(L3),refund_invoice,24.18,initech,0,500.0,3,284.31,0,,1,issuer not on trusted list,1,False,True,True,True,mandate-or-binding-invalid,eval,1.0,1.383456296524753,0.0,3.0,2.6989700043360187,0.95164,1.0,284.30817037866944,0.0,1.0,1.383456296524753,0.0,0.95164,284.30817037866944,0.0,9.0,1.0,1.0
20260727,757,nonce_replay_same,"demo-attacks:3-nonce-replay (same-session variant, gate check 5)",update_ledger,86.61,px-503,1,500.0,1,159.02,1,,1,nonce replay,0,True,True,True,True,,train,3.0,1.9375680386003828,1.0,1.0,2.6989700043360187,0.82678,1.0,159.01852005263206,1.0,3.0,1.9375680386003828,1.0,0.82678,159.01852005263206,1.0,9.0,1.0,1.0
20260727,758,clean,"baseline (happy path, demo aaa_demo.py M1)",refund_invoice,2463.95,umbrella,0,5000.0,1,335.3,1,,0,,0,True,True,True,True,,train,1.0,3.3916318906091014,0.0,1.0,3.6989700043360187,0.50721,1.0,335.30232048303037,1.0,1.0,3.3916318906091014,0.0,0.50721,335.30232048303037,1.0,9.0,1.0,1.0
20260727,759,clean,"baseline (happy path, demo aaa_demo.py M1)",refund_invoice,53.04,umbrella,0,500.0,3,558.94,1,,0,,0,True,True,True,True,,train,1.0,1.7246035153967167,0.0,3.0,2.6989700043360187,0.8939199999999999,1.0,558.9401208524125,1.0,1.0,1.7246035153967167,0.0,0.8939199999999999,558.9401208524125,1.0,9.0,1.0,1.0
20260727,760,clean,"baseline (happy path, demo aaa_demo.py M1)",update_ledger,99.18,globex,0,2000.0,2,283.32,1,,0,,0,True,True,True,True,,train,3.0,1.9964241039550912,0.0,2.0,3.3010299956639813,0.95041,1.0,283.3229093614421,1.0,3.0,1.9964241039550912,0.0,0.95041,283.3229093614421,1.0,9.0,1.0,1.0
20260727,761,dtbs_field_tamper,demo-m2:binding-tamper-fuzz(7 fields); eatf-vec:tampered-metadata; eatf-vec:tampered-overt-receipt,pay_invoice,584.07,px-917,1,5000.0,2,151.1,1,dtbs:holder_cnf_thumbprint,0,,1,True,True,False,True,seal-invalid,train,0.0,2.7664648998382972,1.0,2.0,3.6989700043360187,0.883186,1.0,151.0988532550984,1.0,0.0,2.7664648998382972,1.0,0.883186,151.0988532550984,1.0,9.0,1.0,1.0
20260727,762,clean,"baseline (happy path, demo aaa_demo.py M1)",wire_transfer,55.07,globex,0,500.0,2,481.65,1,,0,,0,True,True,True,True,,train,2.0,1.7409150764812824,0.0,2.0,2.6989700043360187,0.88986,1.0,481.6535080733034,1.0,2.0,1.7409150764812824,0.0,0.88986,481.6535080733034,1.0,9.0,1.0,1.0
20260727,763,clean,"baseline (happy path, demo aaa_demo.py M1)",pay_invoice,907.98,initech,0,2000.0,2,244.96,1,,0,,0,True,True,True,True,,train,0.0,2.9580762824579803,0.0,2.0,3.3010299956639813,0.54601,1.0,244.96059453514914,1.0,0.0,2.9580762824579803,0.0,0.54601,244.96059453514914,1.0,9.0,1.0,1.0
20260727,764,clean,"baseline (happy path, demo aaa_demo.py M1)",refund_invoice,213.56,px-754,1,2000.0,1,246.48,1,,0,,0,True,True,True,True,,train,1.0,2.329519912185871,1.0,1.0,3.3010299956639813,0.89322,1.0,246.47716801325632,1.0,1.0,2.329519912185871,1.0,0.89322,246.47716801325632,1.0,9.0,1.0,1.0
20260727,765,method_not_allowed,mm-ablation:prompt-injected-wire-transfer(L4),wire_transfer,331.41,acme,0,5000.0,2,184.11,1,,1,action out of scope,0,True,True,True,True,,eval,2.0,2.5203656087281465,0.0,2.0,3.6989700043360187,0.933718,0.0,184.11424376836675,1.0,2.0,2.5203656087281465,0.0,0.933718,184.11424376836675,1.0,9.0,1.0,1.0
20260727,766,untrusted_sam,demo-attacks:8-untrusted-SAM; eatf-vec:untrusted-issuer (sealer analogue),wire_transfer,557.52,globex,0,5000.0,1,306.67,1,,0,,1,True,True,True,False,sealer-not-listed,eval,2.0,2.7462604515118416,0.0,1.0,3.6989700043360187,0.888496,1.0,306.6747683267352,1.0,2.0,2.7462604515118416,0.0,0.888496,306.6747683267352,1.0,9.0,1.0,1.0
20260727,767,clean,"baseline (happy path, demo aaa_demo.py M1)",update_ledger,134.5,initech,0,500.0,1,305.17,1,,0,,0,True,True,True,True,,eval,3.0,2.128722284338427,0.0,1.0,2.6989700043360187,0.731,1.0,305.1727325222614,1.0,3.0,2.128722284338427,0.0,0.731,305.1727325222614,1.0,9.0,1.0,1.0
20260727,768,dtbs_field_tamper,demo-m2:binding-tamper-fuzz(7 fields); eatf-vec:tampered-metadata; eatf-vec:tampered-overt-receipt,refund_invoice,526.42,umbrella,0,5000.0,1,263.75,1,dtbs:holder_cnf_thumbprint,0,,1,True,True,False,True,seal-invalid,train,1.0,2.721332380842671,0.0,1.0,3.6989700043360187,0.894716,1.0,263.7528449500608,1.0,1.0,2.721332380842671,0.0,0.894716,263.7528449500608,1.0,9.0,1.0,1.0
20260727,769,clean,"baseline (happy path, demo aaa_demo.py M1)",wire_transfer,803.37,umbrella,0,5000.0,1,111.76,1,,0,,0,True,True,True,True,,train,2.0,2.9049156099725506,0.0,1.0,3.6989700043360187,0.839326,1.0,111.75746662006638,1.0,2.0,2.9049156099725506,0.0,0.839326,111.75746662006638,1.0,9.0,1.0,1.0
20260727,770,missing_component,eatf-vec:missing-canonical-bin,wire_transfer,179.28,initech,0,500.0,1,359.65,1,missing:attestation_digest,0,,1,,,,,malformed-package (KeyError),train,2.0,2.253531843527005,0.0,1.0,2.6989700043360187,0.64144,1.0,359.6521296699774,1.0,2.0,2.253531843527005,0.0,0.64144,359.6521296699774,1.0,8.0,1.0,1.0
20260727,771,clean,"baseline (happy path, demo aaa_demo.py M1)",wire_transfer,1033.6,acme,0,20000.0,3,484.92,1,,0,,0,True,True,True,True,,eval,2.0,3.014352500651009,0.0,3.0,4.301029995663981,0.94832,1.0,484.9173633573099,1.0,2.0,3.014352500651009,0.0,0.94832,484.9173633573099,1.0,9.0,1.0,1.0
20260727,772,outcome_mutation,eatf-vec:tampered-canonical-bin (content mutated after sealing),wire_transfer,750.6,umbrella,0,5000.0,3,220.06,1,outcome:amount_eur,0,,1,True,False,True,True,content-mutated,train,2.0,2.8754085600770636,0.0,3.0,3.6989700043360187,0.84988,1.0,220.06131877562947,1.0,2.0,2.8754085600770636,0.0,0.84988,220.06131877562947,1.0,9.0,1.0,1.0
20260727,773,expired_mandate,demo-attacks:4-expired-mandate,pay_invoice,121.32,acme,0,2000.0,2,-532.96,1,,1,mandate invalid: Signature has expired,1,False,True,True,True,mandate-or-binding-invalid,eval,0.0,2.083932401638626,0.0,2.0,3.3010299956639813,0.9393400000000001,1.0,-532.9622443752924,1.0,0.0,2.083932401638626,0.0,0.9393400000000001,-532.9622443752924,1.0,9.0,1.0,1.0
20260727,774,forged_seal,demo-attacks:6-forged-seal; eatf-vec:bad-signature-classical,update_ledger,300.08,umbrella,0,500.0,1,137.69,1,seal-signature-byte,0,,1,True,True,False,True,seal-invalid,train,3.0,2.4772370511426662,0.0,1.0,2.6989700043360187,0.39984000000000003,1.0,137.68985166517615,1.0,3.0,2.4772370511426662,0.0,0.39984000000000003,137.68985166517615,1.0,9.0,1.0,1.0
20260727,775,nonce_replay_cross,demo-attacks:3-nonce-replay (cross-session variant),wire_transfer,288.94,umbrella,0,5000.0,1,178.08,1,,1,mandate invalid: KB-JWT nonce mismatch,1,False,False,False,True,mandate-or-binding-invalid,train,2.0,2.4608076684512294,0.0,1.0,3.6989700043360187,0.942212,1.0,178.08018037244548,1.0,2.0,2.4608076684512294,0.0,0.942212,178.08018037244548,1.0,9.0,0.0,0.0
20260727,776,clean,"baseline (happy path, demo aaa_demo.py M1)",pay_invoice,251.65,umbrella,0,500.0,2,262.52,1,,0,,0,True,True,True,True,,train,0.0,2.400796934733158,0.0,2.0,2.6989700043360187,0.4967,1.0,262.5154768418854,1.0,0.0,2.400796934733158,0.0,0.4967,262.5154768418854,1.0,9.0,1.0,1.0
20260727,777,clean,"baseline (happy path, demo aaa_demo.py M1)",wire_transfer,1189.21,acme,0,20000.0,3,167.61,1,,0,,0,True,True,True,True,,train,2.0,3.075258552506125,0.0,3.0,4.301029995663981,0.9405395000000001,1.0,167.61370048110012,1.0,2.0,3.075258552506125,0.0,0.9405395000000001,167.61370048110012,1.0,9.0,1.0,1.0
20260727,778,payee_swap_action_hash,mm-ablation:payee-swapped-after-approval(L4); demo-attacks:1-action-hash-mismatch; demo-m2:confused-deputy,refund_invoice,2044.87,px-340,1,20000.0,1,207.46,1,,1,action_hash mismatch,1,False,True,True,True,mandate-or-binding-invalid,train,1.0,3.3106657035036338,1.0,1.0,4.301029995663981,0.8977565000000001,1.0,207.45951502958428,1.0,1.0,3.3106657035036338,1.0,0.8977565000000001,207.45951502958428,1.0,9.0,1.0,1.0
20260727,779,payee_swap_action_hash,mm-ablation:payee-swapped-after-approval(L4); demo-attacks:1-action-hash-mismatch; demo-m2:confused-deputy,refund_invoice,67.95,globex,0,5000.0,3,42.31,1,,1,action_hash mismatch,1,False,True,True,True,mandate-or-binding-invalid,train,1.0,1.8321894610685132,0.0,3.0,3.6989700043360187,0.98641,1.0,42.312269790705116,1.0,1.0,1.8321894610685132,0.0,0.98641,42.312269790705116,1.0,9.0,1.0,1.0
20260727,780,nonce_replay_same,"demo-attacks:3-nonce-replay (same-session variant, gate check 5)",pay_invoice,1785.26,initech,0,5000.0,1,522.42,1,,1,nonce replay,0,True,True,True,True,,eval,0.0,3.251701474421589,0.0,1.0,3.6989700043360187,0.642948,1.0,522.4165149795264,1.0,0.0,3.251701474421589,0.0,0.642948,522.4165149795264,1.0,9.0,1.0,1.0
20260727,781,stale_attestation,mm-ablation:replayed-stale-attestation(L2),refund_invoice,16605.51,globex,0,20000.0,1,478.93,1,,1,execution not affirming,1,True,False,True,True,content-mutated,train,1.0,4.220252218494142,0.0,1.0,4.301029995663981,0.16972450000000008,1.0,478.93227105590506,1.0,1.0,4.220252218494142,0.0,0.16972450000000008,478.93227105590506,1.0,9.0,1.0,0.0
20260727,782,payee_swap_action_hash,mm-ablation:payee-swapped-after-approval(L4); demo-attacks:1-action-hash-mismatch; demo-m2:confused-deputy,update_ledger,1953.81,umbrella,0,20000.0,2,443.52,1,,1,action_hash mismatch,1,False,True,True,True,mandate-or-binding-invalid,eval,3.0,3.2908823280810138,0.0,2.0,4.301029995663981,0.9023095,1.0,443.5155965332508,1.0,3.0,3.2908823280810138,0.0,0.9023095,443.5155965332508,1.0,9.0,1.0,1.0
20260727,783,clean,"baseline (happy path, demo aaa_demo.py M1)",update_ledger,818.99,px-516,1,5000.0,3,465.29,1,,0,,0,True,True,True,True,,eval,3.0,2.913278598987118,1.0,3.0,3.6989700043360187,0.836202,1.0,465.2888897638623,1.0,3.0,2.913278598987118,1.0,0.836202,465.2888897638623,1.0,9.0,1.0,1.0
20260727,784,forged_credential_sig,mm-ablation:forged-altered-credential(L1); eatf-vec:bad-signature-classical,pay_invoice,187.21,px-150,1,500.0,1,205.35,1,,1,mandate invalid: Signature verification failed,1,False,True,True,True,mandate-or-binding-invalid,train,0.0,2.2723290432740186,1.0,1.0,2.6989700043360187,0.6255799999999999,1.0,205.35198481107304,1.0,0.0,2.2723290432740186,1.0,0.6255799999999999,205.35198481107304,1.0,9.0,1.0,1.0
20260727,785,clean,"baseline (happy path, demo aaa_demo.py M1)",update_ledger,5200.7,initech,0,20000.0,3,437.5,1,,0,,0,True,True,True,True,,train,3.0,3.716061802418879,0.0,3.0,4.301029995663981,0.739965,1.0,437.49936868295555,1.0,3.0,3.716061802418879,0.0,0.739965,437.49936868295555,1.0,9.0,1.0,1.0
20260727,786,clean,"baseline (happy path, demo aaa_demo.py M1)",update_ledger,12596.75,initech,0,20000.0,3,408.86,1,,0,,0,True,True,True,True,,train,3.0,4.100258510265924,0.0,3.0,4.301029995663981,0.3701625,1.0,408.85931495481736,1.0,3.0,4.100258510265924,0.0,0.3701625,408.85931495481736,1.0,9.0,1.0,1.0
20260727,787,nonce_replay_same,"demo-attacks:3-nonce-replay (same-session variant, gate check 5)",update_ledger,273.72,umbrella,0,5000.0,1,487.76,1,,1,nonce replay,0,True,True,True,True,,train,3.0,2.4373065313242734,0.0,1.0,3.6989700043360187,0.945256,1.0,487.75625875902193,1.0,3.0,2.4373065313242734,0.0,0.945256,487.75625875902193,1.0,9.0,1.0,1.0
20260727,788,tampered_ear,demo-attacks:7-tampered-EAR; eatf-vec:tampered-canonical-bin,wire_transfer,977.88,acme,0,2000.0,3,453.29,1,ear:outcome_sha256,0,,1,True,False,True,True,content-mutated,train,2.0,2.990285563851661,0.0,3.0,3.3010299956639813,0.51106,1.0,453.2876744681323,1.0,2.0,2.990285563851661,0.0,0.51106,453.2876744681323,1.0,9.0,1.0,1.0
20260727,789,clean,"baseline (happy path, demo aaa_demo.py M1)",wire_transfer,319.64,acme,0,20000.0,3,75.22,1,,0,,0,True,True,True,True,,eval,2.0,2.5046611219944936,0.0,3.0,4.301029995663981,0.9840180000000001,1.0,75.22036021840037,1.0,2.0,2.5046611219944936,0.0,0.9840180000000001,75.22036021840037,1.0,9.0,1.0,1.0
20260727,790,clean,"baseline (happy path, demo aaa_demo.py M1)",pay_invoice,88.78,umbrella,0,500.0,3,513.99,1,,0,,0,True,True,True,True,,eval,0.0,1.9483151406893477,0.0,3.0,2.6989700043360187,0.8224400000000001,1.0,513.9922911104745,1.0,0.0,1.9483151406893477,0.0,0.8224400000000001,513.9922911104745,1.0,9.0,1.0,1.0
20260727,791,payee_swap_action_hash,mm-ablation:payee-swapped-after-approval(L4); demo-attacks:1-action-hash-mismatch; demo-m2:confused-deputy,wire_transfer,7035.79,globex,0,20000.0,3,487.85,1,,1,action_hash mismatch,1,False,True,True,True,mandate-or-binding-invalid,eval,2.0,3.847312868420123,0.0,3.0,4.301029995663981,0.6482104999999999,1.0,487.8477002749734,1.0,2.0,3.847312868420123,0.0,0.6482104999999999,487.8477002749734,1.0,9.0,1.0,1.0
20260727,792,payee_swap_action_hash,mm-ablation:payee-swapped-after-approval(L4); demo-attacks:1-action-hash-mismatch; demo-m2:confused-deputy,wire_transfer,27.62,px-179,1,2000.0,2,558.28,1,,1,action_hash mismatch,1,False,True,True,True,mandate-or-binding-invalid,train,2.0,1.4412236742426126,1.0,2.0,3.3010299956639813,0.98619,1.0,558.2845960715104,1.0,2.0,1.4412236742426126,1.0,0.98619,558.2845960715104,1.0,9.0,1.0,1.0
20260727,793,clean,"baseline (happy path, demo aaa_demo.py M1)",pay_invoice,4985.24,initech,0,20000.0,1,412.78,1,,0,,0,True,True,True,True,,eval,0.0,3.6976860710060846,0.0,1.0,4.301029995663981,0.750738,1.0,412.7766945877339,1.0,0.0,3.6976860710060846,0.0,0.750738,412.7766945877339,1.0,9.0,1.0,1.0
20260727,794,clean,"baseline (happy path, demo aaa_demo.py M1)",refund_invoice,56.59,acme,0,2000.0,1,299.61,1,,0,,0,True,True,True,True,,train,1.0,1.7527396939353281,0.0,1.0,3.3010299956639813,0.971705,1.0,299.61190771039736,1.0,1.0,1.7527396939353281,0.0,0.971705,299.61190771039736,1.0,9.0,1.0,1.0
20260727,795,untrusted_issuer,eatf-vec:untrusted-issuer; mm-ablation:issuer-not-on-trusted-list(L3),pay_invoice,2911.16,umbrella,0,5000.0,1,401.47,0,,1,issuer not on trusted list,1,False,True,True,True,mandate-or-binding-invalid,train,0.0,3.4640660753142942,0.0,1.0,3.6989700043360187,0.41776800000000003,1.0,401.47121068540736,0.0,0.0,3.4640660753142942,0.0,0.41776800000000003,401.47121068540736,0.0,9.0,1.0,1.0
20260727,796,dtbs_field_tamper,demo-m2:binding-tamper-fuzz(7 fields); eatf-vec:tampered-metadata; eatf-vec:tampered-overt-receipt,wire_transfer,3030.43,acme,0,20000.0,2,126.49,1,dtbs:action_hash,0,,1,True,True,False,True,seal-invalid,train,2.0,3.481504256679689,0.0,2.0,4.301029995663981,0.8484785,1.0,126.48976031596115,1.0,2.0,3.481504256679689,0.0,0.8484785,126.48976031596115,1.0,9.0,1.0,1.0
20260727,797,clean,"baseline (happy path, demo aaa_demo.py M1)",update_ledger,223.84,px-095,1,500.0,1,328.81,1,,0,,0,True,True,True,True,,train,3.0,2.3499376971477526,1.0,1.0,2.6989700043360187,0.5523199999999999,1.0,328.8073746349798,1.0,3.0,2.3499376971477526,1.0,0.5523199999999999,328.8073746349798,1.0,9.0,1.0,1.0
20260727,798,clean,"baseline (happy path, demo aaa_demo.py M1)",wire_transfer,22.95,acme,0,500.0,3,414.76,1,,0,,0,True,True,True,True,,train,2.0,1.36078268987328,0.0,3.0,2.6989700043360187,0.9541000000000001,1.0,414.75847007614016,1.0,2.0,1.36078268987328,0.0,0.9541000000000001,414.75847007614016,1.0,9.0,1.0,1.0
20260727,799,clean,"baseline (happy path, demo aaa_demo.py M1)",update_ledger,1494.44,px-633,1,20000.0,1,311.68,1,,0,,0,True,True,True,True,,eval,3.0,3.174478483315079,1.0,1.0,4.301029995663981,0.925278,1.0,311.6848649220286,1.0,3.0,3.174478483315079,1.0,0.925278,311.6848649220286,1.0,9.0,1.0,1.0
20260727,800,untrusted_issuer,eatf-vec:untrusted-issuer; mm-ablation:issuer-not-on-trusted-list(L3),refund_invoice,5.55,initech,0,500.0,1,427.36,0,,1,issuer not on trusted list,1,False,True,True,True,mandate-or-binding-invalid,train,1.0,0.7442929831226762,0.0,1.0,2.6989700043360187,0.9889,1.0,427.3575363440155,0.0,1.0,0.7442929831226762,0.0,0.9889,427.3575363440155,0.0,9.0,1.0,1.0
20260727,801,clean,"baseline (happy path, demo aaa_demo.py M1)",refund_invoice,14937.12,acme,0,20000.0,3,498.51,1,,0,,0,True,True,True,True,,train,1.0,4.174266869990803,0.0,3.0,4.301029995663981,0.253144,1.0,498.5147180021654,1.0,1.0,4.174266869990803,0.0,0.253144,498.5147180021654,1.0,9.0,1.0,1.0
20260727,802,clean,"baseline (happy path, demo aaa_demo.py M1)",wire_transfer,838.92,umbrella,0,5000.0,3,507.9,1,,0,,0,True,True,True,True,,eval,2.0,2.923720548176633,0.0,3.0,3.6989700043360187,0.832216,1.0,507.90084419687304,1.0,2.0,2.923720548176633,0.0,0.832216,507.90084419687304,1.0,9.0,1.0,1.0
20260727,803,clean,"baseline (happy path, demo aaa_demo.py M1)",wire_transfer,13.51,umbrella,0,500.0,3,492.43,1,,0,,0,True,True,True,True,,train,2.0,1.1306553490220306,0.0,3.0,2.6989700043360187,0.9729800000000001,1.0,492.428588405375,1.0,2.0,1.1306553490220306,0.0,0.9729800000000001,492.428588405375,1.0,9.0,1.0,1.0
20260727,804,dtbs_field_tamper,demo-m2:binding-tamper-fuzz(7 fields); eatf-vec:tampered-metadata; eatf-vec:tampered-overt-receipt,refund_invoice,110.0,initech,0,500.0,3,292.28,1,dtbs:holder_cnf_thumbprint,0,,1,True,True,False,True,seal-invalid,eval,1.0,2.041392685158225,0.0,3.0,2.6989700043360187,0.78,1.0,292.2824315389958,1.0,1.0,2.041392685158225,0.0,0.78,292.2824315389958,1.0,9.0,1.0,1.0
20260727,805,clean,"baseline (happy path, demo aaa_demo.py M1)",update_ledger,13.34,acme,0,500.0,1,430.1,1,,0,,0,True,True,True,True,,train,3.0,1.1251558295805302,0.0,1.0,2.6989700043360187,0.9733200000000001,1.0,430.1023796747323,1.0,3.0,1.1251558295805302,0.0,0.9733200000000001,430.1023796747323,1.0,9.0,1.0,1.0
20260727,806,clean,"baseline (happy path, demo aaa_demo.py M1)",refund_invoice,973.82,umbrella,0,20000.0,1,102.16,1,,0,,0,True,True,True,True,,train,1.0,2.988478689700986,0.0,1.0,4.301029995663981,0.951309,1.0,102.15930923928771,1.0,1.0,2.988478689700986,0.0,0.951309,102.15930923928771,1.0,9.0,1.0,1.0
20260727,807,clean,"baseline (happy path, demo aaa_demo.py M1)",refund_invoice,727.34,globex,0,5000.0,3,582.8,1,,0,,0,True,True,True,True,,eval,1.0,2.861737472215443,0.0,3.0,3.6989700043360187,0.854532,1.0,582.7989568657837,1.0,1.0,2.861737472215443,0.0,0.854532,582.7989568657837,1.0,9.0,1.0,1.0
20260727,808,clean,"baseline (happy path, demo aaa_demo.py M1)",pay_invoice,106.92,px-958,1,5000.0,1,110.5,1,,0,,0,True,True,True,True,,train,0.0,2.0290589500844995,1.0,1.0,3.6989700043360187,0.9786159999999999,1.0,110.4985964694619,1.0,0.0,2.0290589500844995,1.0,0.9786159999999999,110.4985964694619,1.0,9.0,1.0,1.0
20260727,809,expired_mandate,demo-attacks:4-expired-mandate,refund_invoice,2437.0,initech,0,20000.0,2,-126.29,1,,1,mandate invalid: Signature has expired,1,False,True,True,True,mandate-or-binding-invalid,train,1.0,3.386855529184724,0.0,2.0,4.301029995663981,0.87815,1.0,-126.29195235403824,1.0,1.0,3.386855529184724,0.0,0.87815,-126.29195235403824,1.0,9.0,1.0,1.0
20260727,810,clean,"baseline (happy path, demo aaa_demo.py M1)",pay_invoice,71.81,initech,0,500.0,3,66.14,1,,0,,0,True,True,True,True,,train,0.0,1.8561849267271697,0.0,3.0,2.6989700043360187,0.85638,1.0,66.14268371975768,1.0,0.0,1.8561849267271697,0.0,0.85638,66.14268371975768,1.0,9.0,1.0,1.0
20260727,811,untrusted_issuer,eatf-vec:untrusted-issuer; mm-ablation:issuer-not-on-trusted-list(L3),wire_transfer,558.14,acme,0,5000.0,1,116.62,0,,1,issuer not on trusted list,1,False,True,True,True,mandate-or-binding-invalid,train,2.0,2.746743148043937,0.0,1.0,3.6989700043360187,0.8883719999999999,1.0,116.6162058936935,0.0,2.0,2.746743148043937,0.0,0.8883719999999999,116.6162058936935,0.0,9.0,1.0,1.0
20260727,812,clean,"baseline (happy path, demo aaa_demo.py M1)",update_ledger,192.79,px-604,1,2000.0,1,172.04,1,,0,,0,True,True,True,True,,train,3.0,2.2850845033352187,1.0,1.0,3.3010299956639813,0.903605,1.0,172.0370232768383,1.0,3.0,2.2850845033352187,1.0,0.903605,172.0370232768383,1.0,9.0,1.0,1.0
20260727,813,outcome_mutation,eatf-vec:tampered-canonical-bin (content mutated after sealing),update_ledger,3698.62,globex,0,5000.0,3,158.25,1,outcome:amount_eur,0,,1,True,False,True,True,content-mutated,train,3.0,3.56803971374832,0.0,3.0,3.6989700043360187,0.260276,1.0,158.24663672790052,1.0,3.0,3.56803971374832,0.0,0.260276,158.24663672790052,1.0,9.0,1.0,1.0
20260727,814,dtbs_field_tamper,demo-m2:binding-tamper-fuzz(7 fields); eatf-vec:tampered-metadata; eatf-vec:tampered-overt-receipt,wire_transfer,1540.82,acme,0,5000.0,2,178.97,1,dtbs:nonce,0,,1,True,True,False,True,seal-invalid,train,2.0,3.187751907003503,0.0,2.0,3.6989700043360187,0.691836,1.0,178.9680174726465,1.0,2.0,3.187751907003503,0.0,0.691836,178.9680174726465,1.0,9.0,0.0,1.0
20260727,815,clean,"baseline (happy path, demo aaa_demo.py M1)",update_ledger,15.39,umbrella,0,500.0,1,177.18,1,,0,,0,True,True,True,True,,train,3.0,1.1872386198314788,0.0,1.0,2.6989700043360187,0.9692200000000001,1.0,177.1768906020245,1.0,3.0,1.1872386198314788,0.0,0.9692200000000001,177.1768906020245,1.0,9.0,1.0,1.0
20260727,816,clean,"baseline (happy path, demo aaa_demo.py M1)",update_ledger,1446.47,acme,0,20000.0,1,344.19,1,,0,,0,True,True,True,True,,train,3.0,3.160309430746141,0.0,1.0,4.301029995663981,0.9276764999999999,1.0,344.18887218402415,1.0,3.0,3.160309430746141,0.0,0.9276764999999999,344.18887218402415,1.0,9.0,1.0,1.0
20260727,817,missing_component,eatf-vec:missing-canonical-bin,refund_invoice,1237.2,px-283,1,20000.0,3,167.76,1,missing:attestation_digest,0,,1,,,,,malformed-package (KeyError),train,1.0,3.0924399113311414,1.0,3.0,4.301029995663981,0.93814,1.0,167.7595155629708,1.0,1.0,3.0924399113311414,1.0,0.93814,167.7595155629708,1.0,8.0,1.0,1.0
20260727,818,untrusted_sam,demo-attacks:8-untrusted-SAM; eatf-vec:untrusted-issuer (sealer analogue),update_ledger,43.12,px-391,1,2000.0,1,432.41,1,,0,,1,True,True,True,False,sealer-not-listed,eval,3.0,1.6346787521786823,1.0,1.0,3.3010299956639813,0.9784400000000001,1.0,432.4093142507176,1.0,3.0,1.6346787521786823,1.0,0.9784400000000001,432.4093142507176,1.0,9.0,1.0,1.0
20260727,819,clean,"baseline (happy path, demo aaa_demo.py M1)",refund_invoice,1697.41,globex,0,2000.0,1,257.52,1,,0,,0,True,True,True,True,,train,1.0,3.229786756419653,0.0,1.0,3.3010299956639813,0.15129499999999996,1.0,257.52090362138074,1.0,1.0,3.229786756419653,0.0,0.15129499999999996,257.52090362138074,1.0,9.0,1.0,1.0
20260727,820,clean,"baseline (happy path, demo aaa_demo.py M1)",update_ledger,111.21,umbrella,0,500.0,3,139.78,1,,0,,0,True,True,True,True,,train,3.0,2.046143840749226,0.0,3.0,2.6989700043360187,0.77758,1.0,139.78082128310126,1.0,3.0,2.046143840749226,0.0,0.77758,139.78082128310126,1.0,9.0,1.0,1.0
20260727,821,clean,"baseline (happy path, demo aaa_demo.py M1)",pay_invoice,115.56,acme,0,500.0,2,276.04,1,,0,,0,True,True,True,True,,eval,0.0,2.062807533172159,0.0,2.0,2.6989700043360187,0.76888,1.0,276.03782726939164,1.0,0.0,2.062807533172159,0.0,0.76888,276.03782726939164,1.0,9.0,1.0,1.0
20260727,822,clean,"baseline (happy path, demo aaa_demo.py M1)",refund_invoice,929.62,initech,0,20000.0,2,106.71,1,,0,,0,True,True,True,True,,eval,1.0,2.9683054586308106,0.0,2.0,4.301029995663981,0.953519,1.0,106.70773069783037,1.0,1.0,2.9683054586308106,0.0,0.953519,106.70773069783037,1.0,9.0,1.0,1.0
20260727,823,outcome_mutation,eatf-vec:tampered-canonical-bin (content mutated after sealing),pay_invoice,101.87,px-405,1,500.0,2,462.8,1,outcome:amount_eur,0,,1,True,False,True,True,content-mutated,eval,0.0,2.0080463061583504,1.0,2.0,2.6989700043360187,0.79626,1.0,462.79804627897227,1.0,0.0,2.0080463061583504,1.0,0.79626,462.79804627897227,1.0,9.0,1.0,1.0
20260727,824,clean,"baseline (happy path, demo aaa_demo.py M1)",pay_invoice,464.13,umbrella,0,5000.0,2,213.37,1,,0,,0,True,True,True,True,,train,0.0,2.6666396408460398,0.0,2.0,3.6989700043360187,0.9071739999999999,1.0,213.36859119697408,1.0,0.0,2.6666396408460398,0.0,0.9071739999999999,213.36859119697408,1.0,9.0,1.0,1.0
20260727,825,clean,"baseline (happy path, demo aaa_demo.py M1)",pay_invoice,207.4,umbrella,0,5000.0,2,53.29,1,,0,,0,True,True,True,True,,eval,0.0,2.316808752053022,0.0,2.0,3.6989700043360187,0.95852,1.0,53.29168308504727,1.0,0.0,2.316808752053022,0.0,0.95852,53.29168308504727,1.0,9.0,1.0,1.0
20260727,826,clean,"baseline (happy path, demo aaa_demo.py M1)",refund_invoice,310.27,initech,0,5000.0,2,430.13,1,,0,,0,True,True,True,True,,train,1.0,2.491739785689497,0.0,2.0,3.6989700043360187,0.937946,1.0,430.13460279404944,1.0,1.0,2.491739785689497,0.0,0.937946,430.13460279404944,1.0,9.0,1.0,1.0
20260727,827,method_not_allowed,mm-ablation:prompt-injected-wire-transfer(L4),wire_transfer,47.49,globex,0,2000.0,2,426.26,1,,1,action out of scope,0,True,True,True,True,,train,2.0,1.6766021695820184,0.0,2.0,3.3010299956639813,0.976255,0.0,426.25787518619484,1.0,2.0,1.6766021695820184,0.0,0.976255,426.25787518619484,1.0,9.0,1.0,1.0
20260727,828,untrusted_sam,demo-attacks:8-untrusted-SAM; eatf-vec:untrusted-issuer (sealer analogue),wire_transfer,16991.75,globex,0,20000.0,1,55.27,1,,0,,1,True,True,True,False,sealer-not-listed,eval,2.0,4.230238109663899,0.0,1.0,4.301029995663981,0.1504125,1.0,55.26644558354732,1.0,2.0,4.230238109663899,0.0,0.1504125,55.26644558354732,1.0,9.0,1.0,1.0
20260727,829,method_not_allowed,mm-ablation:prompt-injected-wire-transfer(L4),pay_invoice,318.05,initech,0,20000.0,3,261.23,1,,1,action out of scope,0,True,True,True,True,,eval,0.0,2.502495399912551,0.0,3.0,4.301029995663981,0.9840975000000001,0.0,261.2287852970038,1.0,0.0,2.502495399912551,0.0,0.9840975000000001,261.2287852970038,1.0,9.0,1.0,1.0
20260727,830,tampered_ear,demo-attacks:7-tampered-EAR; eatf-vec:tampered-canonical-bin,pay_invoice,675.74,globex,0,5000.0,3,459.85,1,ear:outcome_sha256,0,,1,True,False,True,True,content-mutated,train,0.0,2.8297796274718308,0.0,3.0,3.6989700043360187,0.8648520000000001,1.0,459.854074097805,1.0,0.0,2.8297796274718308,0.0,0.8648520000000001,459.854074097805,1.0,9.0,1.0,1.0
20260727,831,untrusted_issuer,eatf-vec:untrusted-issuer; mm-ablation:issuer-not-on-trusted-list(L3),wire_transfer,3119.59,acme,0,20000.0,1,410.75,0,,1,issuer not on trusted list,1,False,True,True,True,mandate-or-binding-invalid,train,2.0,3.494097519519049,0.0,1.0,4.301029995663981,0.8440205,1.0,410.7454272619644,0.0,2.0,3.494097519519049,0.0,0.8440205,410.7454272619644,0.0,9.0,1.0,1.0
20260727,832,clean,"baseline (happy path, demo aaa_demo.py M1)",pay_invoice,92.0,umbrella,0,500.0,3,502.47,1,,0,,0,True,True,True,True,,train,0.0,1.9637878273455553,0.0,3.0,2.6989700043360187,0.816,1.0,502.46906273938936,1.0,0.0,1.9637878273455553,0.0,0.816,502.46906273938936,1.0,9.0,1.0,1.0
20260727,833,forged_seal,demo-attacks:6-forged-seal; eatf-vec:bad-signature-classical,pay_invoice,15712.95,umbrella,0,20000.0,3,363.3,1,seal-signature-byte,0,,1,True,True,False,True,seal-invalid,eval,0.0,4.196257728544029,0.0,3.0,4.301029995663981,0.21435249999999997,1.0,363.3043168520436,1.0,0.0,4.196257728544029,0.0,0.21435249999999997,363.3043168520436,1.0,9.0,1.0,1.0
20260727,834,clean,"baseline (happy path, demo aaa_demo.py M1)",update_ledger,11983.35,px-955,1,20000.0,1,31.26,1,,0,,0,True,True,True,True,,train,3.0,4.0785782440245235,1.0,1.0,4.301029995663981,0.4008325,1.0,31.264562249059296,1.0,3.0,4.0785782440245235,1.0,0.4008325,31.264562249059296,1.0,9.0,1.0,1.0
20260727,835,payee_swap_action_hash,mm-ablation:payee-swapped-after-approval(L4); demo-attacks:1-action-hash-mismatch; demo-m2:confused-deputy,refund_invoice,239.79,acme,0,500.0,1,220.65,1,,1,action_hash mismatch,1,False,True,True,True,mandate-or-binding-invalid,train,1.0,2.3798310676895396,0.0,1.0,2.6989700043360187,0.5204200000000001,1.0,220.6462288794028,1.0,1.0,2.3798310676895396,0.0,0.5204200000000001,220.6462288794028,1.0,9.0,1.0,1.0
20260727,836,clean,"baseline (happy path, demo aaa_demo.py M1)",pay_invoice,1477.63,initech,0,5000.0,3,107.15,1,,0,,0,True,True,True,True,,train,0.0,3.1695656999079533,0.0,3.0,3.6989700043360187,0.7044739999999999,1.0,107.15013546817771,1.0,0.0,3.1695656999079533,0.0,0.7044739999999999,107.15013546817771,1.0,9.0,1.0,1.0
20260727,837,tampered_ear,demo-attacks:7-tampered-EAR; eatf-vec:tampered-canonical-bin,pay_invoice,83.82,globex,0,5000.0,3,534.61,1,ear:outcome_sha256,0,,1,True,False,True,True,content-mutated,eval,0.0,1.9233476564978256,0.0,3.0,3.6989700043360187,0.9832360000000001,1.0,534.6060904059086,1.0,0.0,1.9233476564978256,0.0,0.9832360000000001,534.6060904059086,1.0,9.0,1.0,1.0
20260727,838,expired_mandate,demo-attacks:4-expired-mandate,refund_invoice,185.63,initech,0,5000.0,3,-307.88,1,,1,mandate invalid: Signature has expired,1,False,True,True,True,mandate-or-binding-invalid,eval,1.0,2.268648164671602,0.0,3.0,3.6989700043360187,0.962874,1.0,-307.8780032232064,1.0,1.0,2.268648164671602,0.0,0.962874,-307.8780032232064,1.0,9.0,1.0,1.0
20260727,839,clean,"baseline (happy path, demo aaa_demo.py M1)",refund_invoice,190.2,px-090,1,2000.0,2,274.27,1,,0,,0,True,True,True,True,,eval,1.0,2.279210512601395,1.0,2.0,3.3010299956639813,0.9048999999999999,1.0,274.27117752177094,1.0,1.0,2.279210512601395,1.0,0.9048999999999999,274.27117752177094,1.0,9.0,1.0,1.0
20260727,840,clean,"baseline (happy path, demo aaa_demo.py M1)",pay_invoice,68.63,globex,0,500.0,1,398.1,1,,0,,0,True,True,True,True,,eval,0.0,1.8365139988906714,0.0,1.0,2.6989700043360187,0.8627400000000001,1.0,398.1048647489458,1.0,0.0,1.8365139988906714,0.0,0.8627400000000001,398.1048647489458,1.0,9.0,1.0,1.0
20260727,841,dtbs_field_tamper,demo-m2:binding-tamper-fuzz(7 fields); eatf-vec:tampered-metadata; eatf-vec:tampered-overt-receipt,refund_invoice,109.56,initech,0,500.0,1,342.52,1,dtbs:holder_cnf_thumbprint,0,,1,True,True,False,True,seal-invalid,train,1.0,2.0396520235819238,0.0,1.0,2.6989700043360187,0.78088,1.0,342.5215565402288,1.0,1.0,2.0396520235819238,0.0,0.78088,342.5215565402288,1.0,9.0,1.0,1.0
20260727,842,clean,"baseline (happy path, demo aaa_demo.py M1)",wire_transfer,52.4,px-064,1,5000.0,1,385.82,1,,0,,0,True,True,True,True,,train,2.0,1.7193312869837265,1.0,1.0,3.6989700043360187,0.9895200000000001,1.0,385.8202596945278,1.0,2.0,1.7193312869837265,1.0,0.9895200000000001,385.8202596945278,1.0,9.0,1.0,1.0
20260727,843,untrusted_issuer,eatf-vec:untrusted-issuer; mm-ablation:issuer-not-on-trusted-list(L3),update_ledger,8318.05,px-020,1,20000.0,1,564.58,0,,1,issuer not on trusted list,1,False,True,True,True,mandate-or-binding-invalid,train,3.0,3.9200215265914093,1.0,1.0,4.301029995663981,0.5840975,1.0,564.5818720754266,0.0,3.0,3.9200215265914093,1.0,0.5840975,564.5818720754266,0.0,9.0,1.0,1.0
20260727,844,outcome_mutation,eatf-vec:tampered-canonical-bin (content mutated after sealing),wire_transfer,202.19,acme,0,2000.0,2,278.65,1,outcome:amount_eur,0,,1,True,False,True,True,content-mutated,eval,2.0,2.3057596722628215,0.0,2.0,3.3010299956639813,0.898905,1.0,278.65467911847816,1.0,2.0,2.3057596722628215,0.0,0.898905,278.65467911847816,1.0,9.0,1.0,1.0
20260727,845,untrusted_issuer,eatf-vec:untrusted-issuer; mm-ablation:issuer-not-on-trusted-list(L3),wire_transfer,28.6,initech,0,2000.0,1,41.65,0,,1,issuer not on trusted list,1,False,True,True,True,mandate-or-binding-invalid,eval,2.0,1.4563660331290431,0.0,1.0,3.3010299956639813,0.9857,1.0,41.650439748026095,0.0,2.0,1.4563660331290431,0.0,0.9857,41.650439748026095,0.0,9.0,1.0,1.0
20260727,846,dtbs_field_tamper,demo-m2:binding-tamper-fuzz(7 fields); eatf-vec:tampered-metadata; eatf-vec:tampered-overt-receipt,wire_transfer,4753.96,acme,0,20000.0,2,583.47,1,dtbs:outcome_sha256,0,,1,True,False,False,True,content-mutated,train,2.0,3.677055523237269,0.0,2.0,4.301029995663981,0.762302,1.0,583.4685995220783,1.0,2.0,3.677055523237269,0.0,0.762302,583.4685995220783,1.0,9.0,1.0,1.0
20260727,847,wrong_holder_key,demo-attacks:5-wrong-holder-key,refund_invoice,425.26,initech,0,5000.0,1,269.06,1,,1,mandate invalid: Signature verification failed,1,False,True,True,True,mandate-or-binding-invalid,train,1.0,2.6286545348507593,0.0,1.0,3.6989700043360187,0.914948,1.0,269.0613052467672,1.0,1.0,2.6286545348507593,0.0,0.914948,269.0613052467672,1.0,9.0,1.0,1.0
20260727,848,clean,"baseline (happy path, demo aaa_demo.py M1)",wire_transfer,233.93,globex,0,5000.0,3,574.11,1,,0,,0,True,True,True,True,,eval,2.0,2.3690859208215076,0.0,3.0,3.6989700043360187,0.9532139999999999,1.0,574.1123478869388,1.0,2.0,2.3690859208215076,0.0,0.9532139999999999,574.1123478869388,1.0,9.0,1.0,1.0
20260727,849,clean,"baseline (happy path, demo aaa_demo.py M1)",pay_invoice,98.84,globex,0,2000.0,2,146.44,1,,0,,0,True,True,True,True,,train,0.0,1.9949327367300418,0.0,2.0,3.3010299956639813,0.9505800000000001,1.0,146.44028840113353,1.0,0.0,1.9949327367300418,0.0,0.9505800000000001,146.44028840113353,1.0,9.0,1.0,1.0
20260727,850,over_scope_amount,mm-ablation:over-limit-payment(L4); demo-attacks:2-out-of-scope,wire_transfer,12430.16,acme,0,5000.0,2,155.44,1,,1,action out of scope,0,True,True,True,True,,train,2.0,4.094476718880574,0.0,2.0,3.6989700043360187,-1.486032,1.0,155.44361326972822,1.0,2.0,4.094476718880574,0.0,-1.486032,155.44361326972822,1.0,9.0,1.0,1.0
20260727,851,clean,"baseline (happy path, demo aaa_demo.py M1)",refund_invoice,24.64,initech,0,2000.0,1,36.19,1,,0,,0,True,True,True,True,,train,1.0,1.3916407034923879,0.0,1.0,3.3010299956639813,0.98768,1.0,36.18671505198481,1.0,1.0,1.3916407034923879,0.0,0.98768,36.18671505198481,1.0,9.0,1.0,1.0
20260727,852,clean,"baseline (happy path, demo aaa_demo.py M1)",update_ledger,86.76,umbrella,0,500.0,1,114.21,1,,0,,0,True,True,True,True,,train,3.0,1.9383195433421556,0.0,1.0,2.6989700043360187,0.82648,1.0,114.20528821892549,1.0,3.0,1.9383195433421556,0.0,0.82648,114.20528821892549,1.0,9.0,1.0,1.0
20260727,853,clean,"baseline (happy path, demo aaa_demo.py M1)",refund_invoice,12.42,px-795,1,500.0,3,368.73,1,,0,,0,True,True,True,True,,train,1.0,1.0941215958405615,1.0,3.0,2.6989700043360187,0.9751599999999999,1.0,368.73214424144555,1.0,1.0,1.0941215958405615,1.0,0.9751599999999999,368.73214424144555,1.0,9.0,1.0,1.0
20260727,854,clean,"baseline (happy path, demo aaa_demo.py M1)",update_ledger,275.44,px-579,1,500.0,2,220.05,1,,0,,0,True,True,True,True,,eval,3.0,2.440027009696617,1.0,2.0,2.6989700043360187,0.44912,1.0,220.0473488882777,1.0,3.0,2.440027009696617,1.0,0.44912,220.0473488882777,1.0,9.0,1.0,1.0
20260727,855,clean,"baseline (happy path, demo aaa_demo.py M1)",update_ledger,183.6,globex,0,5000.0,2,330.19,1,,0,,0,True,True,True,True,,train,3.0,2.2638726768652235,0.0,2.0,3.6989700043360187,0.9632799999999999,1.0,330.18950064401673,1.0,3.0,2.2638726768652235,0.0,0.9632799999999999,330.18950064401673,1.0,9.0,1.0,1.0
20260727,856,clean,"baseline (happy path, demo aaa_demo.py M1)",pay_invoice,3111.52,px-140,1,20000.0,2,579.38,1,,0,,0,True,True,True,True,,train,0.0,3.4929725968556724,1.0,2.0,4.301029995663981,0.844424,1.0,579.3832850506294,1.0,0.0,3.4929725968556724,1.0,0.844424,579.3832850506294,1.0,9.0,1.0,1.0
20260727,857,clean,"baseline (happy path, demo aaa_demo.py M1)",update_ledger,405.09,px-974,1,20000.0,3,202.52,1,,0,,0,True,True,True,True,,eval,3.0,2.6075515223778036,1.0,3.0,4.301029995663981,0.9797455,1.0,202.5212440812846,1.0,3.0,2.6075515223778036,1.0,0.9797455,202.5212440812846,1.0,9.0,1.0,1.0
20260727,858,clean,"baseline (happy path, demo aaa_demo.py M1)",refund_invoice,2658.41,acme,0,5000.0,3,343.89,1,,0,,0,True,True,True,True,,train,1.0,3.424621961936262,0.0,3.0,3.6989700043360187,0.468318,1.0,343.891001765848,1.0,1.0,3.424621961936262,0.0,0.468318,343.891001765848,1.0,9.0,1.0,1.0
20260727,859,untrusted_sam,demo-attacks:8-untrusted-SAM; eatf-vec:untrusted-issuer (sealer analogue),refund_invoice,644.87,initech,0,2000.0,2,91.86,1,,0,,1,True,True,True,False,sealer-not-listed,eval,1.0,2.809472173591847,0.0,2.0,3.3010299956639813,0.6775650000000001,1.0,91.8612635133519,1.0,1.0,2.809472173591847,0.0,0.6775650000000001,91.8612635133519,1.0,9.0,1.0,1.0
20260727,860,clean,"baseline (happy path, demo aaa_demo.py M1)",update_ledger,90.22,globex,0,2000.0,3,497.79,1,,0,,0,True,True,True,True,,train,3.0,1.9553028227616918,0.0,3.0,3.3010299956639813,0.95489,1.0,497.78923611252173,1.0,3.0,1.9553028227616918,0.0,0.95489,497.78923611252173,1.0,9.0,1.0,1.0
20260727,861,nonce_replay_cross,demo-attacks:3-nonce-replay (cross-session variant),pay_invoice,180.11,globex,0,500.0,3,534.68,1,,1,mandate invalid: KB-JWT nonce mismatch,1,False,False,False,True,mandate-or-binding-invalid,train,0.0,2.2555378262246033,0.0,3.0,2.6989700043360187,0.63978,1.0,534.6753403322743,1.0,0.0,2.2555378262246033,0.0,0.63978,534.6753403322743,1.0,9.0,0.0,0.0
20260727,862,untrusted_issuer,eatf-vec:untrusted-issuer; mm-ablation:issuer-not-on-trusted-list(L3),refund_invoice,3102.24,globex,0,20000.0,2,105.59,0,,1,issuer not on trusted list,1,False,True,True,True,mandate-or-binding-invalid,train,1.0,3.49167539329826,0.0,2.0,4.301029995663981,0.8448880000000001,1.0,105.58771126595798,0.0,1.0,3.49167539329826,0.0,0.8448880000000001,105.58771126595798,0.0,9.0,1.0,1.0
20260727,863,clean,"baseline (happy path, demo aaa_demo.py M1)",pay_invoice,234.79,initech,0,500.0,2,478.04,1,,0,,0,True,True,True,True,,train,0.0,2.3706795958238587,0.0,2.0,2.6989700043360187,0.5304200000000001,1.0,478.0358945615455,1.0,0.0,2.3706795958238587,0.0,0.5304200000000001,478.0358945615455,1.0,9.0,1.0,1.0
20260727,864,untrusted_sam,demo-attacks:8-untrusted-SAM; eatf-vec:untrusted-issuer (sealer analogue),update_ledger,142.98,px-073,1,2000.0,3,226.3,1,,0,,1,True,True,True,False,sealer-not-listed,eval,3.0,2.1552752927300998,1.0,3.0,3.3010299956639813,0.92851,1.0,226.30324164790306,1.0,3.0,2.1552752927300998,1.0,0.92851,226.30324164790306,1.0,9.0,1.0,1.0
20260727,865,stale_attestation,mm-ablation:replayed-stale-attestation(L2),update_ledger,407.69,globex,0,500.0,3,87.95,1,,1,execution not affirming,1,True,False,True,True,content-mutated,train,3.0,2.6103300590163427,0.0,3.0,2.6989700043360187,0.18462,1.0,87.94921774653486,1.0,3.0,2.6103300590163427,0.0,0.18462,87.94921774653486,1.0,9.0,1.0,0.0
20260727,866,clean,"baseline (happy path, demo aaa_demo.py M1)",pay_invoice,4429.23,globex,0,5000.0,1,505.28,1,,0,,0,True,True,True,True,,train,0.0,3.646328232810683,0.0,1.0,3.6989700043360187,0.11415400000000009,1.0,505.2780605905311,1.0,0.0,3.646328232810683,0.0,0.11415400000000009,505.2780605905311,1.0,9.0,1.0,1.0
20260727,867,clean,"baseline (happy path, demo aaa_demo.py M1)",pay_invoice,916.32,initech,0,5000.0,1,575.63,1,,0,,0,True,True,True,True,,train,0.0,2.962047165769254,0.0,1.0,3.6989700043360187,0.816736,1.0,575.6280066508631,1.0,0.0,2.962047165769254,0.0,0.816736,575.6280066508631,1.0,9.0,1.0,1.0
20260727,868,dtbs_field_tamper,demo-m2:binding-tamper-fuzz(7 fields); eatf-vec:tampered-metadata; eatf-vec:tampered-overt-receipt,update_ledger,295.94,px-006,1,2000.0,3,194.07,1,dtbs:outcome_sha256,0,,1,True,False,False,True,content-mutated,train,3.0,2.4712036694702526,1.0,3.0,3.3010299956639813,0.85203,1.0,194.07076548072274,1.0,3.0,2.4712036694702526,1.0,0.85203,194.07076548072274,1.0,9.0,1.0,1.0
20260727,869,over_scope_amount,mm-ablation:over-limit-payment(L4); demo-attacks:2-out-of-scope,wire_transfer,1211.18,initech,0,500.0,3,30.51,1,,1,action out of scope,0,True,True,True,True,,train,2.0,3.083208690787642,0.0,3.0,2.6989700043360187,-1.42236,1.0,30.506793126249775,1.0,2.0,3.083208690787642,0.0,-1.42236,30.506793126249775,1.0,9.0,1.0,1.0
20260727,870,tampered_ear,demo-attacks:7-tampered-EAR; eatf-vec:tampered-canonical-bin,pay_invoice,3221.71,umbrella,0,5000.0,2,407.96,1,ear:quote_sig,0,,1,True,False,True,True,content-mutated,train,0.0,3.50808644512478,0.0,2.0,3.6989700043360187,0.355658,1.0,407.96188699816867,1.0,0.0,3.50808644512478,0.0,0.355658,407.96188699816867,1.0,9.0,1.0,1.0
20260727,871,forged_seal,demo-attacks:6-forged-seal; eatf-vec:bad-signature-classical,pay_invoice,57.88,globex,0,5000.0,3,552.97,1,seal-signature-byte,0,,1,True,True,False,True,seal-invalid,train,0.0,1.762528522447,0.0,3.0,3.6989700043360187,0.988424,1.0,552.9733030250981,1.0,0.0,1.762528522447,0.0,0.988424,552.9733030250981,1.0,9.0,1.0,1.0
20260727,872,payee_swap_action_hash,mm-ablation:payee-swapped-after-approval(L4); demo-attacks:1-action-hash-mismatch; demo-m2:confused-deputy,update_ledger,21.63,globex,0,2000.0,3,519.98,1,,1,action_hash mismatch,1,False,True,True,True,mandate-or-binding-invalid,train,3.0,1.3350565194390915,0.0,3.0,3.3010299956639813,0.989185,1.0,519.9810535016343,1.0,3.0,1.3350565194390915,0.0,0.989185,519.9810535016343,1.0,9.0,1.0,1.0
20260727,873,tampered_ear,demo-attacks:7-tampered-EAR; eatf-vec:tampered-canonical-bin,pay_invoice,14.95,px-207,1,500.0,3,101.44,1,ear:quote_sig,0,,1,True,False,True,True,content-mutated,train,0.0,1.1746411926604483,1.0,3.0,2.6989700043360187,0.9701000000000001,1.0,101.43679111630252,1.0,0.0,1.1746411926604483,1.0,0.9701000000000001,101.43679111630252,1.0,9.0,1.0,1.0
20260727,874,clean,"baseline (happy path, demo aaa_demo.py M1)",pay_invoice,488.2,umbrella,0,2000.0,3,492.09,1,,0,,0,True,True,True,True,,train,0.0,2.6885977750811696,0.0,3.0,3.3010299956639813,0.7559,1.0,492.09286520709975,1.0,0.0,2.6885977750811696,0.0,0.7559,492.09286520709975,1.0,9.0,1.0,1.0
20260727,875,clean,"baseline (happy path, demo aaa_demo.py M1)",refund_invoice,466.59,globex,0,500.0,2,542.7,1,,0,,0,True,True,True,True,,train,1.0,2.6689354267180043,0.0,2.0,2.6989700043360187,0.06682000000000005,1.0,542.6968008513538,1.0,1.0,2.6689354267180043,0.0,0.06682000000000005,542.6968008513538,1.0,9.0,1.0,1.0
20260727,876,method_not_allowed,mm-ablation:prompt-injected-wire-transfer(L4),wire_transfer,88.01,umbrella,0,5000.0,1,579.61,1,,1,action out of scope,0,True,True,True,True,,train,2.0,1.9445320209919812,0.0,1.0,3.6989700043360187,0.982398,0.0,579.60868420035,1.0,2.0,1.9445320209919812,0.0,0.982398,579.60868420035,1.0,9.0,1.0,1.0
20260727,877,clean,"baseline (happy path, demo aaa_demo.py M1)",pay_invoice,3016.22,px-536,1,5000.0,3,192.58,1,,0,,0,True,True,True,True,,train,0.0,3.4794630153480894,1.0,3.0,3.6989700043360187,0.39675600000000005,1.0,192.5774223324927,1.0,0.0,3.4794630153480894,1.0,0.39675600000000005,192.5774223324927,1.0,9.0,1.0,1.0
20260727,878,over_scope_amount,mm-ablation:over-limit-payment(L4); demo-attacks:2-out-of-scope,pay_invoice,1175.8,initech,0,500.0,2,110.89,1,,1,action out of scope,0,True,True,True,True,,train,0.0,3.070333455853063,0.0,2.0,2.6989700043360187,-1.3516,1.0,110.88872098040804,1.0,0.0,3.070333455853063,0.0,-1.3516,110.88872098040804,1.0,9.0,1.0,1.0
20260727,879,expired_mandate,demo-attacks:4-expired-mandate,pay_invoice,31.16,initech,0,2000.0,1,-519.95,1,,1,mandate invalid: Signature has expired,1,False,True,True,True,mandate-or-binding-invalid,train,0.0,1.4935974490005268,0.0,1.0,3.3010299956639813,0.98442,1.0,-519.9530366505629,1.0,0.0,1.4935974490005268,0.0,0.98442,-519.9530366505629,1.0,9.0,1.0,1.0
20260727,880,nonce_replay_same,"demo-attacks:3-nonce-replay (same-session variant, gate check 5)",pay_invoice,1760.52,px-688,1,2000.0,3,121.52,1,,1,nonce replay,0,True,True,True,True,,train,0.0,3.2456409631411085,1.0,3.0,3.3010299956639813,0.11974000000000001,1.0,121.5208573489825,1.0,0.0,3.2456409631411085,1.0,0.11974000000000001,121.5208573489825,1.0,9.0,1.0,1.0
20260727,881,clean,"baseline (happy path, demo aaa_demo.py M1)",update_ledger,472.02,globex,0,5000.0,2,284.95,1,,0,,0,True,True,True,True,,eval,3.0,2.6739604005527746,0.0,2.0,3.6989700043360187,0.905596,1.0,284.9544251971015,1.0,3.0,2.6739604005527746,0.0,0.905596,284.9544251971015,1.0,9.0,1.0,1.0
20260727,882,clean,"baseline (happy path, demo aaa_demo.py M1)",pay_invoice,4746.08,umbrella,0,5000.0,2,249.21,1,,0,,0,True,True,True,True,,train,0.0,3.6763350544177156,0.0,2.0,3.6989700043360187,0.05078400000000002,1.0,249.2102215046974,1.0,0.0,3.6763350544177156,0.0,0.05078400000000002,249.2102215046974,1.0,9.0,1.0,1.0
20260727,883,clean,"baseline (happy path, demo aaa_demo.py M1)",wire_transfer,327.47,initech,0,5000.0,1,483.37,1,,0,,0,True,True,True,True,,eval,2.0,2.51517151980495,0.0,1.0,3.6989700043360187,0.934506,1.0,483.3656679123333,1.0,2.0,2.51517151980495,0.0,0.934506,483.3656679123333,1.0,9.0,1.0,1.0
20260727,884,tampered_ear,demo-attacks:7-tampered-EAR; eatf-vec:tampered-canonical-bin,refund_invoice,6.18,px-033,1,500.0,3,414.69,1,ear:outcome_sha256,0,,1,True,False,True,True,content-mutated,eval,1.0,0.7909884750888159,1.0,3.0,2.6989700043360187,0.98764,1.0,414.6883134811744,1.0,1.0,0.7909884750888159,1.0,0.98764,414.6883134811744,1.0,9.0,1.0,1.0
20260727,885,clean,"baseline (happy path, demo aaa_demo.py M1)",update_ledger,22.53,acme,0,500.0,3,89.26,1,,0,,0,True,True,True,True,,train,3.0,1.352761191723831,0.0,3.0,2.6989700043360187,0.95494,1.0,89.26320762314927,1.0,3.0,1.352761191723831,0.0,0.95494,89.26320762314927,1.0,9.0,1.0,1.0
20260727,886,clean,"baseline (happy path, demo aaa_demo.py M1)",update_ledger,9.57,globex,0,500.0,1,334.84,1,,0,,0,True,True,True,True,,train,3.0,0.9809119377768436,0.0,1.0,2.6989700043360187,0.9808600000000001,1.0,334.837540183119,1.0,3.0,0.9809119377768436,0.0,0.9808600000000001,334.837540183119,1.0,9.0,1.0,1.0
20260727,887,method_not_allowed,mm-ablation:prompt-injected-wire-transfer(L4),pay_invoice,1551.02,acme,0,5000.0,3,384.96,1,,1,action out of scope,0,True,True,True,True,,train,0.0,3.190617397964241,0.0,3.0,3.6989700043360187,0.689796,0.0,384.9562698768664,1.0,0.0,3.190617397964241,0.0,0.689796,384.9562698768664,1.0,9.0,1.0,1.0
20260727,888,outcome_mutation,eatf-vec:tampered-canonical-bin (content mutated after sealing),update_ledger,513.79,globex,0,5000.0,2,178.11,1,outcome:amount_eur,0,,1,True,False,True,True,content-mutated,train,3.0,2.7107856472501353,0.0,2.0,3.6989700043360187,0.897242,1.0,178.1068363329971,1.0,3.0,2.7107856472501353,0.0,0.897242,178.1068363329971,1.0,9.0,1.0,1.0
20260727,889,untrusted_issuer,eatf-vec:untrusted-issuer; mm-ablation:issuer-not-on-trusted-list(L3),wire_transfer,49.16,acme,0,2000.0,2,218.89,0,,1,issuer not on trusted list,1,False,True,True,True,mandate-or-binding-invalid,eval,2.0,1.6916118742144164,0.0,2.0,3.3010299956639813,0.97542,1.0,218.89183861088733,0.0,2.0,1.6916118742144164,0.0,0.97542,218.89183861088733,0.0,9.0,1.0,1.0
20260727,890,over_scope_amount,mm-ablation:over-limit-payment(L4); demo-attacks:2-out-of-scope,refund_invoice,12635.17,globex,0,5000.0,3,362.41,1,,1,action out of scope,0,True,True,True,True,,train,1.0,4.101581089513966,0.0,3.0,3.6989700043360187,-1.527034,1.0,362.407066338719,1.0,1.0,4.101581089513966,0.0,-1.527034,362.407066338719,1.0,9.0,1.0,1.0
20260727,891,untrusted_sam,demo-attacks:8-untrusted-SAM; eatf-vec:untrusted-issuer (sealer analogue),pay_invoice,34.92,umbrella,0,2000.0,1,553.49,1,,0,,1,True,True,True,False,sealer-not-listed,eval,0.0,1.543074235033532,0.0,1.0,3.3010299956639813,0.98254,1.0,553.4945012653859,1.0,0.0,1.543074235033532,0.0,0.98254,553.4945012653859,1.0,9.0,1.0,1.0
20260727,892,over_scope_amount,mm-ablation:over-limit-payment(L4); demo-attacks:2-out-of-scope,pay_invoice,900.09,initech,0,500.0,3,579.92,1,,1,action out of scope,0,True,True,True,True,,train,0.0,2.9542859367161878,0.0,3.0,2.6989700043360187,-0.8001800000000001,1.0,579.9241057560993,1.0,0.0,2.9542859367161878,0.0,-0.8001800000000001,579.9241057560993,1.0,9.0,1.0,1.0
20260727,893,clean,"baseline (happy path, demo aaa_demo.py M1)",refund_invoice,23.45,umbrella,0,2000.0,1,75.26,1,,0,,0,True,True,True,True,,train,1.0,1.3701428470511021,0.0,1.0,3.3010299956639813,0.988275,1.0,75.26206970388941,1.0,1.0,1.3701428470511021,0.0,0.988275,75.26206970388941,1.0,9.0,1.0,1.0
20260727,894,untrusted_sam,demo-attacks:8-untrusted-SAM; eatf-vec:untrusted-issuer (sealer analogue),update_ledger,416.14,umbrella,0,500.0,2,241.16,1,,0,,1,True,True,True,False,sealer-not-listed,eval,3.0,2.619239462835362,0.0,2.0,2.6989700043360187,0.16772000000000004,1.0,241.1608408033929,1.0,3.0,2.619239462835362,0.0,0.16772000000000004,241.1608408033929,1.0,9.0,1.0,1.0
20260727,895,clean,"baseline (happy path, demo aaa_demo.py M1)",update_ledger,435.25,px-427,1,5000.0,3,370.7,1,,0,,0,True,True,True,True,,train,3.0,2.6387387797893687,1.0,3.0,3.6989700043360187,0.91295,1.0,370.69598810574905,1.0,3.0,2.6387387797893687,1.0,0.91295,370.69598810574905,1.0,9.0,1.0,1.0
20260727,896,tampered_ear,demo-attacks:7-tampered-EAR; eatf-vec:tampered-canonical-bin,update_ledger,33.11,umbrella,0,2000.0,3,547.48,1,ear:outcome_sha256,0,,1,True,False,True,True,content-mutated,train,3.0,1.5199591807520685,0.0,3.0,3.3010299956639813,0.983445,1.0,547.4803482397614,1.0,3.0,1.5199591807520685,0.0,0.983445,547.4803482397614,1.0,9.0,1.0,1.0
20260727,897,untrusted_sam,demo-attacks:8-untrusted-SAM; eatf-vec:untrusted-issuer (sealer analogue),wire_transfer,744.79,umbrella,0,5000.0,2,584.69,1,,0,,1,True,True,True,False,sealer-not-listed,train,2.0,2.872033836912633,0.0,2.0,3.6989700043360187,0.851042,1.0,584.6873680650048,1.0,2.0,2.872033836912633,0.0,0.851042,584.6873680650048,1.0,9.0,1.0,1.0
20260727,898,clean,"baseline (happy path, demo aaa_demo.py M1)",wire_transfer,86.11,globex,0,5000.0,2,595.46,1,,0,,0,True,True,True,True,,train,2.0,1.935053589231065,0.0,2.0,3.6989700043360187,0.982778,1.0,595.4644587530981,1.0,2.0,1.935053589231065,0.0,0.982778,595.4644587530981,1.0,9.0,1.0,1.0
20260727,899,over_scope_amount,mm-ablation:over-limit-payment(L4); demo-attacks:2-out-of-scope,update_ledger,12505.65,px-396,1,5000.0,1,381.42,1,,1,action out of scope,0,True,True,True,True,,train,3.0,4.097106269763191,1.0,1.0,3.6989700043360187,-1.5011299999999999,1.0,381.42208674565273,1.0,3.0,4.097106269763191,1.0,-1.5011299999999999,381.42208674565273,1.0,9.0,1.0,1.0
20260727,900,clean,"baseline (happy path, demo aaa_demo.py M1)",wire_transfer,692.64,globex,0,20000.0,1,403.17,1,,0,,0,True,True,True,True,,eval,2.0,2.8405075684690813,0.0,1.0,4.301029995663981,0.965368,1.0,403.1741834559233,1.0,2.0,2.8405075684690813,0.0,0.965368,403.1741834559233,1.0,9.0,1.0,1.0
20260727,901,clean,"baseline (happy path, demo aaa_demo.py M1)",refund_invoice,962.08,globex,0,5000.0,3,136.67,1,,0,,0,True,True,True,True,,eval,1.0,2.983211186501424,0.0,3.0,3.6989700043360187,0.807584,1.0,136.6713377512418,1.0,1.0,2.983211186501424,0.0,0.807584,136.6713377512418,1.0,9.0,1.0,1.0
20260727,902,expired_mandate,demo-attacks:4-expired-mandate,wire_transfer,397.77,globex,0,5000.0,3,-26.95,1,,1,mandate invalid: Signature has expired,1,False,True,True,True,mandate-or-binding-invalid,train,2.0,2.5996320253299823,0.0,3.0,3.6989700043360187,0.9204459999999999,1.0,-26.954772691095172,1.0,2.0,2.5996320253299823,0.0,0.9204459999999999,-26.954772691095172,1.0,9.0,1.0,1.0
20260727,903,clean,"baseline (happy path, demo aaa_demo.py M1)",pay_invoice,136.22,initech,0,5000.0,1,491.31,1,,0,,0,True,True,True,True,,train,0.0,2.13424087594659,0.0,1.0,3.6989700043360187,0.972756,1.0,491.30799984893184,1.0,0.0,2.13424087594659,0.0,0.972756,491.30799984893184,1.0,9.0,1.0,1.0
20260727,904,method_not_allowed,mm-ablation:prompt-injected-wire-transfer(L4),refund_invoice,349.46,px-785,1,2000.0,3,236.23,1,,1,action out of scope,0,True,True,True,True,,train,1.0,2.5433974725754194,1.0,3.0,3.3010299956639813,0.82527,0.0,236.22929436664992,1.0,1.0,2.5433974725754194,1.0,0.82527,236.22929436664992,1.0,9.0,1.0,1.0
20260727,905,dtbs_field_tamper,demo-m2:binding-tamper-fuzz(7 fields); eatf-vec:tampered-metadata; eatf-vec:tampered-overt-receipt,pay_invoice,185.5,initech,0,2000.0,3,520.13,1,dtbs:bind_ver,0,,1,True,True,False,True,seal-invalid,train,0.0,2.268343913951065,0.0,3.0,3.3010299956639813,0.90725,1.0,520.1294520417039,1.0,0.0,2.268343913951065,0.0,0.90725,520.1294520417039,1.0,9.0,1.0,1.0
20260727,906,expired_mandate,demo-attacks:4-expired-mandate,wire_transfer,189.85,globex,0,500.0,1,-255.56,1,,1,mandate invalid: Signature has expired,1,False,True,True,True,mandate-or-binding-invalid,train,2.0,2.278410601475816,0.0,1.0,2.6989700043360187,0.6203,1.0,-255.5623240499209,1.0,2.0,2.278410601475816,0.0,0.6203,-255.5623240499209,1.0,9.0,1.0,1.0
20260727,907,clean,"baseline (happy path, demo aaa_demo.py M1)",wire_transfer,577.34,initech,0,20000.0,3,340.26,1,,0,,0,True,True,True,True,,eval,2.0,2.761431647880539,0.0,3.0,4.301029995663981,0.971133,1.0,340.25875168229106,1.0,2.0,2.761431647880539,0.0,0.971133,340.25875168229106,1.0,9.0,1.0,1.0
20260727,908,forged_credential_sig,mm-ablation:forged-altered-credential(L1); eatf-vec:bad-signature-classical,update_ledger,71.89,initech,0,5000.0,1,583.68,1,,1,mandate invalid: Signature verification failed,1,False,True,True,True,mandate-or-binding-invalid,train,3.0,1.856668483611535,0.0,1.0,3.6989700043360187,0.9856219999999999,1.0,583.6825667973034,1.0,3.0,1.856668483611535,0.0,0.9856219999999999,583.6825667973034,1.0,9.0,1.0,1.0
20260727,909,stale_attestation,mm-ablation:replayed-stale-attestation(L2),wire_transfer,63.8,px-148,1,2000.0,2,512.8,1,,1,execution not affirming,1,True,False,True,True,content-mutated,train,2.0,1.8048206787211623,1.0,2.0,3.3010299956639813,0.9681000000000001,1.0,512.8014454287559,1.0,2.0,1.8048206787211623,1.0,0.9681000000000001,512.8014454287559,1.0,9.0,1.0,0.0
20260727,910,clean,"baseline (happy path, demo aaa_demo.py M1)",wire_transfer,11186.63,globex,0,20000.0,1,68.94,1,,0,,0,True,True,True,True,,train,2.0,4.048699273942623,0.0,1.0,4.301029995663981,0.4406685,1.0,68.94024661945119,1.0,2.0,4.048699273942623,0.0,0.4406685,68.94024661945119,1.0,9.0,1.0,1.0
20260727,911,clean,"baseline (happy path, demo aaa_demo.py M1)",pay_invoice,87.71,px-890,1,5000.0,3,548.98,1,,0,,0,True,True,True,True,,train,0.0,1.9430491110084067,1.0,3.0,3.6989700043360187,0.9824579999999999,1.0,548.9846204080264,1.0,0.0,1.9430491110084067,1.0,0.9824579999999999,548.9846204080264,1.0,9.0,1.0,1.0
20260727,912,method_not_allowed,mm-ablation:prompt-injected-wire-transfer(L4),refund_invoice,168.74,initech,0,2000.0,3,392.92,1,,1,action out of scope,0,True,True,True,True,,train,1.0,2.2272180447711873,0.0,3.0,3.3010299956639813,0.9156299999999999,0.0,392.92467157199866,1.0,1.0,2.2272180447711873,0.0,0.9156299999999999,392.92467157199866,1.0,9.0,1.0,1.0
20260727,913,over_scope_amount,mm-ablation:over-limit-payment(L4); demo-attacks:2-out-of-scope,refund_invoice,1250.66,initech,0,500.0,3,171.69,1,,1,action out of scope,0,True,True,True,True,,eval,1.0,3.0971392599786256,0.0,3.0,2.6989700043360187,-1.5013200000000002,1.0,171.69124652480005,1.0,1.0,3.0971392599786256,0.0,-1.5013200000000002,171.69124652480005,1.0,9.0,1.0,1.0
20260727,914,forged_credential_sig,mm-ablation:forged-altered-credential(L1); eatf-vec:bad-signature-classical,wire_transfer,410.8,globex,0,20000.0,1,356.43,1,,1,mandate invalid: Signature verification failed,1,False,True,True,True,mandate-or-binding-invalid,train,2.0,2.6136304349252404,0.0,1.0,4.301029995663981,0.97946,1.0,356.42969838926035,1.0,2.0,2.6136304349252404,0.0,0.97946,356.42969838926035,1.0,9.0,1.0,1.0
20260727,915,clean,"baseline (happy path, demo aaa_demo.py M1)",refund_invoice,170.5,initech,0,5000.0,2,155.65,1,,0,,0,True,True,True,True,,train,1.0,2.2317243833285163,0.0,2.0,3.6989700043360187,0.9659,1.0,155.65111050077246,1.0,1.0,2.2317243833285163,0.0,0.9659,155.65111050077246,1.0,9.0,1.0,1.0
20260727,916,clean,"baseline (happy path, demo aaa_demo.py M1)",update_ledger,652.6,globex,0,20000.0,3,232.51,1,,0,,0,True,True,True,True,,train,3.0,2.814647069451856,0.0,3.0,4.301029995663981,0.9673700000000001,1.0,232.50963710401925,1.0,3.0,2.814647069451856,0.0,0.9673700000000001,232.50963710401925,1.0,9.0,1.0,1.0
20260727,917,nonce_replay_same,"demo-attacks:3-nonce-replay (same-session variant, gate check 5)",refund_invoice,219.36,globex,0,500.0,2,33.27,1,,1,nonce replay,0,True,True,True,True,,train,1.0,2.3411574374454376,0.0,2.0,2.6989700043360187,0.56128,1.0,33.27150752287985,1.0,1.0,2.3411574374454376,0.0,0.56128,33.27150752287985,1.0,9.0,1.0,1.0
20260727,918,expired_mandate,demo-attacks:4-expired-mandate,refund_invoice,90.97,umbrella,0,500.0,1,-310.44,1,,1,mandate invalid: Signature has expired,1,False,True,True,True,mandate-or-binding-invalid,eval,1.0,1.9588981947107718,0.0,1.0,2.6989700043360187,0.8180599999999999,1.0,-310.4366074878027,1.0,1.0,1.9588981947107718,0.0,0.8180599999999999,-310.4366074878027,1.0,9.0,1.0,1.0
20260727,919,clean,"baseline (happy path, demo aaa_demo.py M1)",refund_invoice,245.9,acme,0,5000.0,2,468.73,1,,0,,0,True,True,True,True,,eval,1.0,2.390758528738717,0.0,2.0,3.6989700043360187,0.9508200000000001,1.0,468.7328128893265,1.0,1.0,2.390758528738717,0.0,0.9508200000000001,468.7328128893265,1.0,9.0,1.0,1.0
20260727,920,untrusted_sam,demo-attacks:8-untrusted-SAM; eatf-vec:untrusted-issuer (sealer analogue),pay_invoice,2469.0,px-358,1,20000.0,2,427.02,1,,0,,1,True,True,True,False,sealer-not-listed,eval,0.0,3.3925210899319325,1.0,2.0,4.301029995663981,0.87655,1.0,427.0228491585624,1.0,0.0,3.3925210899319325,1.0,0.87655,427.0228491585624,1.0,9.0,1.0,1.0
20260727,921,method_not_allowed,mm-ablation:prompt-injected-wire-transfer(L4),pay_invoice,12784.99,umbrella,0,20000.0,1,201.33,1,,1,action out of scope,0,True,True,True,True,,eval,0.0,4.106700392671582,0.0,1.0,4.301029995663981,0.36075050000000003,0.0,201.33097339172906,1.0,0.0,4.106700392671582,0.0,0.36075050000000003,201.33097339172906,1.0,9.0,1.0,1.0
20260727,922,clean,"baseline (happy path, demo aaa_demo.py M1)",refund_invoice,305.71,px-623,1,500.0,2,456.41,1,,0,,0,True,True,True,True,,train,1.0,2.4853096450518586,1.0,2.0,2.6989700043360187,0.38858000000000004,1.0,456.40761458256065,1.0,1.0,2.4853096450518586,1.0,0.38858000000000004,456.40761458256065,1.0,9.0,1.0,1.0
20260727,923,clean,"baseline (happy path, demo aaa_demo.py M1)",update_ledger,14.51,initech,0,500.0,1,397.78,1,,0,,0,True,True,True,True,,train,3.0,1.161667412437736,0.0,1.0,2.6989700043360187,0.9709800000000001,1.0,397.7762675255627,1.0,3.0,1.161667412437736,0.0,0.9709800000000001,397.7762675255627,1.0,9.0,1.0,1.0
20260727,924,clean,"baseline (happy path, demo aaa_demo.py M1)",refund_invoice,110.62,globex,0,5000.0,2,199.76,1,,0,,0,True,True,True,True,,train,1.0,2.043833654133147,0.0,2.0,3.6989700043360187,0.977876,1.0,199.75871632625928,1.0,1.0,2.043833654133147,0.0,0.977876,199.75871632625928,1.0,9.0,1.0,1.0
20260727,925,expired_mandate,demo-attacks:4-expired-mandate,refund_invoice,9785.09,globex,0,20000.0,3,-515.23,1,,1,mandate invalid: Signature has expired,1,False,True,True,True,mandate-or-binding-invalid,train,1.0,3.990564824508442,0.0,3.0,4.301029995663981,0.5107455,1.0,-515.2340206534274,1.0,1.0,3.990564824508442,0.0,0.5107455,-515.2340206534274,1.0,9.0,1.0,1.0
20260727,926,clean,"baseline (happy path, demo aaa_demo.py M1)",refund_invoice,1793.49,initech,0,5000.0,2,307.77,1,,0,,0,True,True,True,True,,train,1.0,3.2536989595138386,0.0,2.0,3.6989700043360187,0.641302,1.0,307.7692163576273,1.0,1.0,3.2536989595138386,0.0,0.641302,307.7692163576273,1.0,9.0,1.0,1.0
20260727,927,forged_credential_sig,mm-ablation:forged-altered-credential(L1); eatf-vec:bad-signature-classical,refund_invoice,20.4,px-898,1,2000.0,1,554.29,1,,1,mandate invalid: Signature verification failed,1,False,True,True,True,mandate-or-binding-invalid,train,1.0,1.3096301674258988,1.0,1.0,3.3010299956639813,0.9897999999999999,1.0,554.2872511606072,1.0,1.0,1.3096301674258988,1.0,0.9897999999999999,554.2872511606072,1.0,9.0,1.0,1.0
20260727,928,clean,"baseline (happy path, demo aaa_demo.py M1)",update_ledger,5604.8,acme,0,20000.0,3,251.76,1,,0,,0,True,True,True,True,,eval,3.0,3.748560119973617,0.0,3.0,4.301029995663981,0.7197600000000001,1.0,251.76320610650725,1.0,3.0,3.748560119973617,0.0,0.7197600000000001,251.76320610650725,1.0,9.0,1.0,1.0
20260727,929,clean,"baseline (happy path, demo aaa_demo.py M1)",pay_invoice,11411.67,px-647,1,20000.0,3,262.87,1,,0,,0,True,True,True,True,,train,0.0,4.057349204340523,1.0,3.0,4.301029995663981,0.4294165,1.0,262.8714507714712,1.0,0.0,4.057349204340523,1.0,0.4294165,262.8714507714712,1.0,9.0,1.0,1.0
20260727,930,forged_seal,demo-attacks:6-forged-seal; eatf-vec:bad-signature-classical,refund_invoice,297.8,px-227,1,500.0,3,226.91,1,seal-signature-byte,0,,1,True,True,False,True,seal-invalid,train,1.0,2.473924693416157,1.0,3.0,2.6989700043360187,0.4044,1.0,226.90590249110795,1.0,1.0,2.473924693416157,1.0,0.4044,226.90590249110795,1.0,9.0,1.0,1.0
20260727,931,forged_credential_sig,mm-ablation:forged-altered-credential(L1); eatf-vec:bad-signature-classical,wire_transfer,1217.6,umbrella,0,20000.0,2,188.04,1,,1,mandate invalid: Signature verification failed,1,False,True,True,True,mandate-or-binding-invalid,train,2.0,3.0855046394264978,0.0,2.0,4.301029995663981,0.9391200000000001,1.0,188.03935311026484,1.0,2.0,3.0855046394264978,0.0,0.9391200000000001,188.03935311026484,1.0,9.0,1.0,1.0
20260727,932,payee_swap_action_hash,mm-ablation:payee-swapped-after-approval(L4); demo-attacks:1-action-hash-mismatch; demo-m2:confused-deputy,update_ledger,25.98,px-397,1,2000.0,2,156.19,1,,1,action_hash mismatch,1,False,True,True,True,mandate-or-binding-invalid,eval,3.0,1.414639146737009,1.0,2.0,3.3010299956639813,0.9870099999999999,1.0,156.19123313414596,1.0,3.0,1.414639146737009,1.0,0.9870099999999999,156.19123313414596,1.0,9.0,1.0,1.0
20260727,933,forged_seal,demo-attacks:6-forged-seal; eatf-vec:bad-signature-classical,update_ledger,556.98,px-853,1,2000.0,1,494.81,1,seal-signature-byte,0,,1,True,True,False,True,seal-invalid,train,3.0,2.7458396008369563,1.0,1.0,3.3010299956639813,0.72151,1.0,494.80739813028663,1.0,3.0,2.7458396008369563,1.0,0.72151,494.80739813028663,1.0,9.0,1.0,1.0
20260727,934,nonce_replay_cross,demo-attacks:3-nonce-replay (cross-session variant),pay_invoice,946.41,px-988,1,5000.0,1,116.24,1,,1,mandate invalid: KB-JWT nonce mismatch,1,False,False,False,True,mandate-or-binding-invalid,eval,0.0,2.9760793205060474,1.0,1.0,3.6989700043360187,0.810718,1.0,116.23685489184511,1.0,0.0,2.9760793205060474,1.0,0.810718,116.23685489184511,1.0,9.0,0.0,0.0
20260727,935,clean,"baseline (happy path, demo aaa_demo.py M1)",refund_invoice,681.75,px-907,1,20000.0,3,481.56,1,,0,,0,True,True,True,True,,eval,1.0,2.8336251466136675,1.0,3.0,4.301029995663981,0.9659125,1.0,481.5580160969355,1.0,1.0,2.8336251466136675,1.0,0.9659125,481.5580160969355,1.0,9.0,1.0,1.0
20260727,936,dtbs_field_tamper,demo-m2:binding-tamper-fuzz(7 fields); eatf-vec:tampered-metadata; eatf-vec:tampered-overt-receipt,pay_invoice,128.35,umbrella,0,2000.0,3,147.07,1,dtbs:action_hash,0,,1,True,True,False,True,seal-invalid,eval,0.0,2.108395873007462,0.0,3.0,3.3010299956639813,0.935825,1.0,147.07242829535272,1.0,0.0,2.108395873007462,0.0,0.935825,147.07242829535272,1.0,9.0,1.0,1.0
20260727,937,forged_credential_sig,mm-ablation:forged-altered-credential(L1); eatf-vec:bad-signature-classical,update_ledger,120.63,initech,0,2000.0,3,418.2,1,,1,mandate invalid: Signature verification failed,1,False,True,True,True,mandate-or-binding-invalid,train,3.0,2.0814553278225736,0.0,3.0,3.3010299956639813,0.939685,1.0,418.201301528955,1.0,3.0,2.0814553278225736,0.0,0.939685,418.201301528955,1.0,9.0,1.0,1.0
20260727,938,method_not_allowed,mm-ablation:prompt-injected-wire-transfer(L4),pay_invoice,43.89,globex,0,2000.0,2,57.1,1,,1,action out of scope,0,True,True,True,True,,train,0.0,1.6423655808449733,0.0,2.0,3.3010299956639813,0.9780549999999999,0.0,57.10194895776873,1.0,0.0,1.6423655808449733,0.0,0.9780549999999999,57.10194895776873,1.0,9.0,1.0,1.0
20260727,939,untrusted_sam,demo-attacks:8-untrusted-SAM; eatf-vec:untrusted-issuer (sealer analogue),wire_transfer,130.58,acme,0,5000.0,2,591.18,1,,0,,1,True,True,True,False,sealer-not-listed,eval,2.0,2.1158766642684443,0.0,2.0,3.6989700043360187,0.973884,1.0,591.1758315765825,1.0,2.0,2.1158766642684443,0.0,0.973884,591.1758315765825,1.0,9.0,1.0,1.0
20260727,940,payee_swap_action_hash,mm-ablation:payee-swapped-after-approval(L4); demo-attacks:1-action-hash-mismatch; demo-m2:confused-deputy,wire_transfer,676.69,initech,0,20000.0,3,551.65,1,,1,action_hash mismatch,1,False,True,True,True,mandate-or-binding-invalid,train,2.0,2.830389758607145,0.0,3.0,4.301029995663981,0.9661655,1.0,551.6533493426692,1.0,2.0,2.830389758607145,0.0,0.9661655,551.6533493426692,1.0,9.0,1.0,1.0
20260727,941,clean,"baseline (happy path, demo aaa_demo.py M1)",refund_invoice,15445.45,initech,0,20000.0,2,138.31,1,,0,,0,True,True,True,True,,eval,1.0,4.188800565901949,0.0,2.0,4.301029995663981,0.22772749999999997,1.0,138.31368032486506,1.0,1.0,4.188800565901949,0.0,0.22772749999999997,138.31368032486506,1.0,9.0,1.0,1.0
20260727,942,clean,"baseline (happy path, demo aaa_demo.py M1)",pay_invoice,7.19,acme,0,500.0,1,471.11,1,,0,,0,True,True,True,True,,eval,0.0,0.8567288903828826,0.0,1.0,2.6989700043360187,0.98562,1.0,471.1096912408751,1.0,0.0,0.8567288903828826,0.0,0.98562,471.1096912408751,1.0,9.0,1.0,1.0
20260727,943,over_scope_amount,mm-ablation:over-limit-payment(L4); demo-attacks:2-out-of-scope,update_ledger,514.97,acme,0,500.0,1,468.29,1,,1,action out of scope,0,True,True,True,True,,train,3.0,2.711781929596623,0.0,1.0,2.6989700043360187,-0.029940000000000053,1.0,468.2928301933591,1.0,3.0,2.711781929596623,0.0,-0.029940000000000053,468.2928301933591,1.0,9.0,1.0,1.0
20260727,944,clean,"baseline (happy path, demo aaa_demo.py M1)",pay_invoice,10.27,acme,0,500.0,1,142.19,1,,0,,0,True,True,True,True,,eval,0.0,1.011570443597278,0.0,1.0,2.6989700043360187,0.97946,1.0,142.19238560700498,1.0,0.0,1.011570443597278,0.0,0.97946,142.19238560700498,1.0,9.0,1.0,1.0
20260727,945,clean,"baseline (happy path, demo aaa_demo.py M1)",wire_transfer,3235.74,umbrella,0,5000.0,1,524.56,1,,0,,0,True,True,True,True,,train,2.0,3.509973617667756,0.0,1.0,3.6989700043360187,0.35285200000000005,1.0,524.5558663578777,1.0,2.0,3.509973617667756,0.0,0.35285200000000005,524.5558663578777,1.0,9.0,1.0,1.0
20260727,946,method_not_allowed,mm-ablation:prompt-injected-wire-transfer(L4),update_ledger,13.91,initech,0,500.0,1,233.89,1,,1,action out of scope,0,True,True,True,True,,train,3.0,1.1433271299920464,0.0,1.0,2.6989700043360187,0.9721799999999999,0.0,233.88753292144034,1.0,3.0,1.1433271299920464,0.0,0.9721799999999999,233.88753292144034,1.0,9.0,1.0,1.0
20260727,947,forged_seal,demo-attacks:6-forged-seal; eatf-vec:bad-signature-classical,update_ledger,28.19,globex,0,500.0,1,157.81,1,seal-signature-byte,0,,1,True,True,False,True,seal-invalid,eval,3.0,1.4500950758716025,0.0,1.0,2.6989700043360187,0.94362,1.0,157.80953242889723,1.0,3.0,1.4500950758716025,0.0,0.94362,157.80953242889723,1.0,9.0,1.0,1.0
20260727,948,clean,"baseline (happy path, demo aaa_demo.py M1)",update_ledger,12611.18,acme,0,20000.0,3,300.41,1,,0,,0,True,True,True,True,,train,3.0,4.10075572444086,0.0,3.0,4.301029995663981,0.36944099999999996,1.0,300.4145611978744,1.0,3.0,4.10075572444086,0.0,0.36944099999999996,300.4145611978744,1.0,9.0,1.0,1.0
20260727,949,tampered_ear,demo-attacks:7-tampered-EAR; eatf-vec:tampered-canonical-bin,refund_invoice,31.51,umbrella,0,500.0,1,168.85,1,ear:quote_sig,0,,1,True,False,True,True,content-mutated,train,1.0,1.4984484031739997,0.0,1.0,2.6989700043360187,0.93698,1.0,168.84802803079768,1.0,1.0,1.4984484031739997,0.0,0.93698,168.84802803079768,1.0,9.0,1.0,1.0
20260727,950,clean,"baseline (happy path, demo aaa_demo.py M1)",pay_invoice,2334.27,umbrella,0,5000.0,1,594.75,1,,0,,0,True,True,True,True,,train,0.0,3.3681510885252357,0.0,1.0,3.6989700043360187,0.533146,1.0,594.7452450455427,1.0,0.0,3.3681510885252357,0.0,0.533146,594.7452450455427,1.0,9.0,1.0,1.0
20260727,951,clean,"baseline (happy path, demo aaa_demo.py M1)",wire_transfer,3427.49,acme,0,20000.0,3,235.31,1,,0,,0,True,True,True,True,,train,2.0,3.534976196371498,0.0,3.0,4.301029995663981,0.8286255000000001,1.0,235.30693537953962,1.0,2.0,3.534976196371498,0.0,0.8286255000000001,235.30693537953962,1.0,9.0,1.0,1.0
20260727,952,method_not_allowed,mm-ablation:prompt-injected-wire-transfer(L4),pay_invoice,26.98,globex,0,2000.0,3,223.89,1,,1,action out of scope,0,True,True,True,True,,train,0.0,1.4310419453358856,0.0,3.0,3.3010299956639813,0.98651,0.0,223.88826426716707,1.0,0.0,1.4310419453358856,0.0,0.98651,223.88826426716707,1.0,9.0,1.0,1.0
20260727,953,method_not_allowed,mm-ablation:prompt-injected-wire-transfer(L4),wire_transfer,2111.91,px-534,1,5000.0,3,313.14,1,,1,action out of scope,0,True,True,True,True,,train,2.0,3.3246754066003144,1.0,3.0,3.6989700043360187,0.5776180000000001,0.0,313.14294321927235,1.0,2.0,3.3246754066003144,1.0,0.5776180000000001,313.14294321927235,1.0,9.0,1.0,1.0
20260727,954,tampered_ear,demo-attacks:7-tampered-EAR; eatf-vec:tampered-canonical-bin,update_ledger,91.72,acme,0,5000.0,1,591.25,1,ear:outcome_sha256,0,,1,True,False,True,True,content-mutated,eval,3.0,1.9624640460579013,0.0,1.0,3.6989700043360187,0.981656,1.0,591.2539549404667,1.0,3.0,1.9624640460579013,0.0,0.981656,591.2539549404667,1.0,9.0,1.0,1.0
20260727,955,over_scope_amount,mm-ablation:over-limit-payment(L4); demo-attacks:2-out-of-scope,pay_invoice,2968.8,acme,0,2000.0,2,163.96,1,,1,action out of scope,0,True,True,True,True,,train,0.0,3.472580941340727,0.0,2.0,3.3010299956639813,-0.4844000000000001,1.0,163.95980754252386,1.0,0.0,3.472580941340727,0.0,-0.4844000000000001,163.95980754252386,1.0,9.0,1.0,1.0
20260727,956,over_scope_amount,mm-ablation:over-limit-payment(L4); demo-attacks:2-out-of-scope,refund_invoice,2444.04,globex,0,2000.0,2,420.5,1,,1,action out of scope,0,True,True,True,True,,train,1.0,3.3881083094416784,0.0,2.0,3.3010299956639813,-0.22202,1.0,420.4964923158574,1.0,1.0,3.3881083094416784,0.0,-0.22202,420.4964923158574,1.0,9.0,1.0,1.0
20260727,957,clean,"baseline (happy path, demo aaa_demo.py M1)",pay_invoice,5.59,acme,0,500.0,2,239.74,1,,0,,0,True,True,True,True,,train,0.0,0.7474118078864233,0.0,2.0,2.6989700043360187,0.98882,1.0,239.74381016324824,1.0,0.0,0.7474118078864233,0.0,0.98882,239.74381016324824,1.0,9.0,1.0,1.0
20260727,958,over_scope_amount,mm-ablation:over-limit-payment(L4); demo-attacks:2-out-of-scope,update_ledger,22767.12,acme,0,20000.0,2,142.68,1,,1,action out of scope,0,True,True,True,True,,train,3.0,4.357308096613627,0.0,2.0,4.301029995663981,-0.13835599999999995,1.0,142.68167789240994,1.0,3.0,4.357308096613627,0.0,-0.13835599999999995,142.68167789240994,1.0,9.0,1.0,1.0
20260727,959,untrusted_sam,demo-attacks:8-untrusted-SAM; eatf-vec:untrusted-issuer (sealer analogue),update_ledger,350.39,globex,0,500.0,2,49.83,1,,0,,1,True,True,True,False,sealer-not-listed,eval,3.0,2.5445517030702685,0.0,2.0,2.6989700043360187,0.29922000000000004,1.0,49.82625570349984,1.0,3.0,2.5445517030702685,0.0,0.29922000000000004,49.82625570349984,1.0,9.0,1.0,1.0
20260727,960,clean,"baseline (happy path, demo aaa_demo.py M1)",refund_invoice,9670.77,px-844,1,20000.0,1,37.16,1,,0,,0,True,True,True,True,,train,1.0,3.985461054583286,1.0,1.0,4.301029995663981,0.5164615,1.0,37.16133143333923,1.0,1.0,3.985461054583286,1.0,0.5164615,37.16133143333923,1.0,9.0,1.0,1.0
20260727,961,clean,"baseline (happy path, demo aaa_demo.py M1)",update_ledger,6017.63,initech,0,20000.0,1,515.3,1,,0,,0,True,True,True,True,,train,3.0,3.7794254811943135,0.0,1.0,4.301029995663981,0.6991185,1.0,515.297206474218,1.0,3.0,3.7794254811943135,0.0,0.6991185,515.297206474218,1.0,9.0,1.0,1.0
20260727,962,clean,"baseline (happy path, demo aaa_demo.py M1)",update_ledger,22.66,px-102,1,500.0,2,300.66,1,,0,,0,True,True,True,True,,train,3.0,1.3552599055273784,1.0,2.0,2.6989700043360187,0.95468,1.0,300.6567490947787,1.0,3.0,1.3552599055273784,1.0,0.95468,300.6567490947787,1.0,9.0,1.0,1.0
20260727,963,untrusted_sam,demo-attacks:8-untrusted-SAM; eatf-vec:untrusted-issuer (sealer analogue),wire_transfer,1138.79,umbrella,0,2000.0,3,214.13,1,,0,,1,True,True,True,False,sealer-not-listed,train,2.0,3.056443644843123,0.0,3.0,3.3010299956639813,0.430605,1.0,214.13412793679694,1.0,2.0,3.056443644843123,0.0,0.430605,214.13412793679694,1.0,9.0,1.0,1.0
20260727,964,untrusted_issuer,eatf-vec:untrusted-issuer; mm-ablation:issuer-not-on-trusted-list(L3),update_ledger,7.78,acme,0,500.0,2,333.23,0,,1,issuer not on trusted list,1,False,True,True,True,mandate-or-binding-invalid,eval,3.0,0.890979596989689,0.0,2.0,2.6989700043360187,0.9844400000000001,1.0,333.22935089293264,0.0,3.0,0.890979596989689,0.0,0.9844400000000001,333.22935089293264,0.0,9.0,1.0,1.0
20260727,965,nonce_replay_same,"demo-attacks:3-nonce-replay (same-session variant, gate check 5)",wire_transfer,100.63,px-664,1,2000.0,1,233.36,1,,1,nonce replay,0,True,True,True,True,,train,2.0,2.0027274726898296,1.0,1.0,3.3010299956639813,0.9496849999999999,1.0,233.36378394960175,1.0,2.0,2.0027274726898296,1.0,0.9496849999999999,233.36378394960175,1.0,9.0,1.0,1.0
20260727,966,stale_attestation,mm-ablation:replayed-stale-attestation(L2),update_ledger,57.76,px-545,1,500.0,3,81.69,1,,1,execution not affirming,1,True,False,True,True,content-mutated,train,3.0,1.7616271845615827,1.0,3.0,2.6989700043360187,0.88448,1.0,81.68835408964954,1.0,3.0,1.7616271845615827,1.0,0.88448,81.68835408964954,1.0,9.0,1.0,0.0
20260727,967,over_scope_amount,mm-ablation:over-limit-payment(L4); demo-attacks:2-out-of-scope,wire_transfer,1364.77,umbrella,0,500.0,2,560.62,1,,1,action out of scope,0,True,True,True,True,,eval,2.0,3.135059467386128,0.0,2.0,2.6989700043360187,-1.7295399999999999,1.0,560.6163449954715,1.0,2.0,3.135059467386128,0.0,-1.7295399999999999,560.6163449954715,1.0,9.0,1.0,1.0
20260727,968,wrong_holder_key,demo-attacks:5-wrong-holder-key,refund_invoice,70.87,initech,0,5000.0,2,255.32,1,,1,mandate invalid: Signature verification failed,1,False,True,True,True,mandate-or-binding-invalid,train,1.0,1.8504624327615167,0.0,2.0,3.6989700043360187,0.985826,1.0,255.3242326114307,1.0,1.0,1.8504624327615167,0.0,0.985826,255.3242326114307,1.0,9.0,1.0,1.0
20260727,969,forged_credential_sig,mm-ablation:forged-altered-credential(L1); eatf-vec:bad-signature-classical,wire_transfer,2791.62,px-374,1,5000.0,1,108.07,1,,1,mandate invalid: Signature verification failed,1,False,True,True,True,mandate-or-binding-invalid,train,2.0,3.4458563010804846,1.0,1.0,3.6989700043360187,0.441676,1.0,108.07070035930468,1.0,2.0,3.4458563010804846,1.0,0.441676,108.07070035930468,1.0,9.0,1.0,1.0
20260727,970,clean,"baseline (happy path, demo aaa_demo.py M1)",pay_invoice,96.57,px-299,1,500.0,1,283.91,1,,0,,0,True,True,True,True,,train,0.0,1.9848422314052758,1.0,1.0,2.6989700043360187,0.80686,1.0,283.9083665148304,1.0,0.0,1.9848422314052758,1.0,0.80686,283.9083665148304,1.0,9.0,1.0,1.0
20260727,971,dtbs_field_tamper,demo-m2:binding-tamper-fuzz(7 fields); eatf-vec:tampered-metadata; eatf-vec:tampered-overt-receipt,update_ledger,236.02,globex,0,5000.0,3,429.68,1,dtbs:action_hash,0,,1,True,True,False,True,seal-invalid,eval,3.0,2.3729488060277877,0.0,3.0,3.6989700043360187,0.9527959999999999,1.0,429.6814634814274,1.0,3.0,2.3729488060277877,0.0,0.9527959999999999,429.6814634814274,1.0,9.0,1.0,1.0
20260727,972,clean,"baseline (happy path, demo aaa_demo.py M1)",update_ledger,18.07,px-348,1,500.0,2,477.08,1,,0,,0,True,True,True,True,,train,3.0,1.256958152560932,1.0,2.0,2.6989700043360187,0.96386,1.0,477.08498592205837,1.0,3.0,1.256958152560932,1.0,0.96386,477.08498592205837,1.0,9.0,1.0,1.0
20260727,973,clean,"baseline (happy path, demo aaa_demo.py M1)",wire_transfer,59.34,acme,0,2000.0,3,419.41,1,,0,,0,True,True,True,True,,eval,2.0,1.7733475419808231,0.0,3.0,3.3010299956639813,0.97033,1.0,419.4077296708551,1.0,2.0,1.7733475419808231,0.0,0.97033,419.4077296708551,1.0,9.0,1.0,1.0
20260727,974,clean,"baseline (happy path, demo aaa_demo.py M1)",wire_transfer,5337.51,initech,0,20000.0,3,73.15,1,,0,,0,True,True,True,True,,eval,2.0,3.7273387016987947,0.0,3.0,4.301029995663981,0.7331245,1.0,73.14597126164861,1.0,2.0,3.7273387016987947,0.0,0.7331245,73.14597126164861,1.0,9.0,1.0,1.0
20260727,975,clean,"baseline (happy path, demo aaa_demo.py M1)",update_ledger,305.7,umbrella,0,5000.0,3,328.8,1,,0,,0,True,True,True,True,,train,3.0,2.4852954387260886,0.0,3.0,3.6989700043360187,0.93886,1.0,328.803967828189,1.0,3.0,2.4852954387260886,0.0,0.93886,328.803967828189,1.0,9.0,1.0,1.0
20260727,976,clean,"baseline (happy path, demo aaa_demo.py M1)",pay_invoice,35.43,umbrella,0,500.0,1,580.31,1,,0,,0,True,True,True,True,,train,0.0,1.5493711523331772,0.0,1.0,2.6989700043360187,0.92914,1.0,580.313555244336,1.0,0.0,1.5493711523331772,0.0,0.92914,580.313555244336,1.0,9.0,1.0,1.0
20260727,977,tampered_ear,demo-attacks:7-tampered-EAR; eatf-vec:tampered-canonical-bin,update_ledger,172.16,umbrella,0,2000.0,1,409.39,1,ear:outcome_sha256,0,,1,True,False,True,True,content-mutated,train,3.0,2.235932253986295,0.0,1.0,3.3010299956639813,0.91392,1.0,409.3865410710302,1.0,3.0,2.235932253986295,0.0,0.91392,409.3865410710302,1.0,9.0,1.0,1.0
20260727,978,clean,"baseline (happy path, demo aaa_demo.py M1)",pay_invoice,240.47,umbrella,0,5000.0,3,177.7,1,,0,,0,True,True,True,True,,train,0.0,2.3810609033828904,0.0,3.0,3.6989700043360187,0.9519059999999999,1.0,177.69729699835258,1.0,0.0,2.3810609033828904,0.0,0.9519059999999999,177.69729699835258,1.0,9.0,1.0,1.0
20260727,979,over_scope_amount,mm-ablation:over-limit-payment(L4); demo-attacks:2-out-of-scope,refund_invoice,11831.34,px-557,1,5000.0,3,208.54,1,,1,action out of scope,0,True,True,True,True,,eval,1.0,4.07303393496173,1.0,3.0,3.6989700043360187,-1.366268,1.0,208.53977245893347,1.0,1.0,4.07303393496173,1.0,-1.366268,208.53977245893347,1.0,9.0,1.0,1.0
20260727,980,expired_mandate,demo-attacks:4-expired-mandate,refund_invoice,44.49,acme,0,2000.0,2,-458.07,1,,1,mandate invalid: Signature has expired,1,False,True,True,True,mandate-or-binding-invalid,eval,1.0,1.6482624057480444,0.0,2.0,3.3010299956639813,0.977755,1.0,-458.07039615378676,1.0,1.0,1.6482624057480444,0.0,0.977755,-458.07039615378676,1.0,9.0,1.0,1.0
20260727,981,clean,"baseline (happy path, demo aaa_demo.py M1)",update_ledger,1329.87,acme,0,2000.0,2,124.91,1,,0,,0,True,True,True,True,,eval,3.0,3.1238091890557573,0.0,2.0,3.3010299956639813,0.33506500000000006,1.0,124.90644773589592,1.0,3.0,3.1238091890557573,0.0,0.33506500000000006,124.90644773589592,1.0,9.0,1.0,1.0
20260727,982,clean,"baseline (happy path, demo aaa_demo.py M1)",update_ledger,286.23,globex,0,20000.0,2,130.93,1,,0,,0,True,True,True,True,,train,3.0,2.4567151505685927,0.0,2.0,4.301029995663981,0.9856885,1.0,130.92613950181178,1.0,3.0,2.4567151505685927,0.0,0.9856885,130.92613950181178,1.0,9.0,1.0,1.0
20260727,983,method_not_allowed,mm-ablation:prompt-injected-wire-transfer(L4),wire_transfer,45.12,initech,0,500.0,3,310.94,1,,1,action out of scope,0,True,True,True,True,,train,2.0,1.654369090975286,0.0,3.0,2.6989700043360187,0.90976,0.0,310.93931414502197,1.0,2.0,1.654369090975286,0.0,0.90976,310.93931414502197,1.0,9.0,1.0,1.0
20260727,984,outcome_mutation,eatf-vec:tampered-canonical-bin (content mutated after sealing),refund_invoice,893.59,globex,0,2000.0,2,71.42,1,outcome:amount_eur,0,,1,True,False,True,True,content-mutated,train,1.0,2.9511383000257267,0.0,2.0,3.3010299956639813,0.553205,1.0,71.42297487413384,1.0,1.0,2.9511383000257267,0.0,0.553205,71.42297487413384,1.0,9.0,1.0,1.0
20260727,985,outcome_mutation,eatf-vec:tampered-canonical-bin (content mutated after sealing),wire_transfer,248.77,umbrella,0,500.0,3,374.96,1,outcome:amount_eur,0,,1,True,False,True,True,content-mutated,train,2.0,2.3957980061633926,0.0,3.0,2.6989700043360187,0.50246,1.0,374.9627064829374,1.0,2.0,2.3957980061633926,0.0,0.50246,374.9627064829374,1.0,9.0,1.0,1.0
20260727,986,forged_credential_sig,mm-ablation:forged-altered-credential(L1); eatf-vec:bad-signature-classical,wire_transfer,22.53,globex,0,2000.0,1,255.47,1,,1,mandate invalid: Signature verification failed,1,False,True,True,True,mandate-or-binding-invalid,eval,2.0,1.352761191723831,0.0,1.0,3.3010299956639813,0.988735,1.0,255.4732746900171,1.0,2.0,1.352761191723831,0.0,0.988735,255.4732746900171,1.0,9.0,1.0,1.0
20260727,987,clean,"baseline (happy path, demo aaa_demo.py M1)",refund_invoice,590.86,acme,0,2000.0,2,571.83,1,,0,,0,True,True,True,True,,train,1.0,2.77148459013658,0.0,2.0,3.3010299956639813,0.7045699999999999,1.0,571.8324293746169,1.0,1.0,2.77148459013658,0.0,0.7045699999999999,571.8324293746169,1.0,9.0,1.0,1.0
20260727,988,clean,"baseline (happy path, demo aaa_demo.py M1)",pay_invoice,2039.98,umbrella,0,5000.0,1,370.63,1,,0,,0,True,True,True,True,,train,0.0,3.309625909615989,0.0,1.0,3.6989700043360187,0.592004,1.0,370.63325163601394,1.0,0.0,3.309625909615989,0.0,0.592004,370.63325163601394,1.0,9.0,1.0,1.0
20260727,989,clean,"baseline (happy path, demo aaa_demo.py M1)",wire_transfer,1207.04,umbrella,0,20000.0,3,240.03,1,,0,,0,True,True,True,True,,eval,2.0,3.081721662385197,0.0,3.0,4.301029995663981,0.9396479999999999,1.0,240.03270711140956,1.0,2.0,3.081721662385197,0.0,0.9396479999999999,240.03270711140956,1.0,9.0,1.0,1.0
20260727,990,clean,"baseline (happy path, demo aaa_demo.py M1)",refund_invoice,4258.76,globex,0,5000.0,2,218.8,1,,0,,0,True,True,True,True,,eval,1.0,3.6292831663445795,0.0,2.0,3.6989700043360187,0.14824799999999996,1.0,218.80354743633055,1.0,1.0,3.6292831663445795,0.0,0.14824799999999996,218.80354743633055,1.0,9.0,1.0,1.0
20260727,991,method_not_allowed,mm-ablation:prompt-injected-wire-transfer(L4),wire_transfer,2420.41,acme,0,5000.0,3,182.08,1,,1,action out of scope,0,True,True,True,True,,eval,2.0,3.3838889385654007,0.0,3.0,3.6989700043360187,0.515918,0.0,182.07994537103357,1.0,2.0,3.3838889385654007,0.0,0.515918,182.07994537103357,1.0,9.0,1.0,1.0
20260727,992,clean,"baseline (happy path, demo aaa_demo.py M1)",wire_transfer,1796.67,acme,0,20000.0,2,229.68,1,,0,,0,True,True,True,True,,train,2.0,3.2544683162074826,0.0,2.0,4.301029995663981,0.9101665000000001,1.0,229.6753137961956,1.0,2.0,3.2544683162074826,0.0,0.9101665000000001,229.6753137961956,1.0,9.0,1.0,1.0
20260727,993,wrong_holder_key,demo-attacks:5-wrong-holder-key,pay_invoice,26.15,globex,0,500.0,1,266.56,1,,1,mandate invalid: Signature verification failed,1,False,True,True,True,mandate-or-binding-invalid,train,0.0,1.417471693203293,0.0,1.0,2.6989700043360187,0.9477000000000001,1.0,266.55611253192933,1.0,0.0,1.417471693203293,0.0,0.9477000000000001,266.55611253192933,1.0,9.0,1.0,1.0
20260727,994,clean,"baseline (happy path, demo aaa_demo.py M1)",refund_invoice,493.41,umbrella,0,2000.0,2,426.16,1,,0,,0,True,True,True,True,,train,1.0,2.6932079471415755,0.0,2.0,3.3010299956639813,0.7532949999999999,1.0,426.1636585752237,1.0,1.0,2.6932079471415755,0.0,0.7532949999999999,426.1636585752237,1.0,9.0,1.0,1.0
20260727,995,clean,"baseline (happy path, demo aaa_demo.py M1)",refund_invoice,108.18,acme,0,5000.0,1,360.08,1,,0,,0,True,True,True,True,,eval,1.0,2.0341469771060456,0.0,1.0,3.6989700043360187,0.9783639999999999,1.0,360.08306431961154,1.0,1.0,2.0341469771060456,0.0,0.9783639999999999,360.08306431961154,1.0,9.0,1.0,1.0
20260727,996,clean,"baseline (happy path, demo aaa_demo.py M1)",refund_invoice,72.74,px-289,1,5000.0,3,522.01,1,,0,,0,True,True,True,True,,eval,1.0,1.861773296718693,1.0,3.0,3.6989700043360187,0.985452,1.0,522.0118738461554,1.0,1.0,1.861773296718693,1.0,0.985452,522.0118738461554,1.0,9.0,1.0,1.0
20260727,997,clean,"baseline (happy path, demo aaa_demo.py M1)",wire_transfer,208.86,globex,0,20000.0,3,541.46,1,,0,,0,True,True,True,True,,train,2.0,2.319855273667932,0.0,3.0,4.301029995663981,0.989557,1.0,541.4628431327451,1.0,2.0,2.319855273667932,0.0,0.989557,541.4628431327451,1.0,9.0,1.0,1.0
20260727,998,over_scope_amount,mm-ablation:over-limit-payment(L4); demo-attacks:2-out-of-scope,refund_invoice,2255.16,acme,0,2000.0,3,64.01,1,,1,action out of scope,0,True,True,True,True,,eval,1.0,3.3531773598069043,0.0,3.0,3.3010299956639813,-0.12757999999999992,1.0,64.00709149853645,1.0,1.0,3.3531773598069043,0.0,-0.12757999999999992,64.00709149853645,1.0,9.0,1.0,1.0
20260727,999,payee_swap_action_hash,mm-ablation:payee-swapped-after-approval(L4); demo-attacks:1-action-hash-mismatch; demo-m2:confused-deputy,wire_transfer,69.33,px-684,1,500.0,3,156.08,1,,1,action_hash mismatch,1,False,True,True,True,mandate-or-binding-invalid,eval,2.0,1.8409212001987718,1.0,3.0,2.6989700043360187,0.86134,1.0,156.08394378921952,1.0,2.0,1.8409212001987718,1.0,0.86134,156.08394378921952,1.0,9.0,1.0,1.0
